Aluplast|0|fijo-1|1200|1000|1|4.400000|0.000000|0.950400|364.672000|1349.568000|343.200000|105.600000|1280.000000|0.000000|77.140800|270.000000|5440.180800|9379.622069|9379.622069|3939.441269|2063.516855|2|2.770000|fixed:1200x1000:0.95040:0.00000
Aluplast|0|fijo-1|1800|1400|7|6.400000|0.000000|2.150400|530.432000|3053.568000|499.200000|153.600000|1280.000000|0.000000|161.280000|567.000000|7895.080000|13612.206897|95285.448276|40019.888276|20962.798621|18|14.610000|fixed:1800x1400:2.15040:0.00000
Aluplast|0|fijo-1|3000|2200|23|10.400000|0.000000|5.990400|861.952000|8506.368000|811.200000|249.600000|1280.000000|0.000000|421.574400|1485.000000|15265.694400|26320.162759|605363.743448|254252.772248|133180.023559|92|54.740000|fixed:3000x2200:5.99040:0.00000
Aluplast|0|corr-1|1200|1000|1|4.400000|4.336000|0.919296|728.896000|1305.400320|681.408000|209.664000|1390.000000|0.000000|91.543334|270.000000|6326.911654|10908.468370|10908.468370|4581.556715|2399.863041|3|4.283000|sliding:1184x984:0.91930:4.33600
Aluplast|0|corr-1|1800|1400|7|6.400000|6.336000|2.103296|1062.656000|2986.680320|993.408000|305.664000|1390.000000|0.000000|182.220134|567.000000|9137.628454|15754.531818|110281.722726|46318.323545|24261.979000|27|22.811000|sliding:1784x1384:2.10330:6.33600
Aluplast|0|corr-1|3000|2200|23|10.400000|10.336000|5.911296|1730.176000|8394.040320|1617.408000|497.664000|1390.000000|0.000000|455.589734|1485.000000|17219.878054|29689.444921|682857.233192|286800.037941|150228.591302|138|85.054000|sliding:2984x2184:5.91130:10.33600
Aluplast|0|corr-2-moviles|1200|1000|1|5.400000|6.344000|0.832896|980.448000|1182.712320|916.032000|281.856000|1500.000000|0.000000|97.342214|270.000000|6878.390534|11859.294025|11859.294025|4980.903490|2609.044685|6|16.637000|sliding:602x984:0.41645:3.17200,sliding:602x984:0.41645:3.17200
Aluplast|0|corr-2-moviles|1800|1400|7|7.800000|9.144000|1.976896|1414.560000|2807.192320|1321.632000|406.656000|1500.000000|0.000000|189.978854|567.000000|9857.019174|16994.860646|118964.024519|49964.890298|26172.085394|35|19.824000|sliding:902x1384:0.98845:4.57200,sliding:902x1384:0.98845:4.57200
Aluplast|0|corr-2-moviles|3000|2200|23|12.600000|14.744000|5.704896|2282.784000|8100.952320|2132.832000|656.256000|1500.000000|0.000000|467.268134|1485.000000|18275.092454|31508.780094|724701.942157|304374.815706|159434.427275|212|260.221000|sliding:1502x2184:2.85245:7.37200,sliding:1502x2184:2.85245:7.37200
Aluplast|0|corr-2-fija-movil|1200|1000|1|5.400000|6.344000|0.832896|980.448000|1182.712320|916.032000|281.856000|1390.000000|0.000000|97.342214|270.000000|6768.390534|11669.638852|11669.638852|4901.248318|2567.320548|6|16.637000|sliding-fixed:602x984:0.41645:3.17200,sliding:602x984:0.41645:3.17200
Aluplast|0|corr-2-fija-movil|1800|1400|7|7.800000|9.144000|1.976896|1414.560000|2807.192320|1321.632000|406.656000|1390.000000|0.000000|189.978854|567.000000|9747.019174|16805.205473|117636.438312|49407.304091|25880.016429|35|19.824000|sliding-fixed:902x1384:0.98845:4.57200,sliding:902x1384:0.98845:4.57200
Aluplast|0|corr-2-fija-movil|3000|2200|23|12.600000|14.744000|5.704896|2282.784000|8100.952320|2132.832000|656.256000|1390.000000|0.000000|467.268134|1485.000000|18165.092454|31319.124921|720339.873192|302542.746741|158474.772102|212|260.221000|sliding-fixed:1502x2184:2.85245:7.37200,sliding:1502x2184:2.85245:7.37200
Aluplast|0|corr-3|1200|1000|1|6.400000|8.352000|0.746496|1232.000000|1060.024320|1150.656000|354.048000|1390.000000|0.000000|103.141094|270.000000|7209.869414|12430.809335|12430.809335|5220.939921|2734.778054|6|11.576000|sliding-fixed:402x984:0.24365:2.77200,sliding:420x984:0.25920:2.80800,sliding-fixed:402x984:0.24365:2.77200
Aluplast|0|corr-3|1800|1400|7|9.200000|11.952000|1.850496|1766.464000|2627.704320|1649.856000|507.648000|1390.000000|0.000000|197.737574|567.000000|10356.409894|17855.879128|124991.153898|52496.284637|27498.053858|45|28.447000|sliding-fixed:602x1384:0.60925:3.97200,sliding:620x1384:0.63200:4.00800,sliding-fixed:602x1384:0.60925:3.97200
Aluplast|0|corr-3|3000|2200|23|14.800000|19.152000|5.498496|2835.392000|7807.864320|2648.256000|814.848000|1390.000000|0.000000|478.946534|1485.000000|19110.306854|32948.804921|757822.513192|318285.455541|166720.952902|235|139.333000|sliding-fixed:1002x2184:1.82045:6.37200,sliding:1020x2184:1.85760:6.40800,sliding-fixed:1002x2184:1.82045:6.37200
Aluplast|0|corr-4|1200|1000|1|7.400000|10.360000|0.660096|1483.552000|937.336320|1385.280000|426.240000|1720.000000|0.000000|108.939974|270.000000|7981.348294|13760.945335|13760.945335|5779.597041|3027.407974|6|6.515000|sliding:302x984:0.15725:2.57200,sliding:320x984:0.17280:2.60800,sliding:320x984:0.17280:2.60800,sliding:302x984:0.15725:2.57200
Aluplast|0|corr-4|1800|1400|7|10.600000|14.760000|1.724096|2118.368000|2448.216320|1978.080000|608.640000|1720.000000|0.000000|205.496294|567.000000|11295.800614|19475.518301|136328.628105|57258.023804|29992.298183|53|25.460000|sliding:452x1384:0.41965:3.67200,sliding:470x1384:0.44240:3.70800,sliding:470x1384:0.44240:3.70800,sliding:452x1384:0.41965:3.67200
Aluplast|0|corr-4|3000|2200|23|17.000000|23.560000|5.292096|3388.000000|7514.776320|3163.680000|973.440000|1720.000000|0.000000|490.624934|1485.000000|20385.521254|35147.450439|808391.360088|339524.371237|177846.099219|293|221.620000|sliding:752x2184:1.30445:5.87200,sliding:770x2184:1.34160:5.90800,sliding:770x2184:1.34160:5.90800,sliding:752x2184:1.30445:5.87200
Aluplast|0|abatible|1200|1000|1|4.400000|4.400000|0.950400|734.272000|1349.568000|686.400000|211.200000|1390.000000|0.000000|93.772800|270.000000|6385.212800|11008.987586|11008.987586|4623.774786|2421.977269|3|4.155000|casement-out:1200x1000:0.95040:4.40000
Aluplast|0|abatible|1800|1400|7|6.400000|6.400000|2.150400|1068.032000|3053.568000|998.400000|307.200000|1390.000000|0.000000|185.472000|567.000000|9219.672000|15895.986207|111271.903448|46734.199448|24479.818759|27|21.915000|casement-out:1800x1400:2.15040:6.40000
Aluplast|0|abatible|3000|2200|23|10.400000|10.400000|5.990400|1735.552000|8506.368000|1622.400000|499.200000|1390.000000|0.000000|460.886400|1485.000000|17349.406400|29912.769655|687993.702069|288957.354869|151358.614455|138|82.110000|casement-out:3000x2200:5.99040:10.40000
Aluplast|0|oscilo|1200|1000|1|4.400000|4.400000|0.950400|734.272000|1349.568000|686.400000|211.200000|1390.000000|0.000000|93.772800|270.000000|6385.212800|11008.987586|11008.987586|4623.774786|2421.977269|3|4.155000|tilt-turn:1200x1000:0.95040:4.40000
Aluplast|0|oscilo|1800|1400|7|6.400000|6.400000|2.150400|1068.032000|3053.568000|998.400000|307.200000|1390.000000|0.000000|185.472000|567.000000|9219.672000|15895.986207|111271.903448|46734.199448|24479.818759|27|21.915000|tilt-turn:1800x1400:2.15040:6.40000
Aluplast|0|oscilo|3000|2200|23|10.400000|10.400000|5.990400|1735.552000|8506.368000|1622.400000|499.200000|1390.000000|0.000000|460.886400|1485.000000|17349.406400|29912.769655|687993.702069|288957.354869|151358.614455|138|82.110000|tilt-turn:3000x2200:5.99040:10.40000
Aluplast|0|proyectante|1200|1000|1|4.400000|4.400000|0.950400|734.272000|1349.568000|686.400000|211.200000|1390.000000|0.000000|93.772800|270.000000|6385.212800|11008.987586|11008.987586|4623.774786|2421.977269|3|4.155000|project:1200x1000:0.95040:4.40000
Aluplast|0|proyectante|1800|1400|7|6.400000|6.400000|2.150400|1068.032000|3053.568000|998.400000|307.200000|1390.000000|0.000000|185.472000|567.000000|9219.672000|15895.986207|111271.903448|46734.199448|24479.818759|27|21.915000|project:1800x1400:2.15040:6.40000
Aluplast|0|proyectante|3000|2200|23|10.400000|10.400000|5.990400|1735.552000|8506.368000|1622.400000|499.200000|1390.000000|0.000000|460.886400|1485.000000|17349.406400|29912.769655|687993.702069|288957.354869|151358.614455|138|82.110000|project:3000x2200:5.99040:10.40000
Aluplast|0|puerta-1|1200|1000|1|4.400000|4.400000|0.950400|734.272000|1349.568000|686.400000|211.200000|1390.000000|0.000000|93.772800|270.000000|6385.212800|11008.987586|11008.987586|4623.774786|2421.977269|3|4.155000|door:1200x1000:0.95040:4.40000
Aluplast|0|puerta-1|1800|1400|7|6.400000|6.400000|2.150400|1068.032000|3053.568000|998.400000|307.200000|1390.000000|0.000000|185.472000|567.000000|9219.672000|15895.986207|111271.903448|46734.199448|24479.818759|27|21.915000|door:1800x1400:2.15040:6.40000
Aluplast|0|puerta-1|3000|2200|23|10.400000|10.400000|5.990400|1735.552000|8506.368000|1622.400000|499.200000|1390.000000|0.000000|460.886400|1485.000000|17349.406400|29912.769655|687993.702069|288957.354869|151358.614455|138|82.110000|door:3000x2200:5.99040:10.40000
Aluplast|0|puerta-2|1200|1000|1|5.400000|6.400000|0.844800|985.152000|1199.616000|920.400000|283.200000|1500.000000|0.000000|98.314560|270.000000|6906.682560|11908.073379|11908.073379|5001.390819|2619.776143|6|16.525000|door:600x1000:0.42240:3.20000,door:600x1000:0.42240:3.20000
Aluplast|0|puerta-2|1800|1400|7|7.800000|9.200000|1.996800|1419.264000|2835.456000|1326.000000|408.000000|1500.000000|0.000000|191.462400|567.000000|9897.182400|17064.107586|119448.753103|50168.476303|26278.725683|35|19.040000|door:900x1400:0.99840:4.60000,door:900x1400:0.99840:4.60000
Aluplast|0|puerta-2|3000|2200|23|12.600000|14.800000|5.740800|2287.488000|8151.936000|2137.200000|657.600000|1500.000000|0.000000|469.774080|1485.000000|18338.998080|31618.962207|727236.130759|305439.174919|159991.948767|212|257.645000|door:1500x2200:2.87040:7.40000,door:1500x2200:2.87040:7.40000
Aluplast|0|combinado-fijo-corr|1200|1000|1|6.250000|4.976000|0.751608|935.984000|1067.283360|875.628000|269.424000|1500.000000|0.000000|90.147031|270.000000|6658.466391|11480.114468|11480.114468|4821.648076|2525.625183|5|9.593000|fixed:1200x350:0.24840:0.00000,sliding:602x642:0.25160:2.48800,sliding:602x642:0.25160:2.48800
Aluplast|0|combinado-fijo-corr|1800|1400|7|9.110000|7.216000|1.844648|1361.180800|2619.400160|1273.428000|391.824000|1500.000000|0.000000|179.126143|567.000000|9541.959103|16451.653626|115161.575383|48367.861661|25335.546584|39|28.631000|fixed:1800x489.99999999999994:0.62160:0.00000,sliding:902x902:0.61152:3.60800,sliding:902x902:0.61152:3.60800
Aluplast|0|combinado-fijo-corr|3000|2200|23|14.830000|11.696000|5.470728|2211.574400|7768.433760|2069.028000|636.624000|1500.000000|0.000000|449.100367|1485.000000|17769.760527|30637.518150|704662.917458|295958.425332|155025.841841|208|151.924000|fixed:3000x770:1.87200:0.00000,sliding:1502x1422:1.79936:5.84800,sliding:1502x1422:1.79936:5.84800
Aluplast|1|fijo-1|1200|1000|1|4.400000|0.000000|0.950400|453.376000|1349.568000|343.200000|105.600000|1180.000000|0.000000|81.132480|270.000000|5432.876480|9367.028414|9367.028414|3934.151934|2060.746251|2|2.770000|fixed:1200x1000:0.95040:0.00000
Aluplast|1|fijo-1|1800|1400|7|6.400000|0.000000|2.150400|659.456000|3053.568000|499.200000|153.600000|1180.000000|0.000000|167.086080|567.000000|7929.910080|13672.258759|95705.811310|40196.440750|21055.278488|18|14.610000|fixed:1800x1400:2.15040:0.00000
Aluplast|1|fijo-1|3000|2200|23|10.400000|0.000000|5.990400|1071.616000|8506.368000|811.200000|249.600000|1180.000000|0.000000|431.009280|1485.000000|15384.793280|26525.505655|610086.630069|256236.384629|134219.058615|92|54.740000|fixed:3000x2200:5.99040:0.00000
Aluplast|1|corr-1|1200|1000|1|4.400000|4.336000|0.919296|783.605760|1305.400320|681.408000|209.664000|1290.000000|0.000000|94.005274|270.000000|6284.083354|10834.626472|10834.626472|4550.543118|2383.617824|3|4.283000|sliding:1184x984:0.91930:4.33600
Aluplast|1|corr-1|1800|1400|7|6.400000|6.336000|2.103296|1142.005760|2986.680320|993.408000|305.664000|1290.000000|0.000000|185.790874|567.000000|9120.548954|15725.084403|110075.590819|46231.748144|24216.629980|27|22.811000|sliding:1784x1384:2.10330:6.33600
Aluplast|1|corr-1|3000|2200|23|10.400000|10.336000|5.911296|1858.805760|8394.040320|1617.408000|497.664000|1290.000000|0.000000|461.378074|1485.000000|17254.296154|29748.786472|684222.088850|287373.277317|150528.859547|138|85.054000|sliding:2984x2184:5.91130:10.33600
Aluplast|1|corr-2-moviles|1200|1000|1|5.400000|6.344000|0.832896|1039.575040|1182.712320|916.032000|281.856000|1400.000000|0.000000|100.002931|270.000000|6840.178291|11793.410847|11793.410847|4953.232556|2594.550386|6|16.637000|sliding:602x984:0.41645:3.17200,sliding:602x984:0.41645:3.17200
Aluplast|1|corr-2-moviles|1800|1400|7|7.800000|9.144000|1.976896|1500.119040|2807.192320|1321.632000|406.656000|1400.000000|0.000000|193.829011|567.000000|9846.428371|16976.600640|118836.204480|49911.205882|26143.964986|35|19.824000|sliding:902x1384:0.98845:4.57200,sliding:902x1384:0.98845:4.57200
Aluplast|1|corr-2-moviles|3000|2200|23|12.600000|14.744000|5.704896|2421.207040|8100.952320|2132.832000|656.256000|1400.000000|0.000000|473.497171|1485.000000|18319.744531|31585.766433|726472.627961|305118.503744|159823.978152|212|260.221000|sliding:1502x2184:2.85245:7.37200,sliding:1502x2184:2.85245:7.37200
Aluplast|1|corr-2-fija-movil|1200|1000|1|5.400000|6.344000|0.832896|1039.575040|1182.712320|916.032000|281.856000|1290.000000|0.000000|100.002931|270.000000|6730.178291|11603.755674|11603.755674|4873.577383|2552.826248|6|16.637000|sliding-fixed:602x984:0.41645:3.17200,sliding:602x984:0.41645:3.17200
Aluplast|1|corr-2-fija-movil|1800|1400|7|7.800000|9.144000|1.976896|1500.119040|2807.192320|1321.632000|406.656000|1290.000000|0.000000|193.829011|567.000000|9736.428371|16786.945468|117508.618273|49353.619675|25851.896020|35|19.824000|sliding-fixed:902x1384:0.98845:4.57200,sliding:902x1384:0.98845:4.57200
Aluplast|1|corr-2-fija-movil|3000|2200|23|12.600000|14.744000|5.704896|2421.207040|8100.952320|2132.832000|656.256000|1290.000000|0.000000|473.497171|1485.000000|18209.744531|31396.111261|722110.558996|303286.434778|158864.322979|212|260.221000|sliding-fixed:1502x2184:2.85245:7.37200,sliding:1502x2184:2.85245:7.37200
Aluplast|1|corr-3|1200|1000|1|6.400000|8.352000|0.746496|1295.544320|1060.024320|1150.656000|354.048000|1290.000000|0.000000|106.000589|270.000000|7176.273229|12372.884877|12372.884877|5196.611648|2722.034673|6|11.576000|sliding-fixed:402x984:0.24365:2.77200,sliding:420x984:0.25920:2.80800,sliding-fixed:402x984:0.24365:2.77200
Aluplast|1|corr-3|1800|1400|7|9.200000|11.952000|1.850496|1858.232320|2627.704320|1649.856000|507.648000|1290.000000|0.000000|201.867149|567.000000|10352.307789|17848.806532|124941.645727|52475.491205|27487.162060|45|28.447000|sliding-fixed:602x1384:0.60925:3.97200,sliding:620x1384:0.63200:4.00800,sliding-fixed:602x1384:0.60925:3.97200
Aluplast|1|corr-3|3000|2200|23|14.800000|19.152000|5.498496|2983.608320|7807.864320|2648.256000|814.848000|1290.000000|0.000000|485.616269|1485.000000|19165.192909|33043.436050|759999.029142|319199.592240|167199.786411|235|139.333000|sliding-fixed:1002x2184:1.82045:6.37200,sliding:1020x2184:1.85760:6.40800,sliding-fixed:1002x2184:1.82045:6.37200
Aluplast|1|corr-4|1200|1000|1|7.400000|10.360000|0.660096|1551.513600|937.336320|1385.280000|426.240000|1620.000000|0.000000|111.998246|270.000000|7952.368166|13710.979597|13710.979597|5758.611431|3016.415511|6|6.515000|sliding:302x984:0.15725:2.57200,sliding:320x984:0.17280:2.60800,sliding:320x984:0.17280:2.60800,sliding:302x984:0.15725:2.57200
Aluplast|1|corr-4|1800|1400|7|10.600000|14.760000|1.724096|2216.345600|2448.216320|1978.080000|608.640000|1620.000000|0.000000|209.905286|567.000000|11298.187206|19479.633114|136357.431801|57270.121357|29998.634996|53|25.460000|sliding:452x1384:0.41965:3.67200,sliding:470x1384:0.44240:3.70800,sliding:470x1384:0.44240:3.70800,sliding:452x1384:0.41965:3.67200
Aluplast|1|corr-4|3000|2200|23|17.000000|23.560000|5.292096|3546.009600|7514.776320|3163.680000|973.440000|1620.000000|0.000000|497.735366|1485.000000|20450.641286|35259.726356|810973.706185|340608.956598|178414.215361|293|221.620000|sliding:752x2184:1.30445:5.87200,sliding:770x2184:1.34160:5.90800,sliding:770x2184:1.34160:5.90800,sliding:752x2184:1.30445:5.87200
Aluplast|1|abatible|1200|1000|1|4.400000|4.400000|0.950400|788.480000|1349.568000|686.400000|211.200000|1290.000000|0.000000|96.212160|270.000000|6341.860160|10934.241655|10934.241655|4592.381495|2405.533164|3|4.155000|casement-out:1200x1000:0.95040:4.40000
Aluplast|1|abatible|1800|1400|7|6.400000|6.400000|2.150400|1146.880000|3053.568000|998.400000|307.200000|1290.000000|0.000000|189.020160|567.000000|9202.068160|15865.634759|111059.443310|46644.966190|24433.077528|27|21.915000|casement-out:1800x1400:2.15040:6.40000
Aluplast|1|abatible|3000|2200|23|10.400000|10.400000|5.990400|1863.680000|8506.368000|1622.400000|499.200000|1290.000000|0.000000|466.652160|1485.000000|17383.300160|29971.207172|689337.764966|289521.861286|151654.308292|138|82.110000|casement-out:3000x2200:5.99040:10.40000
Aluplast|1|oscilo|1200|1000|1|4.400000|4.400000|0.950400|788.480000|1349.568000|686.400000|211.200000|1290.000000|0.000000|96.212160|270.000000|6341.860160|10934.241655|10934.241655|4592.381495|2405.533164|3|4.155000|tilt-turn:1200x1000:0.95040:4.40000
Aluplast|1|oscilo|1800|1400|7|6.400000|6.400000|2.150400|1146.880000|3053.568000|998.400000|307.200000|1290.000000|0.000000|189.020160|567.000000|9202.068160|15865.634759|111059.443310|46644.966190|24433.077528|27|21.915000|tilt-turn:1800x1400:2.15040:6.40000
Aluplast|1|oscilo|3000|2200|23|10.400000|10.400000|5.990400|1863.680000|8506.368000|1622.400000|499.200000|1290.000000|0.000000|466.652160|1485.000000|17383.300160|29971.207172|689337.764966|289521.861286|151654.308292|138|82.110000|tilt-turn:3000x2200:5.99040:10.40000
Aluplast|1|proyectante|1200|1000|1|4.400000|4.400000|0.950400|788.480000|1349.568000|686.400000|211.200000|1290.000000|0.000000|96.212160|270.000000|6341.860160|10934.241655|10934.241655|4592.381495|2405.533164|3|4.155000|project:1200x1000:0.95040:4.40000
Aluplast|1|proyectante|1800|1400|7|6.400000|6.400000|2.150400|1146.880000|3053.568000|998.400000|307.200000|1290.000000|0.000000|189.020160|567.000000|9202.068160|15865.634759|111059.443310|46644.966190|24433.077528|27|21.915000|project:1800x1400:2.15040:6.40000
Aluplast|1|proyectante|3000|2200|23|10.400000|10.400000|5.990400|1863.680000|8506.368000|1622.400000|499.200000|1290.000000|0.000000|466.652160|1485.000000|17383.300160|29971.207172|689337.764966|289521.861286|151654.308292|138|82.110000|project:3000x2200:5.99040:10.40000
Aluplast|1|puerta-1|1200|1000|1|4.400000|4.400000|0.950400|788.480000|1349.568000|686.400000|211.200000|1290.000000|0.000000|96.212160|270.000000|6341.860160|10934.241655|10934.241655|4592.381495|2405.533164|3|4.155000|door:1200x1000:0.95040:4.40000
Aluplast|1|puerta-1|1800|1400|7|6.400000|6.400000|2.150400|1146.880000|3053.568000|998.400000|307.200000|1290.000000|0.000000|189.020160|567.000000|9202.068160|15865.634759|111059.443310|46644.966190|24433.077528|27|21.915000|door:1800x1400:2.15040:6.40000
Aluplast|1|puerta-1|3000|2200|23|10.400000|10.400000|5.990400|1863.680000|8506.368000|1622.400000|499.200000|1290.000000|0.000000|466.652160|1485.000000|17383.300160|29971.207172|689337.764966|289521.861286|151654.308292|138|82.110000|door:3000x2200:5.99040:10.40000
Aluplast|1|puerta-2|1200|1000|1|5.400000|6.400000|0.844800|1043.840000|1199.616000|920.400000|283.200000|1400.000000|0.000000|100.955520|270.000000|6868.011520|11841.399172|11841.399172|4973.387652|2605.107818|6|16.525000|door:600x1000:0.42240:3.20000,door:600x1000:0.42240:3.20000
Aluplast|1|puerta-2|1800|1400|7|7.800000|9.200000|1.996800|1504.384000|2835.456000|1326.000000|408.000000|1400.000000|0.000000|195.292800|567.000000|9886.132800|17045.056552|119315.395862|50112.466262|26249.387090|35|19.040000|door:900x1400:0.99840:4.60000,door:900x1400:0.99840:4.60000
Aluplast|1|puerta-2|3000|2200|23|12.600000|14.800000|5.740800|2425.472000|8151.936000|2137.200000|657.600000|1400.000000|0.000000|475.983360|1485.000000|18383.191360|31695.157517|728988.622897|306175.221617|160377.497037|212|257.645000|door:1500x2200:2.87040:7.40000,door:1500x2200:2.87040:7.40000
Aluplast|1|combinado-fijo-corr|1200|1000|1|6.250000|4.976000|0.751608|1022.972160|1067.283360|875.628000|269.424000|1400.000000|0.000000|94.061498|270.000000|6649.369018|11464.429342|11464.429342|4815.060324|2522.174455|5|9.593000|fixed:1200x350:0.24840:0.00000,sliding:602x642:0.25160:2.48800,sliding:602x642:0.25160:2.48800
Aluplast|1|combinado-fijo-corr|1800|1400|7|9.110000|7.216000|1.844648|1488.264960|2619.400160|1273.428000|391.824000|1400.000000|0.000000|184.844930|567.000000|9574.762050|16508.210432|115557.473022|48534.138669|25422.644065|39|28.631000|fixed:1800x489.99999999999994:0.62160:0.00000,sliding:902x902:0.61152:3.60800,sliding:902x902:0.61152:3.60800
Aluplast|1|combinado-fijo-corr|3000|2200|23|14.830000|11.696000|5.470728|2418.850560|7768.433760|2069.028000|636.624000|1400.000000|0.000000|458.427794|1485.000000|17886.364114|30838.558818|709286.852812|297900.478181|156043.107619|208|151.924000|fixed:3000x770:1.87200:0.00000,sliding:1502x1422:1.79936:5.84800,sliding:1502x1422:1.79936:5.84800
Aluplast|2|fijo-1|1200|1000|1|4.400000|0.000000|1.134900|478.016000|1611.558000|343.200000|105.600000|1630.000000|0.000000|94.030830|270.000000|6182.404830|10659.318672|10659.318672|4476.913842|2345.050108|2|2.770000|fixed:1200x1000:1.13490:0.00000
Aluplast|2|fijo-1|1800|1400|7|6.400000|0.000000|2.424900|695.296000|3443.358000|499.200000|153.600000|1630.000000|0.000000|186.239430|567.000000|8824.693430|15214.988672|106504.920707|44732.066697|23431.082556|18|14.610000|fixed:1800x1400:2.42490:0.00000
Aluplast|2|fijo-1|3000|2200|23|10.400000|0.000000|6.444900|1129.856000|9151.758000|811.200000|249.600000|1630.000000|0.000000|462.672630|1485.000000|16570.086630|28569.114879|657089.642224|275977.649734|144559.721289|92|54.740000|fixed:3000x2200:6.44490:0.00000
Aluplast|2|corr-1|1200|1000|1|4.400000|4.336000|1.100916|987.929600|1563.300720|681.408000|209.664000|1740.000000|0.000000|114.805364|270.000000|7217.107684|12443.289111|12443.289111|5226.181427|2737.523604|3|4.283000|sliding:1184x984:1.10092:4.33600
Aluplast|2|corr-1|1800|1400|7|6.400000|6.336000|2.374916|1440.409600|3372.380720|993.408000|305.664000|1740.000000|0.000000|216.575564|567.000000|10285.437884|17733.513594|124134.595157|52136.529966|27309.610934|27|22.811000|sliding:1784x1384:2.37492:6.33600
Aluplast|2|corr-1|3000|2200|23|10.400000|10.336000|6.362916|2345.369600|9035.340720|1617.408000|497.664000|1740.000000|0.000000|512.131964|1485.000000|18882.914284|32556.748766|748805.221623|314498.193082|164737.148757|138|85.054000|sliding:2984x2184:6.36292:10.33600
Aluplast|2|corr-2-moviles|1200|1000|1|5.400000|6.356000|1.097100|1334.121600|1557.882000|916.968000|282.144000|1850.000000|0.000000|130.140162|270.000000|7991.255762|13778.027176|13778.027176|5786.771414|3031.165979|6|16.613000|sliding:605x984:0.54855:3.17800,sliding:605x984:0.54855:3.17800
Aluplast|2|corr-2-moviles|1800|1400|7|7.800000|9.156000|2.369500|1924.137600|3364.690000|1322.568000|406.944000|1850.000000|0.000000|237.997242|567.000000|11323.336842|19522.994555|136660.961886|57397.603992|30065.411615|35|19.656000|sliding:905x1384:1.18475:4.57800,sliding:905x1384:1.18475:4.57800
Aluplast|2|corr-2-moviles|3000|2200|23|12.600000|14.756000|6.354300|3104.169600|9023.106000|2133.768000|656.544000|1850.000000|0.000000|545.727402|1485.000000|20448.315002|35255.715521|810881.456976|340570.211930|178393.920535|212|259.669000|sliding:1505x2184:3.17715:7.37800,sliding:1505x2184:3.17715:7.37800
Aluplast|2|corr-2-fija-movil|1200|1000|1|5.400000|6.356000|1.097100|1334.121600|1557.882000|916.968000|282.144000|1740.000000|0.000000|130.140162|270.000000|7881.255762|13588.372003|13588.372003|5707.116241|2989.441841|6|16.613000|sliding-fixed:605x984:0.54855:3.17800,sliding:605x984:0.54855:3.17800
Aluplast|2|corr-2-fija-movil|1800|1400|7|7.800000|9.156000|2.369500|1924.137600|3364.690000|1322.568000|406.944000|1740.000000|0.000000|237.997242|567.000000|11213.336842|19333.339383|135333.375679|56840.017785|29773.342649|35|19.656000|sliding-fixed:905x1384:1.18475:4.57800,sliding:905x1384:1.18475:4.57800
Aluplast|2|corr-2-fija-movil|3000|2200|23|12.600000|14.756000|6.354300|3104.169600|9023.106000|2133.768000|656.544000|1740.000000|0.000000|545.727402|1485.000000|20338.315002|35066.060348|806519.388010|338738.142964|177434.265362|212|259.669000|sliding-fixed:1505x2184:3.17715:7.37800,sliding:1505x2184:3.17715:7.37800
Aluplast|2|corr-3|1200|1000|1|6.400000|8.376000|1.093284|1680.313600|1552.463280|1152.528000|354.624000|1740.000000|0.000000|145.474960|270.000000|8545.403840|14733.454896|14733.454896|6188.051056|3241.360077|6|11.528000|sliding-fixed:405x984:0.35775:2.77800,sliding:426x984:0.37778:2.82000,sliding-fixed:405x984:0.35775:2.77800
Aluplast|2|corr-3|1800|1400|7|9.200000|11.976000|2.364084|2407.865600|3356.999280|1651.728000|508.224000|1740.000000|0.000000|259.418920|567.000000|12141.235800|20933.165172|146532.156202|61543.505605|32237.074364|45|28.111000|sliding-fixed:605x1384:0.77855:3.97800,sliding:626x1384:0.80698:4.02000,sliding-fixed:605x1384:0.77855:3.97800
Aluplast|2|corr-3|3000|2200|23|14.800000|19.176000|6.345684|3862.969600|9010.871280|2650.128000|815.424000|1740.000000|0.000000|579.322840|1485.000000|21793.715720|37575.371930|864233.554398|362978.092847|190131.381968|235|138.229000|sliding-fixed:1005x2184:2.10015:6.37800,sliding:1026x2184:2.14538:6.42000,sliding-fixed:1005x2184:2.10015:6.37800
Aluplast|2|corr-4|1200|1000|1|7.400000|10.396000|1.089468|2026.505600|1547.044560|1388.088000|427.104000|2070.000000|0.000000|160.809757|270.000000|9539.551917|16447.503306|16447.503306|6907.951388|3618.450727|6|6.443000|sliding:305x984:0.26235:2.57800,sliding:326x984:0.28238:2.62000,sliding:326x984:0.28238:2.62000,sliding:305x984:0.26235:2.57800
Aluplast|2|corr-4|1800|1400|7|10.600000|14.796000|2.358668|2891.593600|3349.308560|1980.888000|609.504000|2070.000000|0.000000|280.840597|567.000000|13399.134757|23101.956478|161713.695346|67919.752045|35577.012976|53|24.956000|sliding:455x1384:0.57545:3.67800,sliding:476x1384:0.60388:3.72000,sliding:476x1384:0.60388:3.72000,sliding:455x1384:0.57545:3.67800
Aluplast|2|corr-4|3000|2200|23|17.000000|23.596000|6.337068|4621.769600|8998.636560|3166.488000|974.304000|2070.000000|0.000000|612.918277|1485.000000|23579.116437|40653.649030|935033.927682|392714.249626|205707.464090|293|219.964000|sliding:755x2184:1.56165:5.87800,sliding:776x2184:1.60688:5.92000,sliding:776x2184:1.60688:5.92000,sliding:755x2184:1.56165:5.87800
Aluplast|2|abatible|1200|1000|1|4.400000|4.400000|1.134900|995.456000|1611.558000|686.400000|211.200000|1740.000000|0.000000|117.315630|270.000000|7281.929630|12555.051086|12555.051086|5273.121456|2762.111239|3|4.155000|casement-out:1200x1000:1.13490:4.40000
Aluplast|2|abatible|1800|1400|7|6.400000|6.400000|2.424900|1447.936000|3443.358000|998.400000|307.200000|1740.000000|0.000000|220.108230|567.000000|10374.002230|17886.210741|125203.475190|52585.459580|27544.764542|27|21.915000|casement-out:1800x1400:2.42490:6.40000
Aluplast|2|abatible|3000|2200|23|10.400000|10.400000|6.444900|2352.896000|9151.758000|1622.400000|499.200000|1740.000000|0.000000|517.709430|1485.000000|19018.963430|32791.316259|754200.273948|316764.115058|165924.060269|138|82.110000|casement-out:3000x2200:6.44490:10.40000
Aluplast|2|oscilo|1200|1000|1|4.400000|4.400000|1.134900|995.456000|1611.558000|686.400000|211.200000|1740.000000|0.000000|117.315630|270.000000|7281.929630|12555.051086|12555.051086|5273.121456|2762.111239|3|4.155000|tilt-turn:1200x1000:1.13490:4.40000
Aluplast|2|oscilo|1800|1400|7|6.400000|6.400000|2.424900|1447.936000|3443.358000|998.400000|307.200000|1740.000000|0.000000|220.108230|567.000000|10374.002230|17886.210741|125203.475190|52585.459580|27544.764542|27|21.915000|tilt-turn:1800x1400:2.42490:6.40000
Aluplast|2|oscilo|3000|2200|23|10.400000|10.400000|6.444900|2352.896000|9151.758000|1622.400000|499.200000|1740.000000|0.000000|517.709430|1485.000000|19018.963430|32791.316259|754200.273948|316764.115058|165924.060269|138|82.110000|tilt-turn:3000x2200:6.44490:10.40000
Aluplast|2|proyectante|1200|1000|1|4.400000|4.400000|1.134900|995.456000|1611.558000|686.400000|211.200000|1740.000000|0.000000|117.315630|270.000000|7281.929630|12555.051086|12555.051086|5273.121456|2762.111239|3|4.155000|project:1200x1000:1.13490:4.40000
Aluplast|2|proyectante|1800|1400|7|6.400000|6.400000|2.424900|1447.936000|3443.358000|998.400000|307.200000|1740.000000|0.000000|220.108230|567.000000|10374.002230|17886.210741|125203.475190|52585.459580|27544.764542|27|21.915000|project:1800x1400:2.42490:6.40000
Aluplast|2|proyectante|3000|2200|23|10.400000|10.400000|6.444900|2352.896000|9151.758000|1622.400000|499.200000|1740.000000|0.000000|517.709430|1485.000000|19018.963430|32791.316259|754200.273948|316764.115058|165924.060269|138|82.110000|project:3000x2200:6.44490:10.40000
Aluplast|2|puerta-1|1200|1000|1|4.400000|4.400000|1.134900|995.456000|1611.558000|686.400000|211.200000|1740.000000|0.000000|117.315630|270.000000|7281.929630|12555.051086|12555.051086|5273.121456|2762.111239|3|4.155000|door:1200x1000:1.13490:4.40000
Aluplast|2|puerta-1|1800|1400|7|6.400000|6.400000|2.424900|1447.936000|3443.358000|998.400000|307.200000|1740.000000|0.000000|220.108230|567.000000|10374.002230|17886.210741|125203.475190|52585.459580|27544.764542|27|21.915000|door:1800x1400:2.42490:6.40000
Aluplast|2|puerta-1|3000|2200|23|10.400000|10.400000|6.444900|2352.896000|9151.758000|1622.400000|499.200000|1740.000000|0.000000|517.709430|1485.000000|19018.963430|32791.316259|754200.273948|316764.115058|165924.060269|138|82.110000|door:3000x2200:6.44490:10.40000
Aluplast|2|puerta-2|1200|1000|1|5.400000|6.400000|1.105800|1339.296000|1570.236000|920.400000|283.200000|1850.000000|0.000000|130.928940|270.000000|8014.060940|13817.346448|13817.346448|5803.285508|3039.816219|6|16.525000|door:600x1000:0.55290:3.20000,door:600x1000:0.55290:3.20000
Aluplast|2|puerta-2|1800|1400|7|7.800000|9.200000|2.383800|1929.312000|3384.996000|1326.000000|408.000000|1850.000000|0.000000|239.143860|567.000000|11354.451860|19576.641138|137036.487966|57555.324946|30148.027352|35|19.040000|door:900x1400:1.19190:4.60000,door:900x1400:1.19190:4.60000
Aluplast|2|puerta-2|3000|2200|23|12.600000|14.800000|6.379800|3109.344000|9059.316000|2137.200000|657.600000|1850.000000|0.000000|547.589700|1485.000000|20496.049700|35338.016724|812774.384655|341365.241555|178810.364624|212|257.645000|door:1500x2200:3.18990:7.40000,door:1500x2200:3.18990:7.40000
Aluplast|2|combinado-fijo-corr|1200|1000|1|6.250000|4.988000|1.078200|1265.588800|1531.044000|876.564000|269.712000|1850.000000|0.000000|125.848476|270.000000|7838.757276|13515.098752|13515.098752|5676.341476|2973.321725|5|9.569000|fixed:1200x350:0.37440:0.00000,sliding:605x642:0.35190:2.49400,sliding:605x642:0.35190:2.49400
Aluplast|2|combinado-fijo-corr|1800|1400|7|9.110000|7.228000|2.340200|1839.723200|3323.084000|1274.364000|392.112000|1850.000000|0.000000|232.326324|567.000000|11128.609524|19187.257800|134310.804600|56410.537932|29548.377012|39|28.463000|fixed:1800x489.99999999999994:0.81420:0.00000,sliding:905x902:0.76300:3.61400,sliding:905x902:0.76300:3.61400
Aluplast|2|combinado-fijo-corr|3000|2200|23|14.830000|11.708000|6.304200|2987.992000|8951.964000|2069.964000|636.912000|1850.000000|0.000000|537.298020|1485.000000|20169.130020|34774.362103|799810.328379|335920.337919|175958.272243|208|151.372000|fixed:3000x770:2.19780:0.00000,sliding:1505x1422:2.05320:5.85400,sliding:1505x1422:2.05320:5.85400
Aluplast|3|fijo-1|1200|1000|1|4.400000|0.000000|0.950400|413.952000|1349.568000|343.200000|105.600000|2030.000000|0.000000|79.358400|270.000000|6241.678400|10761.514483|10761.514483|4519.836083|2367.533186|2|2.770000|fixed:1200x1000:0.95040:0.00000
Aluplast|3|fijo-1|1800|1400|7|6.400000|0.000000|2.150400|602.112000|3053.568000|499.200000|153.600000|2030.000000|0.000000|164.505600|567.000000|8719.985600|15034.457931|105241.205517|44201.306317|23153.065214|18|14.610000|fixed:1800x1400:2.15040:0.00000
Aluplast|3|fijo-1|3000|2200|23|10.400000|0.000000|5.990400|978.432000|8506.368000|811.200000|249.600000|2030.000000|0.000000|426.816000|1485.000000|16137.416000|27823.131034|639932.013793|268771.445793|140785.043034|92|54.740000|fixed:3000x2200:5.99040:0.00000
Aluplast|3|corr-1|1200|1000|1|4.400000|4.336000|0.919296|1035.560960|1305.400320|681.408000|209.664000|2140.000000|0.000000|105.343258|270.000000|7397.376538|12754.097479|12754.097479|5356.720941|2805.901445|3|4.283000|sliding:1184x984:0.91930:4.33600
Aluplast|3|corr-1|1800|1400|7|6.400000|6.336000|2.103296|1510.440960|2986.680320|993.408000|305.664000|2140.000000|0.000000|202.370458|567.000000|10355.563738|17854.420237|124980.941661|52491.995497|27495.807165|27|22.811000|sliding:1784x1384:2.10330:6.33600
Aluplast|3|corr-1|3000|2200|23|10.400000|10.336000|5.911296|2460.200960|8394.040320|1617.408000|497.664000|2140.000000|0.000000|488.440858|1485.000000|18732.754138|32297.851961|742850.595112|311997.249947|163427.130925|138|85.054000|sliding:2984x2184:5.91130:10.33600
Aluplast|3|corr-2-moviles|1200|1000|1|5.400000|6.304000|0.815616|1411.773440|1158.174720|912.912000|280.896000|2250.000000|0.000000|115.647667|270.000000|8049.403827|13878.282461|13878.282461|5828.878633|3053.222141|6|16.717000|sliding:592x984:0.40781:3.15200,sliding:592x984:0.40781:3.15200
Aluplast|3|corr-2-moviles|1800|1400|7|7.800000|9.104000|1.951616|2038.973440|2771.294720|1318.512000|405.696000|2250.000000|0.000000|216.462067|567.000000|11217.938227|19341.272806|135388.909639|56863.342048|29785.560120|35|20.384000|sliding:892x1384:0.97581:4.55200,sliding:892x1384:0.97581:4.55200
Aluplast|3|corr-2-moviles|3000|2200|23|12.600000|14.704000|5.663616|3293.373440|8042.334720|2129.712000|655.296000|2250.000000|0.000000|510.106867|1485.000000|20015.823027|34510.039702|793730.913148|333366.983522|174620.800892|212|262.061000|sliding:1492x2184:2.83181:7.35200,sliding:1492x2184:2.83181:7.35200
Aluplast|3|corr-2-fija-movil|1200|1000|1|5.400000|6.304000|0.815616|1411.773440|1158.174720|912.912000|280.896000|2140.000000|0.000000|115.647667|270.000000|7939.403827|13688.627288|13688.627288|5749.223461|3011.498003|6|16.717000|sliding-fixed:592x984:0.40781:3.15200,sliding:592x984:0.40781:3.15200
Aluplast|3|corr-2-fija-movil|1800|1400|7|7.800000|9.104000|1.951616|2038.973440|2771.294720|1318.512000|405.696000|2140.000000|0.000000|216.462067|567.000000|11107.938227|19151.617633|134061.323432|56305.755841|29493.491155|35|20.384000|sliding-fixed:892x1384:0.97581:4.55200,sliding:892x1384:0.97581:4.55200
Aluplast|3|corr-2-fija-movil|3000|2200|23|12.600000|14.704000|5.663616|3293.373440|8042.334720|2129.712000|655.296000|2140.000000|0.000000|510.106867|1485.000000|19905.823027|34320.384530|789368.844182|331534.914556|173661.145720|212|262.061000|sliding-fixed:1492x2184:2.83181:7.35200,sliding:1492x2184:2.83181:7.35200
Aluplast|3|corr-3|1200|1000|1|6.400000|8.272000|0.711936|1787.985920|1010.949120|1144.416000|352.128000|2140.000000|0.000000|125.952077|270.000000|8481.431117|14623.157098|14623.157098|6141.725981|3217.094562|6|11.736000|sliding-fixed:392x984:0.23501:2.75200,sliding:400x984:0.24192:2.76800,sliding-fixed:392x984:0.23501:2.75200
Aluplast|3|corr-3|1800|1400|7|9.200000|11.872000|1.799936|2567.505920|2555.909120|1643.616000|505.728000|2140.000000|0.000000|230.553677|567.000000|11860.312717|20448.815029|143141.705203|60119.516185|31491.175145|45|29.567000|sliding-fixed:592x1384:0.59661:3.95200,sliding:600x1384:0.60672:3.96800,sliding-fixed:592x1384:0.59661:3.95200
Aluplast|3|corr-3|3000|2200|23|14.800000|19.072000|5.415936|4126.545920|7690.629120|2642.016000|812.928000|2140.000000|0.000000|531.772877|1485.000000|21078.891917|36342.917098|835887.093252|351072.579166|183895.160516|235|143.013000|sliding-fixed:992x2184:1.79981:6.35200,sliding:1000x2184:1.81632:6.36800,sliding-fixed:992x2184:1.79981:6.35200
Aluplast|3|corr-4|1200|1000|1|7.400000|10.240000|0.608256|2164.198400|863.723520|1375.920000|423.360000|2470.000000|0.000000|136.256486|270.000000|9353.458406|16126.652425|16126.652425|6773.194018|3547.863533|6|6.755000|sliding:292x984:0.14861:2.55200,sliding:300x984:0.15552:2.56800,sliding:300x984:0.15552:2.56800,sliding:292x984:0.14861:2.55200
Aluplast|3|corr-4|1800|1400|7|10.600000|14.640000|1.648256|3096.038400|2340.523520|1968.720000|605.760000|2470.000000|0.000000|244.645286|567.000000|12942.687206|22314.977942|156204.845594|65606.035150|34365.066031|53|27.140000|sliding:442x1384:0.40701:3.65200,sliding:450x1384:0.41712:3.66800,sliding:450x1384:0.41712:3.66800,sliding:442x1384:0.40701:3.65200
Aluplast|3|corr-4|3000|2200|23|17.000000|23.440000|5.168256|4959.718400|7338.923520|3154.320000|970.560000|2470.000000|0.000000|553.438886|1485.000000|22581.960806|38934.415183|895491.549219|376106.450672|197008.140828|293|227.140000|sliding:742x2184:1.28381:5.85200,sliding:750x2184:1.30032:5.86800,sliding:750x2184:1.30032:5.86800,sliding:742x2184:1.28381:5.85200
Aluplast|3|abatible|1200|1000|1|4.400000|4.400000|0.950400|1044.736000|1349.568000|686.400000|211.200000|2140.000000|0.000000|107.743680|270.000000|7459.647680|12861.461517|12861.461517|5401.813837|2829.521534|3|4.155000|casement-out:1200x1000:0.95040:4.40000
Aluplast|3|abatible|1800|1400|7|6.400000|6.400000|2.150400|1519.616000|3053.568000|998.400000|307.200000|2140.000000|0.000000|205.793280|567.000000|10441.577280|18002.719448|126019.036138|52927.995178|27724.187950|27|21.915000|casement-out:1800x1400:2.15040:6.40000
Aluplast|3|abatible|3000|2200|23|10.400000|10.400000|5.990400|2469.376000|8506.368000|1622.400000|499.200000|2140.000000|0.000000|493.908480|1485.000000|18866.252480|32528.021517|748144.494897|314220.687857|164591.788877|138|82.110000|casement-out:3000x2200:5.99040:10.40000
Aluplast|3|oscilo|1200|1000|1|4.400000|4.400000|0.950400|1044.736000|1349.568000|686.400000|211.200000|2140.000000|0.000000|107.743680|270.000000|7459.647680|12861.461517|12861.461517|5401.813837|2829.521534|3|4.155000|tilt-turn:1200x1000:0.95040:4.40000
Aluplast|3|oscilo|1800|1400|7|6.400000|6.400000|2.150400|1519.616000|3053.568000|998.400000|307.200000|2140.000000|0.000000|205.793280|567.000000|10441.577280|18002.719448|126019.036138|52927.995178|27724.187950|27|21.915000|tilt-turn:1800x1400:2.15040:6.40000
Aluplast|3|oscilo|3000|2200|23|10.400000|10.400000|5.990400|2469.376000|8506.368000|1622.400000|499.200000|2140.000000|0.000000|493.908480|1485.000000|18866.252480|32528.021517|748144.494897|314220.687857|164591.788877|138|82.110000|tilt-turn:3000x2200:5.99040:10.40000
Aluplast|3|proyectante|1200|1000|1|4.400000|4.400000|0.950400|1044.736000|1349.568000|686.400000|211.200000|2140.000000|0.000000|107.743680|270.000000|7459.647680|12861.461517|12861.461517|5401.813837|2829.521534|3|4.155000|project:1200x1000:0.95040:4.40000
Aluplast|3|proyectante|1800|1400|7|6.400000|6.400000|2.150400|1519.616000|3053.568000|998.400000|307.200000|2140.000000|0.000000|205.793280|567.000000|10441.577280|18002.719448|126019.036138|52927.995178|27724.187950|27|21.915000|project:1800x1400:2.15040:6.40000
Aluplast|3|proyectante|3000|2200|23|10.400000|10.400000|5.990400|2469.376000|8506.368000|1622.400000|499.200000|2140.000000|0.000000|493.908480|1485.000000|18866.252480|32528.021517|748144.494897|314220.687857|164591.788877|138|82.110000|project:3000x2200:5.99040:10.40000
Aluplast|3|puerta-1|1200|1000|1|4.400000|4.400000|0.950400|1044.736000|1349.568000|686.400000|211.200000|2140.000000|0.000000|107.743680|270.000000|7459.647680|12861.461517|12861.461517|5401.813837|2829.521534|3|4.155000|door:1200x1000:0.95040:4.40000
Aluplast|3|puerta-1|1800|1400|7|6.400000|6.400000|2.150400|1519.616000|3053.568000|998.400000|307.200000|2140.000000|0.000000|205.793280|567.000000|10441.577280|18002.719448|126019.036138|52927.995178|27724.187950|27|21.915000|door:1800x1400:2.15040:6.40000
Aluplast|3|puerta-1|3000|2200|23|10.400000|10.400000|5.990400|2469.376000|8506.368000|1622.400000|499.200000|2140.000000|0.000000|493.908480|1485.000000|18866.252480|32528.021517|748144.494897|314220.687857|164591.788877|138|82.110000|door:3000x2200:5.99040:10.40000
Aluplast|3|puerta-2|1200|1000|1|5.400000|6.400000|0.844800|1425.536000|1199.616000|920.400000|283.200000|2250.000000|0.000000|118.131840|270.000000|8116.883840|13994.627310|13994.627310|5877.743470|3078.818008|6|16.525000|door:600x1000:0.42240:3.20000,door:600x1000:0.42240:3.20000
Aluplast|3|puerta-2|1800|1400|7|7.800000|9.200000|1.996800|2052.736000|2835.456000|1326.000000|408.000000|2250.000000|0.000000|219.968640|567.000000|11309.160640|19498.552828|136489.869793|57325.745313|30027.771354|35|19.040000|door:900x1400:0.99840:4.60000,door:900x1400:0.99840:4.60000
Aluplast|3|puerta-2|3000|2200|23|12.600000|14.800000|5.740800|3307.136000|8151.936000|2137.200000|657.600000|2250.000000|0.000000|515.658240|1485.000000|20154.530240|34749.190069|799231.371586|335677.176066|175830.901749|212|257.645000|door:1500x2200:2.87040:7.40000,door:1500x2200:2.87040:7.40000
Aluplast|3|combinado-fijo-corr|1200|1000|1|6.250000|4.936000|0.741168|1295.624960|1052.458560|872.508000|268.464000|2250.000000|0.000000|105.663758|270.000000|7764.719278|13387.447032|13387.447032|5622.727753|2945.238347|5|9.673000|fixed:1200x350:0.24840:0.00000,sliding:592x642:0.24638:2.46800,sliding:592x642:0.24638:2.46800
Aluplast|3|combinado-fijo-corr|1800|1400|7|9.110000|7.176000|1.829008|1885.820160|2597.191360|1270.308000|390.864000|2250.000000|0.000000|201.735518|567.000000|10812.919038|18642.963859|130500.747015|54810.313746|28710.164343|39|29.191000|fixed:1800x489.99999999999994:0.62160:0.00000,sliding:892x902:0.60370:3.58800,sliding:892x902:0.60370:3.58800
Aluplast|3|combinado-fijo-corr|3000|2200|23|14.830000|11.656000|5.444688|3066.210560|7731.456960|2065.908000|635.664000|2250.000000|0.000000|485.895038|1485.000000|19370.134558|33396.783721|768126.025592|322612.930749|168987.725630|208|153.764000|fixed:3000x770:1.87200:0.00000,sliding:1492x1422:1.78634:5.82800,sliding:1492x1422:1.78634:5.82800
Aluplast|4|fijo-1|1200|1000|1|4.400000|0.000000|0.950400|1039.808000|1349.568000|343.200000|105.600000|7130.000000|0.000000|107.521920|270.000000|11995.697920|20682.237793|20682.237793|8686.539873|4550.092314|2|2.770000|fixed:1200x1000:0.95040:0.00000
Aluplast|4|fijo-1|1800|1400|7|6.400000|0.000000|2.150400|1512.448000|3053.568000|499.200000|153.600000|7130.000000|0.000000|205.470720|567.000000|14771.286720|25467.735724|178274.150069|74875.143029|39220.313015|18|14.610000|fixed:1800x1400:2.15040:0.00000
Aluplast|4|fijo-1|3000|2200|23|10.400000|0.000000|5.990400|2457.728000|8506.368000|811.200000|249.600000|7130.000000|0.000000|493.384320|1485.000000|22783.280320|39281.517793|903474.909241|379459.461881|198764.480033|92|54.740000|fixed:3000x2200:5.99040:0.00000
Aluplast|4|corr-1|1200|1000|1|4.400000|4.336000|0.919296|2040.209920|1305.400320|681.408000|209.664000|7240.000000|0.000000|150.552461|270.000000|13547.234701|23357.301208|23357.301208|9810.066507|5138.606266|3|4.283000|sliding:1184x984:0.91930:4.33600
Aluplast|4|corr-1|1800|1400|7|6.400000|6.336000|2.103296|2974.289920|2986.680320|993.408000|305.664000|7240.000000|0.000000|268.243661|567.000000|16985.285901|29284.975691|204994.829837|86097.828532|45098.862564|27|22.811000|sliding:1784x1384:2.10330:6.33600
Aluplast|4|corr-1|3000|2200|23|10.400000|10.336000|5.911296|4842.449920|8394.040320|1617.408000|497.664000|7240.000000|0.000000|595.642061|1485.000000|26322.204301|45383.110863|1043811.549859|438400.850941|229638.540969|138|85.054000|sliding:2984x2184:5.91130:10.33600
Aluplast|4|corr-2-moviles|1200|1000|1|5.400000|6.364000|0.841536|2744.430080|1194.981120|917.592000|282.336000|7350.000000|0.000000|177.273504|270.000000|14586.612704|25149.332248|25149.332248|10562.719544|5532.853095|6|16.597000|sliding:607x984:0.42077:3.18200,sliding:607x984:0.42077:3.18200
Aluplast|4|corr-2-moviles|1800|1400|7|7.800000|9.164000|1.989536|3957.614080|2825.141120|1323.192000|407.136000|7350.000000|0.000000|305.223984|567.000000|18385.307184|31698.805490|221891.638428|93194.488140|48816.160454|35|19.544000|sliding:907x1384:0.99477:4.58200,sliding:907x1384:0.99477:4.58200
Aluplast|4|corr-2-moviles|3000|2200|23|12.600000|14.764000|5.725536|6383.982080|8130.261120|2134.392000|656.736000|7350.000000|0.000000|653.140944|1485.000000|28443.512144|49040.538179|1127932.378124|473731.598812|248145.123187|212|259.301000|sliding:1507x2184:2.86277:7.38200,sliding:1507x2184:2.86277:7.38200
Aluplast|4|corr-2-fija-movil|1200|1000|1|5.400000|6.364000|0.841536|2744.430080|1194.981120|917.592000|282.336000|7240.000000|0.000000|177.273504|270.000000|14476.612704|24959.677076|24959.677076|10483.064372|5491.128957|6|16.597000|sliding-fixed:607x984:0.42077:3.18200,sliding:607x984:0.42077:3.18200
Aluplast|4|corr-2-fija-movil|1800|1400|7|7.800000|9.164000|1.989536|3957.614080|2825.141120|1323.192000|407.136000|7240.000000|0.000000|305.223984|567.000000|18275.307184|31509.150317|220564.052221|92636.901933|48524.091489|35|19.544000|sliding-fixed:907x1384:0.99477:4.58200,sliding:907x1384:0.99477:4.58200
Aluplast|4|corr-2-fija-movil|3000|2200|23|12.600000|14.764000|5.725536|6383.982080|8130.261120|2134.392000|656.736000|7240.000000|0.000000|653.140944|1485.000000|28333.512144|48850.883007|1123570.309159|471899.529847|247185.468015|212|259.301000|sliding-fixed:1507x2184:2.86277:7.38200,sliding:1507x2184:2.86277:7.38200
Aluplast|4|corr-3|1200|1000|1|6.400000|8.392000|0.763776|3448.650240|1084.561920|1153.776000|355.008000|7240.000000|0.000000|203.994547|270.000000|15405.990707|26562.052943|26562.052943|11156.062236|5843.651648|6|11.496000|sliding-fixed:407x984:0.24797:2.78200,sliding:430x984:0.26784:2.82800,sliding-fixed:407x984:0.24797:2.78200
Aluplast|4|corr-3|1800|1400|7|9.200000|11.992000|1.875776|4940.938240|2663.601920|1652.976000|508.608000|7240.000000|0.000000|342.204307|567.000000|19565.328467|33733.324943|236133.274604|99175.975334|51949.320413|45|27.887000|sliding-fixed:607x1384:0.61557:3.98200,sliding:630x1384:0.64464:4.02800,sliding-fixed:607x1384:0.61557:3.98200
Aluplast|4|corr-3|3000|2200|23|14.800000|19.192000|5.539776|7925.514240|7866.481920|2651.376000|815.808000|7240.000000|0.000000|710.639827|1485.000000|30344.819987|52318.655150|1203329.068458|505398.208752|264732.395061|235|137.493000|sliding-fixed:1007x2184:1.83077:6.38200,sliding:1030x2184:1.87824:6.42800,sliding-fixed:1007x2184:1.83077:6.38200
Aluplast|4|corr-4|1200|1000|1|7.400000|10.420000|0.686016|4152.870400|974.142720|1389.960000|427.680000|7570.000000|0.000000|230.715590|270.000000|16665.368710|28733.394328|28733.394328|12068.025618|6321.346752|6|6.395000|sliding:307x984:0.16157:2.58200,sliding:330x984:0.18144:2.62800,sliding:330x984:0.18144:2.62800,sliding:307x984:0.16157:2.58200
Aluplast|4|corr-4|1800|1400|7|10.600000|14.820000|1.762016|5924.262400|2502.062720|1982.760000|610.080000|7570.000000|0.000000|379.184630|567.000000|21185.349750|36526.465087|255685.255608|107387.807355|56250.756234|53|24.620000|sliding:457x1384:0.42597:3.68200,sliding:480x1384:0.45504:3.72800,sliding:480x1384:0.45504:3.72800,sliding:457x1384:0.42597:3.68200
Aluplast|4|corr-4|3000|2200|23|17.000000|23.620000|5.354016|9467.046400|7602.702720|3168.360000|974.880000|7570.000000|0.000000|768.138710|1485.000000|32686.127830|56355.392811|1296174.034654|544393.094555|285158.287624|293|218.860000|sliding:757x2184:1.31477:5.88200,sliding:780x2184:1.36224:5.92800,sliding:780x2184:1.36224:5.92800,sliding:757x2184:1.31477:5.88200
Aluplast|4|abatible|1200|1000|1|4.400000|4.400000|0.950400|2054.976000|1349.568000|686.400000|211.200000|7240.000000|0.000000|153.204480|270.000000|13615.348480|23474.738759|23474.738759|9859.390279|5164.442527|3|4.155000|casement-out:1200x1000:0.95040:4.40000
Aluplast|4|abatible|1800|1400|7|6.400000|6.400000|2.150400|2989.056000|3053.568000|998.400000|307.200000|7240.000000|0.000000|271.918080|567.000000|17077.142080|29443.348414|206103.438897|86563.444337|45342.756557|27|21.915000|casement-out:1800x1400:2.15040:6.40000
Aluplast|4|abatible|3000|2200|23|10.400000|10.400000|5.990400|4857.216000|8506.368000|1622.400000|499.200000|7240.000000|0.000000|601.361280|1485.000000|26461.545280|45623.353931|1049337.140414|440721.598974|230854.170891|138|82.110000|casement-out:3000x2200:5.99040:10.40000
Aluplast|4|oscilo|1200|1000|1|4.400000|4.400000|0.950400|2054.976000|1349.568000|686.400000|211.200000|7240.000000|0.000000|153.204480|270.000000|13615.348480|23474.738759|23474.738759|9859.390279|5164.442527|3|4.155000|tilt-turn:1200x1000:0.95040:4.40000
Aluplast|4|oscilo|1800|1400|7|6.400000|6.400000|2.150400|2989.056000|3053.568000|998.400000|307.200000|7240.000000|0.000000|271.918080|567.000000|17077.142080|29443.348414|206103.438897|86563.444337|45342.756557|27|21.915000|tilt-turn:1800x1400:2.15040:6.40000
Aluplast|4|oscilo|3000|2200|23|10.400000|10.400000|5.990400|4857.216000|8506.368000|1622.400000|499.200000|7240.000000|0.000000|601.361280|1485.000000|26461.545280|45623.353931|1049337.140414|440721.598974|230854.170891|138|82.110000|tilt-turn:3000x2200:5.99040:10.40000
Aluplast|4|proyectante|1200|1000|1|4.400000|4.400000|0.950400|2054.976000|1349.568000|686.400000|211.200000|7240.000000|0.000000|153.204480|270.000000|13615.348480|23474.738759|23474.738759|9859.390279|5164.442527|3|4.155000|project:1200x1000:0.95040:4.40000
Aluplast|4|proyectante|1800|1400|7|6.400000|6.400000|2.150400|2989.056000|3053.568000|998.400000|307.200000|7240.000000|0.000000|271.918080|567.000000|17077.142080|29443.348414|206103.438897|86563.444337|45342.756557|27|21.915000|project:1800x1400:2.15040:6.40000
Aluplast|4|proyectante|3000|2200|23|10.400000|10.400000|5.990400|4857.216000|8506.368000|1622.400000|499.200000|7240.000000|0.000000|601.361280|1485.000000|26461.545280|45623.353931|1049337.140414|440721.598974|230854.170891|138|82.110000|project:3000x2200:5.99040:10.40000
Aluplast|4|puerta-1|1200|1000|1|4.400000|4.400000|0.950400|2054.976000|1349.568000|686.400000|211.200000|7240.000000|0.000000|153.204480|270.000000|13615.348480|23474.738759|23474.738759|9859.390279|5164.442527|3|4.155000|door:1200x1000:0.95040:4.40000
Aluplast|4|puerta-1|1800|1400|7|6.400000|6.400000|2.150400|2989.056000|3053.568000|998.400000|307.200000|7240.000000|0.000000|271.918080|567.000000|17077.142080|29443.348414|206103.438897|86563.444337|45342.756557|27|21.915000|door:1800x1400:2.15040:6.40000
Aluplast|4|puerta-1|3000|2200|23|10.400000|10.400000|5.990400|4857.216000|8506.368000|1622.400000|499.200000|7240.000000|0.000000|601.361280|1485.000000|26461.545280|45623.353931|1049337.140414|440721.598974|230854.170891|138|82.110000|door:3000x2200:5.99040:10.40000
Aluplast|4|puerta-2|1200|1000|1|5.400000|6.400000|0.844800|2752.736000|1199.616000|920.400000|283.200000|7350.000000|0.000000|177.855840|270.000000|14603.807840|25178.979034|25178.979034|10575.171194|5539.375388|6|16.525000|door:600x1000:0.42240:3.20000,door:600x1000:0.42240:3.20000
Aluplast|4|puerta-2|1800|1400|7|7.800000|9.200000|1.996800|3965.920000|2835.456000|1326.000000|408.000000|7350.000000|0.000000|306.061920|567.000000|18408.437920|31738.686069|222170.802483|93311.737043|48877.576546|35|19.040000|door:900x1400:0.99840:4.60000,door:900x1400:0.99840:4.60000
Aluplast|4|puerta-2|3000|2200|23|12.600000|14.800000|5.740800|6392.288000|8151.936000|2137.200000|657.600000|7350.000000|0.000000|654.490080|1485.000000|28478.514080|49100.886345|1129320.385931|474314.562091|248450.484905|212|257.645000|door:1500x2200:2.87040:7.40000,door:1500x2200:2.87040:7.40000
Aluplast|4|combinado-fijo-corr|1200|1000|1|6.250000|4.996000|0.756828|2629.677120|1074.695760|877.188000|269.904000|7350.000000|0.000000|166.696780|270.000000|14288.161660|24634.761482|24634.761482|10346.599822|5419.647526|5|9.553000|fixed:1200x350:0.24840:0.00000,sliding:607x642:0.25421:2.49800,sliding:607x642:0.25421:2.49800
Aluplast|4|combinado-fijo-corr|1800|1400|7|9.110000|7.236000|1.852468|3822.365120|2630.504560|1274.988000|392.304000|7350.000000|0.000000|290.379136|567.000000|17977.540816|30995.760027|216970.320188|91127.534479|47733.470441|39|28.351000|fixed:1800x489.99999999999994:0.62160:0.00000,sliding:907x902:0.61543:3.61800,sliding:907x902:0.61543:3.61800
Aluplast|4|combinado-fijo-corr|3000|2200|23|14.830000|11.716000|5.483748|6207.741120|7786.922160|2070.588000|637.104000|7350.000000|0.000000|629.759848|1485.000000|27817.115128|47960.543323|1103092.496439|463298.848505|242680.349217|208|151.004000|fixed:3000x770:1.87200:0.00000,sliding:1507x1422:1.80587:5.85800,sliding:1507x1422:1.80587:5.85800
Aluplast|5|fijo-1|1200|1000|1|4.400000|0.000000|0.950400|847.616000|1349.568000|343.200000|105.600000|510.000000|0.000000|98.873280|270.000000|5174.857280|8922.167724|8922.167724|3747.310444|1962.876899|2|2.770000|fixed:1200x1000:0.95040:0.00000
Aluplast|5|fijo-1|1800|1400|7|6.400000|0.000000|2.150400|1232.896000|3053.568000|499.200000|153.600000|510.000000|0.000000|192.890880|567.000000|7859.154880|13550.267034|94851.869241|39837.785081|20867.411233|18|14.610000|fixed:1800x1400:2.15040:0.00000
Aluplast|5|fijo-1|3000|2200|23|10.400000|0.000000|5.990400|2003.456000|8506.368000|811.200000|249.600000|510.000000|0.000000|472.942080|1485.000000|15688.566080|27049.251862|622132.792828|261295.772988|136869.214422|92|54.740000|fixed:3000x2200:5.99040:0.00000
Aluplast|5|corr-1|1200|1000|1|4.400000|4.336000|0.919296|847.616000|1305.400320|681.408000|209.664000|620.000000|0.000000|96.885734|270.000000|5680.974054|9794.782852|9794.782852|4113.808798|2154.852228|3|4.283000|sliding:1184x984:0.91930:4.33600
Aluplast|5|corr-1|1800|1400|7|6.400000|6.336000|2.103296|1232.896000|2986.680320|993.408000|305.664000|620.000000|0.000000|189.880934|567.000000|8545.529254|14733.671128|103135.697898|43316.993117|22689.853538|27|22.811000|sliding:1784x1384:2.10330:6.33600
Aluplast|5|corr-1|3000|2200|23|10.400000|10.336000|5.911296|2003.456000|8394.040320|1617.408000|497.664000|620.000000|0.000000|467.887334|1485.000000|16735.455654|28854.233887|663647.379399|278731.899347|146002.423468|138|85.054000|sliding:2984x2184:5.91130:10.33600
Aluplast|5|corr-2-moviles|1200|1000|1|5.400000|6.304000|0.815616|1040.256000|1158.174720|912.912000|280.896000|730.000000|0.000000|98.929382|270.000000|6141.168102|10588.220866|10588.220866|4447.052764|2329.408591|6|16.717000|sliding:592x984:0.40781:3.15200,sliding:592x984:0.40781:3.15200
Aluplast|5|corr-2-moviles|1800|1400|7|7.800000|9.104000|1.951616|1502.592000|2771.294720|1318.512000|405.696000|730.000000|0.000000|192.324902|567.000000|9137.419622|15754.171763|110279.202339|46317.264983|24261.424515|35|20.384000|sliding:892x1384:0.97581:4.55200,sliding:892x1384:0.97581:4.55200
Aluplast|5|corr-2-moviles|3000|2200|23|12.600000|14.704000|5.663616|2427.264000|8042.334720|2129.712000|655.296000|730.000000|0.000000|471.131942|1485.000000|17590.738662|30328.859763|697563.774543|292976.785308|153464.030400|212|262.061000|sliding:1492x2184:2.83181:7.35200,sliding:1492x2184:2.83181:7.35200
Aluplast|5|corr-2-fija-movil|1200|1000|1|5.400000|6.304000|0.815616|1040.256000|1158.174720|912.912000|280.896000|620.000000|0.000000|98.929382|270.000000|6031.168102|10398.565694|10398.565694|4367.397591|2287.684453|6|16.717000|sliding-fixed:592x984:0.40781:3.15200,sliding:592x984:0.40781:3.15200
Aluplast|5|corr-2-fija-movil|1800|1400|7|7.800000|9.104000|1.951616|1502.592000|2771.294720|1318.512000|405.696000|620.000000|0.000000|192.324902|567.000000|9027.419622|15564.516590|108951.616132|45759.678776|23969.355549|35|20.384000|sliding-fixed:892x1384:0.97581:4.55200,sliding:892x1384:0.97581:4.55200
Aluplast|5|corr-2-fija-movil|3000|2200|23|12.600000|14.704000|5.663616|2427.264000|8042.334720|2129.712000|655.296000|620.000000|0.000000|471.131942|1485.000000|17480.738662|30139.204590|693201.705578|291144.716343|152504.375227|212|262.061000|sliding-fixed:1492x2184:2.83181:7.35200,sliding:1492x2184:2.83181:7.35200
Aluplast|5|corr-3|1200|1000|1|6.400000|8.272000|0.711936|1232.896000|1010.949120|1144.416000|352.128000|620.000000|0.000000|100.973030|270.000000|6381.362150|11002.348535|11002.348535|4620.986385|2420.516678|6|11.736000|sliding-fixed:392x984:0.23501:2.75200,sliding:400x984:0.24192:2.76800,sliding-fixed:392x984:0.23501:2.75200
Aluplast|5|corr-3|1800|1400|7|9.200000|11.872000|1.799936|1772.288000|2555.909120|1643.616000|505.728000|620.000000|0.000000|194.768870|567.000000|9509.309990|16395.362052|114767.534367|48202.364434|25248.857561|45|29.567000|sliding-fixed:592x1384:0.59661:3.95200,sliding:600x1384:0.60672:3.96800,sliding-fixed:592x1384:0.59661:3.95200
Aluplast|5|corr-3|3000|2200|23|14.800000|19.072000|5.415936|2851.072000|7690.629120|2642.016000|812.928000|620.000000|0.000000|474.376550|1485.000000|18226.021670|31424.175294|722756.031757|303557.533338|159006.326987|235|143.013000|sliding-fixed:992x2184:1.79981:6.35200,sliding:1000x2184:1.81632:6.36800,sliding-fixed:992x2184:1.79981:6.35200
Aluplast|5|corr-4|1200|1000|1|7.400000|10.240000|0.608256|1425.536000|863.723520|1375.920000|423.360000|950.000000|0.000000|103.016678|270.000000|7061.556198|12175.096894|12175.096894|5113.540695|2678.521317|6|6.755000|sliding:292x984:0.14861:2.55200,sliding:300x984:0.15552:2.56800,sliding:300x984:0.15552:2.56800,sliding:292x984:0.14861:2.55200
Aluplast|5|corr-4|1800|1400|7|10.600000|14.640000|1.648256|2041.984000|2340.523520|1968.720000|605.760000|950.000000|0.000000|197.212838|567.000000|10321.200358|17795.173032|124566.211222|52317.808713|27404.566469|53|27.140000|sliding:442x1384:0.40701:3.65200,sliding:450x1384:0.41712:3.66800,sliding:450x1384:0.41712:3.66800,sliding:442x1384:0.40701:3.65200
Aluplast|5|corr-4|3000|2200|23|17.000000|23.440000|5.168256|3274.880000|7338.923520|3154.320000|970.560000|950.000000|0.000000|477.621158|1485.000000|19301.304678|33278.111514|765396.564833|321466.557230|168387.244263|293|227.140000|sliding:742x2184:1.28381:5.85200,sliding:750x2184:1.30032:5.86800,sliding:750x2184:1.30032:5.86800,sliding:742x2184:1.28381:5.85200
Aluplast|5|abatible|1200|1000|1|4.400000|4.400000|0.950400|847.616000|1349.568000|686.400000|211.200000|620.000000|0.000000|98.873280|270.000000|5733.657280|9885.616000|9885.616000|4151.958720|2174.835520|3|4.155000|casement-out:1200x1000:0.95040:4.40000
Aluplast|5|abatible|1800|1400|7|6.400000|6.400000|2.150400|1232.896000|3053.568000|998.400000|307.200000|620.000000|0.000000|192.890880|567.000000|8621.954880|14865.439448|104058.076138|43704.391978|22892.776750|27|21.915000|casement-out:1800x1400:2.15040:6.40000
Aluplast|5|abatible|3000|2200|23|10.400000|10.400000|5.990400|2003.456000|8506.368000|1622.400000|499.200000|620.000000|0.000000|472.942080|1485.000000|16859.366080|29067.872552|668561.068690|280795.648850|147083.435112|138|82.110000|casement-out:3000x2200:5.99040:10.40000
Aluplast|5|oscilo|1200|1000|1|4.400000|4.400000|0.950400|847.616000|1349.568000|686.400000|211.200000|620.000000|0.000000|98.873280|270.000000|5733.657280|9885.616000|9885.616000|4151.958720|2174.835520|3|4.155000|tilt-turn:1200x1000:0.95040:4.40000
Aluplast|5|oscilo|1800|1400|7|6.400000|6.400000|2.150400|1232.896000|3053.568000|998.400000|307.200000|620.000000|0.000000|192.890880|567.000000|8621.954880|14865.439448|104058.076138|43704.391978|22892.776750|27|21.915000|tilt-turn:1800x1400:2.15040:6.40000
Aluplast|5|oscilo|3000|2200|23|10.400000|10.400000|5.990400|2003.456000|8506.368000|1622.400000|499.200000|620.000000|0.000000|472.942080|1485.000000|16859.366080|29067.872552|668561.068690|280795.648850|147083.435112|138|82.110000|tilt-turn:3000x2200:5.99040:10.40000
Aluplast|5|proyectante|1200|1000|1|4.400000|4.400000|0.950400|847.616000|1349.568000|686.400000|211.200000|620.000000|0.000000|98.873280|270.000000|5733.657280|9885.616000|9885.616000|4151.958720|2174.835520|3|4.155000|project:1200x1000:0.95040:4.40000
Aluplast|5|proyectante|1800|1400|7|6.400000|6.400000|2.150400|1232.896000|3053.568000|998.400000|307.200000|620.000000|0.000000|192.890880|567.000000|8621.954880|14865.439448|104058.076138|43704.391978|22892.776750|27|21.915000|project:1800x1400:2.15040:6.40000
Aluplast|5|proyectante|3000|2200|23|10.400000|10.400000|5.990400|2003.456000|8506.368000|1622.400000|499.200000|620.000000|0.000000|472.942080|1485.000000|16859.366080|29067.872552|668561.068690|280795.648850|147083.435112|138|82.110000|project:3000x2200:5.99040:10.40000
Aluplast|5|puerta-1|1200|1000|1|4.400000|4.400000|0.950400|847.616000|1349.568000|686.400000|211.200000|620.000000|0.000000|98.873280|270.000000|5733.657280|9885.616000|9885.616000|4151.958720|2174.835520|3|4.155000|door:1200x1000:0.95040:4.40000
Aluplast|5|puerta-1|1800|1400|7|6.400000|6.400000|2.150400|1232.896000|3053.568000|998.400000|307.200000|620.000000|0.000000|192.890880|567.000000|8621.954880|14865.439448|104058.076138|43704.391978|22892.776750|27|21.915000|door:1800x1400:2.15040:6.40000
Aluplast|5|puerta-1|3000|2200|23|10.400000|10.400000|5.990400|2003.456000|8506.368000|1622.400000|499.200000|620.000000|0.000000|472.942080|1485.000000|16859.366080|29067.872552|668561.068690|280795.648850|147083.435112|138|82.110000|door:3000x2200:5.99040:10.40000
Aluplast|5|puerta-2|1200|1000|1|5.400000|6.400000|0.844800|1040.256000|1199.616000|920.400000|283.200000|730.000000|0.000000|100.794240|270.000000|6194.266240|10679.769379|10679.769379|4485.503139|2349.549263|6|16.525000|door:600x1000:0.42240:3.20000,door:600x1000:0.42240:3.20000
Aluplast|5|puerta-2|1800|1400|7|7.800000|9.200000|1.996800|1502.592000|2835.456000|1326.000000|408.000000|730.000000|0.000000|195.212160|567.000000|9214.260160|15886.655448|111206.588138|46706.767018|24465.449390|35|19.040000|door:900x1400:0.99840:4.60000,door:900x1400:0.99840:4.60000
Aluplast|5|puerta-2|3000|2200|23|12.600000|14.800000|5.740800|2427.264000|8151.936000|2137.200000|657.600000|730.000000|0.000000|476.064000|1485.000000|17715.064000|30543.213793|702493.917241|295047.445241|154548.661793|212|257.645000|door:1500x2200:2.87040:7.40000,door:1500x2200:2.87040:7.40000
Aluplast|5|combinado-fijo-corr|1200|1000|1|6.250000|4.936000|0.741168|1204.000000|1052.458560|872.508000|268.464000|730.000000|0.000000|101.540635|270.000000|6148.971195|10601.674474|10601.674474|4452.703279|2332.368384|5|9.673000|fixed:1200x350:0.24840:0.00000,sliding:592x642:0.24638:2.46800,sliding:592x642:0.24638:2.46800
Aluplast|5|combinado-fijo-corr|1800|1400|7|9.110000|7.176000|1.829008|1754.950400|2597.191360|1270.308000|390.864000|730.000000|0.000000|195.846379|567.000000|9156.160139|15786.482999|110505.380990|46412.260016|24311.183818|39|29.191000|fixed:1800x489.99999999999994:0.62160:0.00000,sliding:892x902:0.60370:3.58800,sliding:892x902:0.60370:3.58800
Aluplast|5|combinado-fijo-corr|3000|2200|23|14.830000|11.656000|5.444688|2856.851200|7731.456960|2065.908000|635.664000|730.000000|0.000000|476.473867|1485.000000|17631.354027|30398.886254|699174.383837|293653.241212|153818.364444|208|153.764000|fixed:3000x770:1.87200:0.00000,sliding:1492x1422:1.78634:5.82800,sliding:1492x1422:1.78634:5.82800
Aluplast|6|fijo-1|1200|1000|1|4.400000|0.000000|0.950400|1010.240000|1349.568000|343.200000|105.600000|2810.000000|0.000000|106.191360|270.000000|7644.799360|13180.688552|13180.688552|5535.889192|2899.751481|2|2.770000|fixed:1200x1000:0.95040:0.00000
Aluplast|6|fijo-1|1800|1400|7|6.400000|0.000000|2.150400|1469.440000|3053.568000|499.200000|153.600000|2810.000000|0.000000|203.535360|567.000000|10406.343360|17941.971310|125593.799172|52749.395652|27630.635818|18|14.610000|fixed:1800x1400:2.15040:0.00000
Aluplast|6|fijo-1|3000|2200|23|10.400000|0.000000|5.990400|2387.840000|8506.368000|811.200000|249.600000|2810.000000|0.000000|490.239360|1485.000000|18390.247360|31707.323034|729268.429793|306292.740513|160439.054554|92|54.740000|fixed:3000x2200:5.99040:0.00000
Aluplast|6|corr-1|1200|1000|1|4.400000|4.336000|0.919296|1971.791360|1305.400320|681.408000|209.664000|2920.000000|0.000000|147.473626|270.000000|9155.737306|15785.753975|15785.753975|6630.016670|3472.865875|3|4.283000|sliding:1184x984:0.91930:4.33600
Aluplast|6|corr-1|1800|1400|7|6.400000|6.336000|2.103296|2874.511360|2986.680320|993.408000|305.664000|2920.000000|0.000000|263.753626|567.000000|12561.017306|21656.926389|151598.484723|63671.363584|33351.666639|27|22.811000|sliding:1784x1384:2.10330:6.33600
Aluplast|6|corr-1|3000|2200|23|10.400000|10.336000|5.911296|4679.951360|8394.040320|1617.408000|497.664000|2920.000000|0.000000|588.329626|1485.000000|21832.393306|37642.057423|865767.320739|363622.274711|190468.810563|138|85.054000|sliding:2984x2184:5.91130:10.33600
Aluplast|6|corr-2-moviles|1200|1000|1|5.400000|6.304000|0.815616|2637.815040|1158.174720|912.912000|280.896000|3030.000000|0.000000|170.819539|270.000000|10110.617299|17432.098792|17432.098792|7321.481493|3835.061734|6|16.717000|sliding:592x984:0.40781:3.15200,sliding:592x984:0.40781:3.15200
Aluplast|6|corr-2-moviles|1800|1400|7|7.800000|9.104000|1.951616|3809.783040|2771.294720|1318.512000|405.696000|3030.000000|0.000000|296.148499|567.000000|13848.434259|23876.610792|167136.275542|70197.235728|36769.980619|35|20.384000|sliding:892x1384:0.97581:4.55200,sliding:892x1384:0.97581:4.55200
Aluplast|6|corr-2-moviles|3000|2200|23|12.600000|14.704000|5.663616|6153.719040|8042.334720|2129.712000|655.296000|3030.000000|0.000000|638.822419|1485.000000|23784.884179|41008.420999|943193.682968|396141.346847|207502.610253|212|262.061000|sliding:1492x2184:2.83181:7.35200,sliding:1492x2184:2.83181:7.35200
Aluplast|6|corr-2-fija-movil|1200|1000|1|5.400000|6.304000|0.815616|2637.815040|1158.174720|912.912000|280.896000|2920.000000|0.000000|170.819539|270.000000|10000.617299|17242.443619|17242.443619|7241.826320|3793.337596|6|16.717000|sliding-fixed:592x984:0.40781:3.15200,sliding:592x984:0.40781:3.15200
Aluplast|6|corr-2-fija-movil|1800|1400|7|7.800000|9.104000|1.951616|3809.783040|2771.294720|1318.512000|405.696000|2920.000000|0.000000|296.148499|567.000000|13738.434259|23686.955619|165808.689335|69639.649521|36477.911654|35|20.384000|sliding-fixed:892x1384:0.97581:4.55200,sliding:892x1384:0.97581:4.55200
Aluplast|6|corr-2-fija-movil|3000|2200|23|12.600000|14.704000|5.663616|6153.719040|8042.334720|2129.712000|655.296000|2920.000000|0.000000|638.822419|1485.000000|23674.884179|40818.765826|938831.614003|394309.277881|206542.955081|212|262.061000|sliding-fixed:1492x2184:2.83181:7.35200,sliding:1492x2184:2.83181:7.35200
Aluplast|6|corr-3|1200|1000|1|6.400000|8.272000|0.711936|3303.838720|1010.949120|1144.416000|352.128000|2920.000000|0.000000|194.165453|270.000000|10845.497293|18699.133263|18699.133263|7853.635971|4113.809318|6|11.736000|sliding-fixed:392x984:0.23501:2.75200,sliding:400x984:0.24192:2.76800,sliding-fixed:392x984:0.23501:2.75200
Aluplast|6|corr-3|1800|1400|7|9.200000|11.872000|1.799936|4745.054720|2555.909120|1643.616000|505.728000|2920.000000|0.000000|328.543373|567.000000|14915.851213|25716.984850|180018.893948|75607.935458|39604.156668|45|29.567000|sliding-fixed:592x1384:0.59661:3.95200,sliding:600x1384:0.60672:3.96800,sliding-fixed:592x1384:0.59661:3.95200
Aluplast|6|corr-3|3000|2200|23|14.800000|19.072000|5.415936|7627.486720|7690.629120|2642.016000|812.928000|2920.000000|0.000000|689.315213|1485.000000|25517.375053|43995.474229|1011895.907266|424996.281052|222617.099599|235|143.013000|sliding-fixed:992x2184:1.79981:6.35200,sliding:1000x2184:1.81632:6.36800,sliding-fixed:992x2184:1.79981:6.35200
Aluplast|6|corr-4|1200|1000|1|7.400000|10.240000|0.608256|3969.862400|863.723520|1375.920000|423.360000|3250.000000|0.000000|217.511366|270.000000|12020.377286|20724.788425|20724.788425|8704.411138|4559.453453|6|6.755000|sliding:292x984:0.14861:2.55200,sliding:300x984:0.15552:2.56800,sliding:300x984:0.15552:2.56800,sliding:292x984:0.14861:2.55200
Aluplast|6|corr-4|1800|1400|7|10.600000|14.640000|1.648256|5680.326400|2340.523520|1968.720000|605.760000|3250.000000|0.000000|360.938246|567.000000|16423.268166|28315.979597|198211.857181|83248.980016|43606.608580|53|27.140000|sliding:442x1384:0.40701:3.65200,sliding:450x1384:0.41712:3.66800,sliding:450x1384:0.41712:3.66800,sliding:442x1384:0.40701:3.65200
Aluplast|6|corr-4|3000|2200|23|17.000000|23.440000|5.168256|9101.254400|7338.923520|3154.320000|970.560000|3250.000000|0.000000|739.808006|1485.000000|27689.865926|47741.148149|1098046.407426|461179.491119|241570.209634|293|227.140000|sliding:742x2184:1.28381:5.85200,sliding:750x2184:1.30032:5.86800,sliding:750x2184:1.30032:5.86800,sliding:742x2184:1.28381:5.85200
Aluplast|6|abatible|1200|1000|1|4.400000|4.400000|0.950400|1985.984000|1349.568000|686.400000|211.200000|2920.000000|0.000000|150.099840|270.000000|9223.251840|15902.158345|15902.158345|6678.906505|3498.474836|3|4.155000|casement-out:1200x1000:0.95040:4.40000
Aluplast|6|abatible|1800|1400|7|6.400000|6.400000|2.150400|2888.704000|3053.568000|998.400000|307.200000|2920.000000|0.000000|267.402240|567.000000|12652.274240|21814.265931|152699.861517|64133.941837|33593.969534|27|21.915000|casement-out:1800x1400:2.15040:6.40000
Aluplast|6|abatible|3000|2200|23|10.400000|10.400000|5.990400|4694.144000|8506.368000|1622.400000|499.200000|2920.000000|0.000000|594.023040|1485.000000|21971.135040|37881.267310|871269.148138|365933.042218|191679.212590|138|82.110000|casement-out:3000x2200:5.99040:10.40000
Aluplast|6|oscilo|1200|1000|1|4.400000|4.400000|0.950400|1985.984000|1349.568000|686.400000|211.200000|2920.000000|0.000000|150.099840|270.000000|9223.251840|15902.158345|15902.158345|6678.906505|3498.474836|3|4.155000|tilt-turn:1200x1000:0.95040:4.40000
Aluplast|6|oscilo|1800|1400|7|6.400000|6.400000|2.150400|2888.704000|3053.568000|998.400000|307.200000|2920.000000|0.000000|267.402240|567.000000|12652.274240|21814.265931|152699.861517|64133.941837|33593.969534|27|21.915000|tilt-turn:1800x1400:2.15040:6.40000
Aluplast|6|oscilo|3000|2200|23|10.400000|10.400000|5.990400|4694.144000|8506.368000|1622.400000|499.200000|2920.000000|0.000000|594.023040|1485.000000|21971.135040|37881.267310|871269.148138|365933.042218|191679.212590|138|82.110000|tilt-turn:3000x2200:5.99040:10.40000
Aluplast|6|proyectante|1200|1000|1|4.400000|4.400000|0.950400|1985.984000|1349.568000|686.400000|211.200000|2920.000000|0.000000|150.099840|270.000000|9223.251840|15902.158345|15902.158345|6678.906505|3498.474836|3|4.155000|project:1200x1000:0.95040:4.40000
Aluplast|6|proyectante|1800|1400|7|6.400000|6.400000|2.150400|2888.704000|3053.568000|998.400000|307.200000|2920.000000|0.000000|267.402240|567.000000|12652.274240|21814.265931|152699.861517|64133.941837|33593.969534|27|21.915000|project:1800x1400:2.15040:6.40000
Aluplast|6|proyectante|3000|2200|23|10.400000|10.400000|5.990400|4694.144000|8506.368000|1622.400000|499.200000|2920.000000|0.000000|594.023040|1485.000000|21971.135040|37881.267310|871269.148138|365933.042218|191679.212590|138|82.110000|project:3000x2200:5.99040:10.40000
Aluplast|6|puerta-1|1200|1000|1|4.400000|4.400000|0.950400|1985.984000|1349.568000|686.400000|211.200000|2920.000000|0.000000|150.099840|270.000000|9223.251840|15902.158345|15902.158345|6678.906505|3498.474836|3|4.155000|door:1200x1000:0.95040:4.40000
Aluplast|6|puerta-1|1800|1400|7|6.400000|6.400000|2.150400|2888.704000|3053.568000|998.400000|307.200000|2920.000000|0.000000|267.402240|567.000000|12652.274240|21814.265931|152699.861517|64133.941837|33593.969534|27|21.915000|door:1800x1400:2.15040:6.40000
Aluplast|6|puerta-1|3000|2200|23|10.400000|10.400000|5.990400|4694.144000|8506.368000|1622.400000|499.200000|2920.000000|0.000000|594.023040|1485.000000|21971.135040|37881.267310|871269.148138|365933.042218|191679.212590|138|82.110000|door:3000x2200:5.99040:10.40000
Aluplast|6|puerta-2|1200|1000|1|5.400000|6.400000|0.844800|2659.104000|1199.616000|920.400000|283.200000|3030.000000|0.000000|173.642400|270.000000|10185.962400|17562.004138|17562.004138|7376.041738|3863.640910|6|16.525000|door:600x1000:0.42240:3.20000,door:600x1000:0.42240:3.20000
Aluplast|6|puerta-2|1800|1400|7|7.800000|9.200000|1.996800|3831.072000|2835.456000|1326.000000|408.000000|3030.000000|0.000000|299.993760|567.000000|13947.521760|24047.451310|168332.159172|70699.506852|37033.075018|35|19.040000|door:900x1400:0.99840:4.60000,door:900x1400:0.99840:4.60000
Aluplast|6|puerta-2|3000|2200|23|12.600000|14.800000|5.740800|6175.008000|8151.936000|2137.200000|657.600000|3030.000000|0.000000|644.712480|1485.000000|23931.456480|41261.131862|949006.032828|398582.533788|208781.327222|212|257.645000|door:1500x2200:2.87040:7.40000,door:1500x2200:2.87040:7.40000
Aluplast|6|combinado-fijo-corr|1200|1000|1|6.250000|4.936000|0.741168|2529.607360|1052.458560|872.508000|268.464000|3030.000000|0.000000|161.192966|270.000000|9834.230886|16955.570494|16955.570494|7121.339607|3730.225509|5|9.673000|fixed:1200x350:0.24840:0.00000,sliding:592x642:0.24638:2.46800,sliding:592x642:0.24638:2.46800
Aluplast|6|combinado-fijo-corr|1800|1400|7|9.110000|7.176000|1.829008|3683.005760|2597.191360|1270.308000|390.864000|3030.000000|0.000000|282.608870|567.000000|13470.977990|23225.824121|162580.768850|68283.922917|35767.769147|39|29.191000|fixed:1800x489.99999999999994:0.62160:0.00000,sliding:892x902:0.60370:3.58800,sliding:892x902:0.60370:3.58800
Aluplast|6|combinado-fijo-corr|3000|2200|23|14.830000|11.656000|5.444688|5989.802560|7731.456960|2065.908000|635.664000|3030.000000|0.000000|617.456678|1485.000000|23205.288198|40009.117583|920209.704419|386488.075856|202446.134972|208|153.764000|fixed:3000x770:1.87200:0.00000,sliding:1492x1422:1.78634:5.82800,sliding:1492x1422:1.78634:5.82800
Aluplast|7|fijo-1|1200|1000|1|4.400000|0.000000|0.950400|1025.024000|1349.568000|343.200000|105.600000|2480.000000|0.000000|106.856640|270.000000|7330.248640|12638.359724|12638.359724|5308.111084|2780.439139|2|2.770000|fixed:1200x1000:0.95040:0.00000
Aluplast|7|fijo-1|1800|1400|7|6.400000|0.000000|2.150400|1490.944000|3053.568000|499.200000|153.600000|2480.000000|0.000000|204.503040|567.000000|10098.815040|17411.750069|121882.250483|51190.545203|26814.095106|18|14.610000|fixed:1800x1400:2.15040:0.00000
Aluplast|7|fijo-1|3000|2200|23|10.400000|0.000000|5.990400|2422.784000|8506.368000|811.200000|249.600000|2480.000000|0.000000|491.811840|1485.000000|18096.763840|31201.316966|717630.290207|301404.721887|157878.663846|92|54.740000|fixed:3000x2200:5.99040:0.00000
Aluplast|7|corr-1|1200|1000|1|4.400000|4.336000|0.919296|1952.581120|1305.400320|681.408000|209.664000|2590.000000|0.000000|146.609165|270.000000|8805.662605|15182.176905|15182.176905|6376.514300|3340.078919|3|4.283000|sliding:1184x984:0.91930:4.33600
Aluplast|7|corr-1|1800|1400|7|6.400000|6.336000|2.103296|2846.341120|2986.680320|993.408000|305.664000|2590.000000|0.000000|262.485965|567.000000|12201.579405|21037.205870|147260.441092|61849.385259|32397.297040|27|22.811000|sliding:1784x1384:2.10330:6.33600
Aluplast|7|corr-1|3000|2200|23|10.400000|10.336000|5.911296|4633.861120|8394.040320|1617.408000|497.664000|2590.000000|0.000000|586.255565|1485.000000|21454.229005|36990.050008|850771.150190|357323.883080|187169.653042|138|85.054000|sliding:2984x2184:5.91130:10.33600
Aluplast|7|corr-2-moviles|1200|1000|1|5.400000|6.304000|0.815616|2606.535680|1158.174720|912.912000|280.896000|2700.000000|0.000000|169.411968|270.000000|9747.930368|16806.776497|16806.776497|7058.846129|3697.490829|6|16.717000|sliding:592x984:0.40781:3.15200,sliding:592x984:0.40781:3.15200
Aluplast|7|corr-2-moviles|1800|1400|7|7.800000|9.104000|1.951616|3764.615680|2771.294720|1318.512000|405.696000|2700.000000|0.000000|294.115968|567.000000|13471.234368|23226.266152|162583.863062|68285.222486|35768.449874|35|20.384000|sliding:892x1384:0.97581:4.55200,sliding:892x1384:0.97581:4.55200
Aluplast|7|corr-2-moviles|3000|2200|23|12.600000|14.704000|5.663616|6080.775680|8042.334720|2129.712000|655.296000|2700.000000|0.000000|635.539968|1485.000000|23378.658368|40308.031669|927084.728386|389375.585922|203958.640245|212|262.061000|sliding:1492x2184:2.83181:7.35200,sliding:1492x2184:2.83181:7.35200
Aluplast|7|corr-2-fija-movil|1200|1000|1|5.400000|6.304000|0.815616|2606.535680|1158.174720|912.912000|280.896000|2590.000000|0.000000|169.411968|270.000000|9637.930368|16617.121324|16617.121324|6979.190956|3655.766691|6|16.717000|sliding-fixed:592x984:0.40781:3.15200,sliding:592x984:0.40781:3.15200
Aluplast|7|corr-2-fija-movil|1800|1400|7|7.800000|9.104000|1.951616|3764.615680|2771.294720|1318.512000|405.696000|2590.000000|0.000000|294.115968|567.000000|13361.234368|23036.610979|161256.276855|67727.636279|35476.380908|35|20.384000|sliding-fixed:892x1384:0.97581:4.55200,sliding:892x1384:0.97581:4.55200
Aluplast|7|corr-2-fija-movil|3000|2200|23|12.600000|14.704000|5.663616|6080.775680|8042.334720|2129.712000|655.296000|2590.000000|0.000000|635.539968|1485.000000|23268.658368|40118.376497|922722.659421|387543.516957|202998.985073|212|262.061000|sliding-fixed:1492x2184:2.83181:7.35200,sliding:1492x2184:2.83181:7.35200
Aluplast|7|corr-3|1200|1000|1|6.400000|8.272000|0.711936|3260.490240|1010.949120|1144.416000|352.128000|2590.000000|0.000000|192.214771|270.000000|10470.198131|18052.065743|18052.065743|7581.867612|3971.454464|6|11.736000|sliding-fixed:392x984:0.23501:2.75200,sliding:400x984:0.24192:2.76800,sliding-fixed:392x984:0.23501:2.75200
Aluplast|7|corr-3|1800|1400|7|9.200000|11.872000|1.799936|4682.890240|2555.909120|1643.616000|505.728000|2590.000000|0.000000|325.745971|567.000000|14520.889331|25036.016088|175252.112618|73605.887300|38555.464776|45|29.567000|sliding-fixed:592x1384:0.59661:3.95200,sliding:600x1384:0.60672:3.96800,sliding-fixed:592x1384:0.59661:3.95200
Aluplast|7|corr-3|3000|2200|23|14.800000|19.072000|5.415936|7527.690240|7690.629120|2642.016000|812.928000|2590.000000|0.000000|684.824371|1485.000000|25083.087731|43246.702985|994674.168651|417763.150833|218828.317103|235|143.013000|sliding-fixed:992x2184:1.79981:6.35200,sliding:1000x2184:1.81632:6.36800,sliding-fixed:992x2184:1.79981:6.35200
Aluplast|7|corr-4|1200|1000|1|7.400000|10.240000|0.608256|3914.444800|863.723520|1375.920000|423.360000|2920.000000|0.000000|215.017574|270.000000|11632.465894|20055.975680|20055.975680|8423.509786|4412.314650|6|6.755000|sliding:292x984:0.14861:2.55200,sliding:300x984:0.15552:2.56800,sliding:300x984:0.15552:2.56800,sliding:292x984:0.14861:2.55200
Aluplast|7|corr-4|1800|1400|7|10.600000|14.640000|1.648256|5601.164800|2340.523520|1968.720000|605.760000|2920.000000|0.000000|357.375974|567.000000|16010.544294|27604.386714|193230.707001|81156.896941|42510.755540|53|27.140000|sliding:442x1384:0.40701:3.65200,sliding:450x1384:0.41712:3.66800,sliding:450x1384:0.41712:3.66800,sliding:442x1384:0.40701:3.65200
Aluplast|7|corr-4|3000|2200|23|17.000000|23.440000|5.168256|8974.604800|7338.923520|3154.320000|970.560000|2920.000000|0.000000|734.108774|1485.000000|27227.517094|46943.994990|1079711.884778|453478.991607|237536.614651|293|227.140000|sliding:742x2184:1.28381:5.85200,sliding:750x2184:1.30032:5.86800,sliding:750x2184:1.30032:5.86800,sliding:742x2184:1.28381:5.85200
Aluplast|7|abatible|1200|1000|1|4.400000|4.400000|0.950400|1966.272000|1349.568000|686.400000|211.200000|2590.000000|0.000000|149.212800|270.000000|8872.652800|15297.677241|15297.677241|6425.024441|3365.488993|3|4.155000|casement-out:1200x1000:0.95040:4.40000
Aluplast|7|abatible|1800|1400|7|6.400000|6.400000|2.150400|2860.032000|3053.568000|998.400000|307.200000|2590.000000|0.000000|266.112000|567.000000|12292.312000|21193.641379|148355.489655|62309.305655|32638.207724|27|21.915000|casement-out:1800x1400:2.15040:6.40000
Aluplast|7|abatible|3000|2200|23|10.400000|10.400000|5.990400|4647.552000|8506.368000|1622.400000|499.200000|2590.000000|0.000000|591.926400|1485.000000|21592.446400|37228.355862|856252.184828|359625.917628|188375.480662|138|82.110000|casement-out:3000x2200:5.99040:10.40000
Aluplast|7|oscilo|1200|1000|1|4.400000|4.400000|0.950400|1966.272000|1349.568000|686.400000|211.200000|2590.000000|0.000000|149.212800|270.000000|8872.652800|15297.677241|15297.677241|6425.024441|3365.488993|3|4.155000|tilt-turn:1200x1000:0.95040:4.40000
Aluplast|7|oscilo|1800|1400|7|6.400000|6.400000|2.150400|2860.032000|3053.568000|998.400000|307.200000|2590.000000|0.000000|266.112000|567.000000|12292.312000|21193.641379|148355.489655|62309.305655|32638.207724|27|21.915000|tilt-turn:1800x1400:2.15040:6.40000
Aluplast|7|oscilo|3000|2200|23|10.400000|10.400000|5.990400|4647.552000|8506.368000|1622.400000|499.200000|2590.000000|0.000000|591.926400|1485.000000|21592.446400|37228.355862|856252.184828|359625.917628|188375.480662|138|82.110000|tilt-turn:3000x2200:5.99040:10.40000
Aluplast|7|proyectante|1200|1000|1|4.400000|4.400000|0.950400|1966.272000|1349.568000|686.400000|211.200000|2590.000000|0.000000|149.212800|270.000000|8872.652800|15297.677241|15297.677241|6425.024441|3365.488993|3|4.155000|project:1200x1000:0.95040:4.40000
Aluplast|7|proyectante|1800|1400|7|6.400000|6.400000|2.150400|2860.032000|3053.568000|998.400000|307.200000|2590.000000|0.000000|266.112000|567.000000|12292.312000|21193.641379|148355.489655|62309.305655|32638.207724|27|21.915000|project:1800x1400:2.15040:6.40000
Aluplast|7|proyectante|3000|2200|23|10.400000|10.400000|5.990400|4647.552000|8506.368000|1622.400000|499.200000|2590.000000|0.000000|591.926400|1485.000000|21592.446400|37228.355862|856252.184828|359625.917628|188375.480662|138|82.110000|project:3000x2200:5.99040:10.40000
Aluplast|7|puerta-1|1200|1000|1|4.400000|4.400000|0.950400|1966.272000|1349.568000|686.400000|211.200000|2590.000000|0.000000|149.212800|270.000000|8872.652800|15297.677241|15297.677241|6425.024441|3365.488993|3|4.155000|door:1200x1000:0.95040:4.40000
Aluplast|7|puerta-1|1800|1400|7|6.400000|6.400000|2.150400|2860.032000|3053.568000|998.400000|307.200000|2590.000000|0.000000|266.112000|567.000000|12292.312000|21193.641379|148355.489655|62309.305655|32638.207724|27|21.915000|door:1800x1400:2.15040:6.40000
Aluplast|7|puerta-1|3000|2200|23|10.400000|10.400000|5.990400|4647.552000|8506.368000|1622.400000|499.200000|2590.000000|0.000000|591.926400|1485.000000|21592.446400|37228.355862|856252.184828|359625.917628|188375.480662|138|82.110000|door:3000x2200:5.99040:10.40000
Aluplast|7|puerta-2|1200|1000|1|5.400000|6.400000|0.844800|2627.072000|1199.616000|920.400000|283.200000|2700.000000|0.000000|172.200960|270.000000|9822.488960|16935.325793|16935.325793|7112.836833|3725.771674|6|16.525000|door:600x1000:0.42240:3.20000,door:600x1000:0.42240:3.20000
Aluplast|7|puerta-2|1800|1400|7|7.800000|9.200000|1.996800|3785.152000|2835.456000|1326.000000|408.000000|2700.000000|0.000000|297.927360|567.000000|13569.535360|23395.750621|163770.254345|68783.506825|36029.455956|35|19.040000|door:900x1400:0.99840:4.60000,door:900x1400:0.99840:4.60000
Aluplast|7|puerta-2|3000|2200|23|12.600000|14.800000|5.740800|6101.312000|8151.936000|2137.200000|657.600000|2700.000000|0.000000|641.396160|1485.000000|23524.444160|40559.386483|932865.889103|391803.673423|205230.495603|212|257.645000|door:1500x2200:2.87040:7.40000,door:1500x2200:2.87040:7.40000
Aluplast|7|combinado-fijo-corr|1200|1000|1|6.250000|4.936000|0.741168|2511.909120|1052.458560|872.508000|268.464000|2700.000000|0.000000|160.396546|270.000000|9485.736226|16354.717630|16354.717630|6868.981405|3598.037879|5|9.673000|fixed:1200x350:0.24840:0.00000,sliding:592x642:0.24638:2.46800,sliding:592x642:0.24638:2.46800
Aluplast|7|combinado-fijo-corr|1800|1400|7|9.110000|7.176000|1.829008|3657.355520|2597.191360|1270.308000|390.864000|2700.000000|0.000000|281.454610|567.000000|13114.173490|22610.643948|158274.507633|66475.293206|34820.391679|39|29.191000|fixed:1800x489.99999999999994:0.62160:0.00000,sliding:892x902:0.60370:3.58800,sliding:892x902:0.60370:3.58800
Aluplast|7|combinado-fijo-corr|3000|2200|23|14.830000|11.656000|5.444688|5948.248320|7731.456960|2065.908000|635.664000|2700.000000|0.000000|615.586738|1485.000000|22831.864018|39365.282789|905401.504146|380268.631741|199188.330912|208|153.764000|fixed:3000x770:1.87200:0.00000,sliding:1492x1422:1.78634:5.82800,sliding:1492x1422:1.78634:5.82800
Aluplast|8|fijo-1|1200|1000|1|4.400000|0.000000|0.950400|1163.008000|1349.568000|343.200000|105.600000|2730.000000|0.000000|113.065920|270.000000|7724.441920|13318.003310|13318.003310|5593.561390|2929.960728|2|2.770000|fixed:1200x1000:0.95040:0.00000
Aluplast|8|fijo-1|1800|1400|7|6.400000|0.000000|2.150400|1691.648000|3053.568000|499.200000|153.600000|2730.000000|0.000000|213.534720|567.000000|10558.550720|18204.397793|127430.784552|53520.929512|28034.772601|18|14.610000|fixed:1800x1400:2.15040:0.00000
Aluplast|8|fijo-1|3000|2200|23|10.400000|0.000000|5.990400|2748.928000|8506.368000|811.200000|249.600000|2730.000000|0.000000|506.488320|1485.000000|18687.584320|32219.972966|741059.378207|311244.938847|163033.063206|92|54.740000|fixed:3000x2200:5.99040:0.00000
Aluplast|8|corr-1|1200|1000|1|4.400000|4.336000|0.919296|2158.553600|1305.400320|681.408000|209.664000|2840.000000|0.000000|155.877926|270.000000|9270.903846|15984.316977|15984.316977|6713.413130|3516.549735|3|4.283000|sliding:1184x984:0.91930:4.33600
Aluplast|8|corr-1|1800|1400|7|6.400000|6.336000|2.103296|3146.393600|2986.680320|993.408000|305.664000|2840.000000|0.000000|275.988326|567.000000|12765.134246|22008.852149|154061.965043|64706.025318|33893.632309|27|22.811000|sliding:1784x1384:2.10330:6.33600
Aluplast|8|corr-1|3000|2200|23|10.400000|10.336000|5.911296|5122.073600|8394.040320|1617.408000|497.664000|2840.000000|0.000000|608.225126|1485.000000|22214.411046|38300.708701|880916.300116|369984.846049|193801.586025|138|85.054000|sliding:2984x2184:5.91130:10.33600
Aluplast|8|corr-2-moviles|1200|1000|1|5.400000|6.304000|0.815616|2874.726400|1158.174720|912.912000|280.896000|2950.000000|0.000000|181.480550|270.000000|10278.189670|17721.016673|17721.016673|7442.827003|3898.623668|6|16.717000|sliding:592x984:0.40781:3.15200,sliding:592x984:0.40781:3.15200
Aluplast|8|corr-2-moviles|1800|1400|7|7.800000|9.104000|1.951616|4151.974400|2771.294720|1318.512000|405.696000|2950.000000|0.000000|311.547110|567.000000|14126.024230|24355.214190|170486.499332|71604.329720|37507.029853|35|20.384000|sliding:892x1384:0.97581:4.55200,sliding:892x1384:0.97581:4.55200
Aluplast|8|corr-2-moviles|3000|2200|23|12.600000|14.704000|5.663616|6706.470400|8042.334720|2129.712000|655.296000|2950.000000|0.000000|663.696230|1485.000000|24282.509350|41866.395432|962927.094930|404429.379870|211843.960885|212|262.061000|sliding:1492x2184:2.83181:7.35200,sliding:1492x2184:2.83181:7.35200
Aluplast|8|corr-2-fija-movil|1200|1000|1|5.400000|6.304000|0.815616|2874.726400|1158.174720|912.912000|280.896000|2840.000000|0.000000|181.480550|270.000000|10168.189670|17531.361501|17531.361501|7363.171830|3856.899530|6|16.717000|sliding-fixed:592x984:0.40781:3.15200,sliding:592x984:0.40781:3.15200
Aluplast|8|corr-2-fija-movil|1800|1400|7|7.800000|9.104000|1.951616|4151.974400|2771.294720|1318.512000|405.696000|2840.000000|0.000000|311.547110|567.000000|14016.024230|24165.559018|169158.913126|71046.743513|37214.960888|35|20.384000|sliding-fixed:892x1384:0.97581:4.55200,sliding:892x1384:0.97581:4.55200
Aluplast|8|corr-2-fija-movil|3000|2200|23|12.600000|14.704000|5.663616|6706.470400|8042.334720|2129.712000|655.296000|2840.000000|0.000000|663.696230|1485.000000|24172.509350|41676.740259|958565.025964|402597.310905|210884.305712|212|262.061000|sliding-fixed:1492x2184:2.83181:7.35200,sliding:1492x2184:2.83181:7.35200
Aluplast|8|corr-3|1200|1000|1|6.400000|8.272000|0.711936|3590.899200|1010.949120|1144.416000|352.128000|2840.000000|0.000000|207.083174|270.000000|11065.475494|19078.406025|19078.406025|8012.930530|4197.249325|6|11.736000|sliding-fixed:392x984:0.23501:2.75200,sliding:400x984:0.24192:2.76800,sliding-fixed:392x984:0.23501:2.75200
Aluplast|8|corr-3|1800|1400|7|9.200000|11.872000|1.799936|5157.555200|2555.909120|1643.616000|505.728000|2840.000000|0.000000|347.105894|567.000000|15266.914214|26322.265887|184255.861208|77387.461707|40536.289466|45|29.567000|sliding-fixed:592x1384:0.59661:3.95200,sliding:600x1384:0.60672:3.96800,sliding-fixed:592x1384:0.59661:3.95200
Aluplast|8|corr-3|3000|2200|23|14.800000|19.072000|5.415936|8290.867200|7690.629120|2642.016000|812.928000|2840.000000|0.000000|719.167334|1485.000000|26130.607654|45052.771818|1036213.751812|435209.775761|227967.025399|235|143.013000|sliding-fixed:992x2184:1.79981:6.35200,sliding:1000x2184:1.81632:6.36800,sliding-fixed:992x2184:1.79981:6.35200
Aluplast|8|corr-4|1200|1000|1|7.400000|10.240000|0.608256|4307.072000|863.723520|1375.920000|423.360000|3170.000000|0.000000|232.685798|270.000000|12292.761318|21194.416066|21194.416066|8901.654748|4662.771535|6|6.755000|sliding:292x984:0.14861:2.55200,sliding:300x984:0.15552:2.56800,sliding:300x984:0.15552:2.56800,sliding:292x984:0.14861:2.55200
Aluplast|8|corr-4|1800|1400|7|10.600000|14.640000|1.648256|6163.136000|2340.523520|1968.720000|605.760000|3170.000000|0.000000|382.664678|567.000000|16847.804198|29047.938273|203335.567912|85400.938523|44733.824941|53|27.140000|sliding:442x1384:0.40701:3.65200,sliding:450x1384:0.41712:3.66800,sliding:450x1384:0.41712:3.66800,sliding:442x1384:0.40701:3.65200
Aluplast|8|corr-4|3000|2200|23|17.000000|23.440000|5.168256|9875.264000|7338.923520|3154.320000|970.560000|3170.000000|0.000000|774.638438|1485.000000|28418.705958|48997.768894|1126948.684557|473318.447514|247928.710603|293|227.140000|sliding:742x2184:1.28381:5.85200,sliding:750x2184:1.30032:5.86800,sliding:750x2184:1.30032:5.86800,sliding:742x2184:1.28381:5.85200
Aluplast|8|abatible|1200|1000|1|4.400000|4.400000|0.950400|2173.248000|1349.568000|686.400000|211.200000|2840.000000|0.000000|158.526720|270.000000|9338.942720|16101.625379|16101.625379|6762.682659|3542.357583|3|4.155000|casement-out:1200x1000:0.95040:4.40000
Aluplast|8|abatible|1800|1400|7|6.400000|6.400000|2.150400|3161.088000|3053.568000|998.400000|307.200000|2840.000000|0.000000|279.659520|567.000000|12856.915520|22167.095724|155169.670069|65171.261429|34137.327415|27|21.915000|casement-out:1800x1400:2.15040:6.40000
Aluplast|8|abatible|3000|2200|23|10.400000|10.400000|5.990400|5136.768000|8506.368000|1622.400000|499.200000|2840.000000|0.000000|613.941120|1485.000000|22353.677120|38540.822621|886438.920276|372304.346516|195016.562461|138|82.110000|casement-out:3000x2200:5.99040:10.40000
Aluplast|8|oscilo|1200|1000|1|4.400000|4.400000|0.950400|2173.248000|1349.568000|686.400000|211.200000|2840.000000|0.000000|158.526720|270.000000|9338.942720|16101.625379|16101.625379|6762.682659|3542.357583|3|4.155000|tilt-turn:1200x1000:0.95040:4.40000
Aluplast|8|oscilo|1800|1400|7|6.400000|6.400000|2.150400|3161.088000|3053.568000|998.400000|307.200000|2840.000000|0.000000|279.659520|567.000000|12856.915520|22167.095724|155169.670069|65171.261429|34137.327415|27|21.915000|tilt-turn:1800x1400:2.15040:6.40000
Aluplast|8|oscilo|3000|2200|23|10.400000|10.400000|5.990400|5136.768000|8506.368000|1622.400000|499.200000|2840.000000|0.000000|613.941120|1485.000000|22353.677120|38540.822621|886438.920276|372304.346516|195016.562461|138|82.110000|tilt-turn:3000x2200:5.99040:10.40000
Aluplast|8|proyectante|1200|1000|1|4.400000|4.400000|0.950400|2173.248000|1349.568000|686.400000|211.200000|2840.000000|0.000000|158.526720|270.000000|9338.942720|16101.625379|16101.625379|6762.682659|3542.357583|3|4.155000|project:1200x1000:0.95040:4.40000
Aluplast|8|proyectante|1800|1400|7|6.400000|6.400000|2.150400|3161.088000|3053.568000|998.400000|307.200000|2840.000000|0.000000|279.659520|567.000000|12856.915520|22167.095724|155169.670069|65171.261429|34137.327415|27|21.915000|project:1800x1400:2.15040:6.40000
Aluplast|8|proyectante|3000|2200|23|10.400000|10.400000|5.990400|5136.768000|8506.368000|1622.400000|499.200000|2840.000000|0.000000|613.941120|1485.000000|22353.677120|38540.822621|886438.920276|372304.346516|195016.562461|138|82.110000|project:3000x2200:5.99040:10.40000
Aluplast|8|puerta-1|1200|1000|1|4.400000|4.400000|0.950400|2173.248000|1349.568000|686.400000|211.200000|2840.000000|0.000000|158.526720|270.000000|9338.942720|16101.625379|16101.625379|6762.682659|3542.357583|3|4.155000|door:1200x1000:0.95040:4.40000
Aluplast|8|puerta-1|1800|1400|7|6.400000|6.400000|2.150400|3161.088000|3053.568000|998.400000|307.200000|2840.000000|0.000000|279.659520|567.000000|12856.915520|22167.095724|155169.670069|65171.261429|34137.327415|27|21.915000|door:1800x1400:2.15040:6.40000
Aluplast|8|puerta-1|3000|2200|23|10.400000|10.400000|5.990400|5136.768000|8506.368000|1622.400000|499.200000|2840.000000|0.000000|613.941120|1485.000000|22353.677120|38540.822621|886438.920276|372304.346516|195016.562461|138|82.110000|door:3000x2200:5.99040:10.40000
Aluplast|8|puerta-2|1200|1000|1|5.400000|6.400000|0.844800|2896.768000|1199.616000|920.400000|283.200000|2950.000000|0.000000|184.337280|270.000000|10354.321280|17852.278069|17852.278069|7497.956789|3927.501175|6|16.525000|door:600x1000:0.42240:3.20000,door:600x1000:0.42240:3.20000
Aluplast|8|puerta-2|1800|1400|7|7.800000|9.200000|1.996800|4174.016000|2835.456000|1326.000000|408.000000|2950.000000|0.000000|315.426240|567.000000|14225.898240|24527.410759|171691.875310|72110.587630|37772.212568|35|19.040000|door:900x1400:0.99840:4.60000,door:900x1400:0.99840:4.60000
Aluplast|8|puerta-2|3000|2200|23|12.600000|14.800000|5.740800|6728.512000|8151.936000|2137.200000|657.600000|2950.000000|0.000000|669.620160|1485.000000|24429.868160|42120.462345|968770.633931|406883.666251|213129.539465|212|257.645000|door:1500x2200:2.87040:7.40000,door:1500x2200:2.87040:7.40000
Aluplast|8|combinado-fijo-corr|1200|1000|1|6.250000|4.936000|0.741168|2785.305600|1052.458560|872.508000|268.464000|2950.000000|0.000000|172.699387|270.000000|10021.435547|17278.337150|17278.337150|7256.901603|3801.234173|5|9.673000|fixed:1200x350:0.24840:0.00000,sliding:592x642:0.24638:2.46800,sliding:592x642:0.24638:2.46800
Aluplast|8|combinado-fijo-corr|1800|1400|7|9.110000|7.176000|1.829008|4055.564800|2597.191360|1270.308000|390.864000|2950.000000|0.000000|299.374027|567.000000|13780.302187|23759.141702|166313.991914|69851.876604|36589.078221|39|29.191000|fixed:1800x489.99999999999994:0.62160:0.00000,sliding:892x902:0.60370:3.58800,sliding:892x902:0.60370:3.58800
Aluplast|8|combinado-fijo-corr|3000|2200|23|14.830000|11.656000|5.444688|6596.083200|7731.456960|2065.908000|635.664000|2950.000000|0.000000|644.739307|1485.000000|23758.851467|40963.537012|942161.351286|395707.767540|207275.497283|208|153.764000|fixed:3000x770:1.87200:0.00000,sliding:1492x1422:1.78634:5.82800,sliding:1492x1422:1.78634:5.82800
Aluplast|9|fijo-1|1200|1000|1|4.400000|0.000000|0.950400|1271.424000|1349.568000|343.200000|105.600000|2980.000000|0.000000|117.944640|270.000000|8087.736640|13944.373517|13944.373517|5856.636877|3067.762174|2|2.770000|fixed:1200x1000:0.95040:0.00000
Aluplast|9|fijo-1|1800|1400|7|6.400000|0.000000|2.150400|1849.344000|3053.568000|499.200000|153.600000|2980.000000|0.000000|220.631040|567.000000|10973.343040|18919.556966|132436.898759|55623.497479|29136.117727|18|14.610000|fixed:1800x1400:2.15040:0.00000
Aluplast|9|fijo-1|3000|2200|23|10.400000|0.000000|5.990400|3005.184000|8506.368000|811.200000|249.600000|2980.000000|0.000000|518.019840|1485.000000|19205.371840|33112.710069|761592.331586|319868.779266|167550.312949|92|54.740000|fixed:3000x2200:5.99040:0.00000
Aluplast|9|corr-1|1200|1000|1|4.400000|4.336000|0.919296|2359.239680|1305.400320|681.408000|209.664000|3090.000000|0.000000|164.908800|270.000000|9730.620800|16776.932414|16776.932414|7046.311614|3690.925131|3|4.283000|sliding:1184x984:0.91930:4.33600
Aluplast|9|corr-1|1800|1400|7|6.400000|6.336000|2.103296|3438.919680|2986.680320|993.408000|305.664000|3090.000000|0.000000|289.152000|567.000000|13320.824000|22966.937931|160768.565517|67522.797517|35369.084414|27|22.811000|sliding:1784x1384:2.10330:6.33600
Aluplast|9|corr-1|3000|2200|23|10.400000|10.336000|5.911296|5598.279680|8394.040320|1617.408000|497.664000|3090.000000|0.000000|629.654400|1485.000000|22962.046400|39589.735172|910563.908966|382436.841766|200324.059972|138|85.054000|sliding:2984x2184:5.91130:10.33600
Aluplast|9|corr-2-moviles|1200|1000|1|5.400000|6.304000|0.815616|3141.931520|1158.174720|912.912000|280.896000|3200.000000|0.000000|193.504781|270.000000|10807.419021|18633.481070|18633.481070|7826.062050|4099.365835|6|16.717000|sliding:592x984:0.40781:3.15200,sliding:592x984:0.40781:3.15200
Aluplast|9|corr-2-moviles|1800|1400|7|7.800000|9.104000|1.951616|4537.899520|2771.294720|1318.512000|405.696000|3200.000000|0.000000|328.913741|567.000000|14779.315981|25481.579277|178371.054941|74915.843075|39241.632087|35|20.384000|sliding:892x1384:0.97581:4.55200,sliding:892x1384:0.97581:4.55200
Aluplast|9|corr-2-moviles|3000|2200|23|12.600000|14.704000|5.663616|7329.835520|8042.334720|2129.712000|655.296000|3200.000000|0.000000|691.747661|1485.000000|25183.925901|43420.561898|998672.923652|419442.627934|219708.043204|212|262.061000|sliding:1492x2184:2.83181:7.35200,sliding:1492x2184:2.83181:7.35200
Aluplast|9|corr-2-fija-movil|1200|1000|1|5.400000|6.304000|0.815616|3141.931520|1158.174720|912.912000|280.896000|3090.000000|0.000000|193.504781|270.000000|10697.419021|18443.825898|18443.825898|7746.406877|4057.641698|6|16.717000|sliding-fixed:592x984:0.40781:3.15200,sliding:592x984:0.40781:3.15200
Aluplast|9|corr-2-fija-movil|1800|1400|7|7.800000|9.104000|1.951616|4537.899520|2771.294720|1318.512000|405.696000|3090.000000|0.000000|328.913741|567.000000|14669.315981|25291.924105|177043.468734|74358.256868|38949.563121|35|20.384000|sliding-fixed:892x1384:0.97581:4.55200,sliding:892x1384:0.97581:4.55200
Aluplast|9|corr-2-fija-movil|3000|2200|23|12.600000|14.704000|5.663616|7329.835520|8042.334720|2129.712000|655.296000|3090.000000|0.000000|691.747661|1485.000000|25073.925901|43230.906726|994310.854687|417610.558968|218748.388031|212|262.061000|sliding-fixed:1492x2184:2.83181:7.35200,sliding:1492x2184:2.83181:7.35200
Aluplast|9|corr-3|1200|1000|1|6.400000|8.272000|0.711936|3924.623360|1010.949120|1144.416000|352.128000|3090.000000|0.000000|222.100762|270.000000|11664.217242|20110.719382|20110.719382|8446.502140|4424.358264|6|11.736000|sliding-fixed:392x984:0.23501:2.75200,sliding:400x984:0.24192:2.76800,sliding-fixed:392x984:0.23501:2.75200
Aluplast|9|corr-3|1800|1400|7|9.200000|11.872000|1.799936|5636.879360|2555.909120|1643.616000|505.728000|3090.000000|0.000000|368.675482|567.000000|16017.807962|27616.910279|193318.371950|81193.716219|42530.041829|45|29.567000|sliding-fixed:592x1384:0.59661:3.95200,sliding:600x1384:0.60672:3.96800,sliding-fixed:592x1384:0.59661:3.95200
Aluplast|9|corr-3|3000|2200|23|14.800000|19.072000|5.415936|9061.391360|7690.629120|2642.016000|812.928000|3090.000000|0.000000|753.840922|1485.000000|27185.805402|46872.078279|1078057.800408|452784.276171|237172.716090|235|143.013000|sliding-fixed:992x2184:1.79981:6.35200,sliding:1000x2184:1.81632:6.36800,sliding-fixed:992x2184:1.79981:6.35200
Aluplast|9|corr-4|1200|1000|1|7.400000|10.240000|0.608256|4707.315200|863.723520|1375.920000|423.360000|3420.000000|0.000000|250.696742|270.000000|12961.015462|22346.578383|22346.578383|9385.562921|4916.247244|6|6.755000|sliding:292x984:0.14861:2.55200,sliding:300x984:0.15552:2.56800,sliding:300x984:0.15552:2.56800,sliding:292x984:0.14861:2.55200
Aluplast|9|corr-4|1800|1400|7|10.600000|14.640000|1.648256|6735.859200|2340.523520|1968.720000|605.760000|3420.000000|0.000000|408.437222|567.000000|17696.299942|30510.861970|213576.033788|89701.934191|46986.727433|53|27.140000|sliding:442x1384:0.40701:3.65200,sliding:450x1384:0.41712:3.66800,sliding:450x1384:0.41712:3.66800,sliding:442x1384:0.40701:3.65200
Aluplast|9|corr-4|3000|2200|23|17.000000|23.440000|5.168256|10792.947200|7338.923520|3154.320000|970.560000|3420.000000|0.000000|815.934182|1485.000000|29627.684902|51082.215349|1174890.953026|493454.200271|258476.009666|293|227.140000|sliding:742x2184:1.28381:5.85200,sliding:750x2184:1.30032:5.86800,sliding:750x2184:1.30032:5.86800,sliding:742x2184:1.28381:5.85200
Aluplast|9|abatible|1200|1000|1|4.400000|4.400000|0.950400|2375.296000|1349.568000|686.400000|211.200000|3090.000000|0.000000|167.618880|270.000000|9800.082880|16896.694621|16896.694621|7096.611741|3717.272817|3|4.155000|casement-out:1200x1000:0.95040:4.40000
Aluplast|9|abatible|1800|1400|7|6.400000|6.400000|2.150400|3454.976000|3053.568000|998.400000|307.200000|3090.000000|0.000000|292.884480|567.000000|13414.028480|23127.635310|161893.447172|67995.247812|35616.558378|27|21.915000|casement-out:1800x1400:2.15040:6.40000
Aluplast|9|abatible|3000|2200|23|10.400000|10.400000|5.990400|5614.336000|8506.368000|1622.400000|499.200000|3090.000000|0.000000|635.431680|1485.000000|23102.735680|39832.302897|916142.966621|384780.045981|201551.452657|138|82.110000|casement-out:3000x2200:5.99040:10.40000
Aluplast|9|oscilo|1200|1000|1|4.400000|4.400000|0.950400|2375.296000|1349.568000|686.400000|211.200000|3090.000000|0.000000|167.618880|270.000000|9800.082880|16896.694621|16896.694621|7096.611741|3717.272817|3|4.155000|tilt-turn:1200x1000:0.95040:4.40000
Aluplast|9|oscilo|1800|1400|7|6.400000|6.400000|2.150400|3454.976000|3053.568000|998.400000|307.200000|3090.000000|0.000000|292.884480|567.000000|13414.028480|23127.635310|161893.447172|67995.247812|35616.558378|27|21.915000|tilt-turn:1800x1400:2.15040:6.40000
Aluplast|9|oscilo|3000|2200|23|10.400000|10.400000|5.990400|5614.336000|8506.368000|1622.400000|499.200000|3090.000000|0.000000|635.431680|1485.000000|23102.735680|39832.302897|916142.966621|384780.045981|201551.452657|138|82.110000|tilt-turn:3000x2200:5.99040:10.40000
Aluplast|9|proyectante|1200|1000|1|4.400000|4.400000|0.950400|2375.296000|1349.568000|686.400000|211.200000|3090.000000|0.000000|167.618880|270.000000|9800.082880|16896.694621|16896.694621|7096.611741|3717.272817|3|4.155000|project:1200x1000:0.95040:4.40000
Aluplast|9|proyectante|1800|1400|7|6.400000|6.400000|2.150400|3454.976000|3053.568000|998.400000|307.200000|3090.000000|0.000000|292.884480|567.000000|13414.028480|23127.635310|161893.447172|67995.247812|35616.558378|27|21.915000|project:1800x1400:2.15040:6.40000
Aluplast|9|proyectante|3000|2200|23|10.400000|10.400000|5.990400|5614.336000|8506.368000|1622.400000|499.200000|3090.000000|0.000000|635.431680|1485.000000|23102.735680|39832.302897|916142.966621|384780.045981|201551.452657|138|82.110000|project:3000x2200:5.99040:10.40000
Aluplast|9|puerta-1|1200|1000|1|4.400000|4.400000|0.950400|2375.296000|1349.568000|686.400000|211.200000|3090.000000|0.000000|167.618880|270.000000|9800.082880|16896.694621|16896.694621|7096.611741|3717.272817|3|4.155000|door:1200x1000:0.95040:4.40000
Aluplast|9|puerta-1|1800|1400|7|6.400000|6.400000|2.150400|3454.976000|3053.568000|998.400000|307.200000|3090.000000|0.000000|292.884480|567.000000|13414.028480|23127.635310|161893.447172|67995.247812|35616.558378|27|21.915000|door:1800x1400:2.15040:6.40000
Aluplast|9|puerta-1|3000|2200|23|10.400000|10.400000|5.990400|5614.336000|8506.368000|1622.400000|499.200000|3090.000000|0.000000|635.431680|1485.000000|23102.735680|39832.302897|916142.966621|384780.045981|201551.452657|138|82.110000|door:3000x2200:5.99040:10.40000
Aluplast|9|puerta-2|1200|1000|1|5.400000|6.400000|0.844800|3166.016000|1199.616000|920.400000|283.200000|3200.000000|0.000000|196.453440|270.000000|10885.685440|18768.423172|18768.423172|7882.737732|4129.053098|6|16.525000|door:600x1000:0.42240:3.20000,door:600x1000:0.42240:3.20000
Aluplast|9|puerta-2|1800|1400|7|7.800000|9.200000|1.996800|4561.984000|2835.456000|1326.000000|408.000000|3200.000000|0.000000|332.884800|567.000000|14881.324800|25657.456552|179602.195862|75432.922262|39512.483090|35|19.040000|door:900x1400:0.99840:4.60000,door:900x1400:0.99840:4.60000
Aluplast|9|puerta-2|3000|2200|23|12.600000|14.800000|5.740800|7353.920000|8151.936000|2137.200000|657.600000|3200.000000|0.000000|697.763520|1485.000000|25333.419520|43678.309517|1004601.118897|421932.469937|221012.246157|212|257.645000|door:1500x2200:2.87040:7.40000,door:1500x2200:2.87040:7.40000
Aluplast|9|combinado-fijo-corr|1200|1000|1|6.250000|4.936000|0.741168|3044.343680|1052.458560|872.508000|268.464000|3200.000000|0.000000|184.356101|270.000000|10542.130341|18176.086794|18176.086794|7633.956454|3998.739095|5|9.673000|fixed:1200x350:0.24840:0.00000,sliding:592x642:0.24638:2.46800,sliding:592x642:0.24638:2.46800
Aluplast|9|combinado-fijo-corr|1800|1400|7|9.110000|7.176000|1.829008|4432.740480|2597.191360|1270.308000|390.864000|3200.000000|0.000000|316.346933|567.000000|14424.450773|24869.742712|174088.198982|73117.043572|38299.403776|39|29.191000|fixed:1800x489.99999999999994:0.62160:0.00000,sliding:892x902:0.60370:3.58800,sliding:892x902:0.60370:3.58800
Aluplast|9|combinado-fijo-corr|3000|2200|23|14.830000|11.656000|5.444688|7209.534080|7731.456960|2065.908000|635.664000|3200.000000|0.000000|672.344597|1485.000000|24649.907637|42499.840753|977496.337321|410548.461675|215049.194211|208|153.764000|fixed:3000x770:1.87200:0.00000,sliding:1492x1422:1.78634:5.82800,sliding:1492x1422:1.78634:5.82800
Aluplast|10|fijo-1|1200|1000|1|4.400000|0.000000|0.950400|1207.360000|1349.568000|343.200000|105.600000|4530.000000|0.000000|115.061760|270.000000|9570.789760|16501.361655|16501.361655|6930.571895|3630.299564|2|2.770000|fixed:1200x1000:0.95040:0.00000
Aluplast|10|fijo-1|1800|1400|7|6.400000|0.000000|2.150400|1756.160000|3053.568000|499.200000|153.600000|4530.000000|0.000000|216.437760|567.000000|12425.965760|21424.078897|149968.552276|62986.791956|32993.081501|18|14.610000|fixed:1800x1400:2.15040:0.00000
Aluplast|10|fijo-1|3000|2200|23|10.400000|0.000000|5.990400|2853.760000|8506.368000|811.200000|249.600000|4530.000000|0.000000|511.205760|1485.000000|20597.133760|35512.299586|816782.890483|343048.814003|179692.235906|92|54.740000|fixed:3000x2200:5.99040:0.00000
Aluplast|10|corr-1|1200|1000|1|4.400000|4.336000|0.919296|2266.037760|1305.400320|681.408000|209.664000|4640.000000|0.000000|160.714714|270.000000|11183.224794|19281.422058|19281.422058|8098.197264|4241.912853|3|4.283000|sliding:1184x984:0.91930:4.33600
Aluplast|10|corr-1|1800|1400|7|6.400000|6.336000|2.103296|3303.157760|2986.680320|993.408000|305.664000|4640.000000|0.000000|283.042714|567.000000|14728.952794|25394.746196|177763.223371|74660.553816|39107.909142|27|22.811000|sliding:1784x1384:2.10330:6.33600
Aluplast|10|corr-1|3000|2200|23|10.400000|10.336000|5.911296|5377.397760|8394.040320|1617.408000|497.664000|4640.000000|0.000000|619.714714|1485.000000|24281.224794|41864.180679|962876.155608|404407.985355|211832.754234|138|85.054000|sliding:2984x2184:5.91130:10.33600
Aluplast|10|corr-2-moviles|1200|1000|1|5.400000|6.352000|0.836352|3032.664320|1187.619840|916.656000|282.048000|4750.000000|0.000000|189.912787|270.000000|12278.900947|21170.518874|21170.518874|8891.617927|4657.514152|6|16.621000|sliding:604x984:0.41818:3.17600,sliding:604x984:0.41818:3.17600
Aluplast|10|corr-2-moviles|1800|1400|7|7.800000|9.152000|1.981952|4374.872320|2814.371840|1322.256000|406.848000|4750.000000|0.000000|323.515987|567.000000|16208.864147|27946.317495|195624.222466|82162.173436|43037.328943|35|19.712000|sliding:904x1384:0.99098:4.57600,sliding:904x1384:0.99098:4.57600
Aluplast|10|corr-2-moviles|3000|2200|23|12.600000|14.752000|5.713152|7059.288320|8112.675840|2133.456000|656.448000|4750.000000|0.000000|682.738387|1485.000000|26529.606547|45740.700943|1052036.121699|441855.171114|231447.946774|212|259.853000|sliding:1504x2184:2.85658:7.37600,sliding:1504x2184:2.85658:7.37600
Aluplast|10|corr-2-fija-movil|1200|1000|1|5.400000|6.352000|0.836352|3032.664320|1187.619840|916.656000|282.048000|4640.000000|0.000000|189.912787|270.000000|12168.900947|20980.863702|20980.863702|8811.962755|4615.790014|6|16.621000|sliding-fixed:604x984:0.41818:3.17600,sliding:604x984:0.41818:3.17600
Aluplast|10|corr-2-fija-movil|1800|1400|7|7.800000|9.152000|1.981952|4374.872320|2814.371840|1322.256000|406.848000|4640.000000|0.000000|323.515987|567.000000|16098.864147|27756.662323|194296.636259|81604.587229|42745.259977|35|19.712000|sliding-fixed:904x1384:0.99098:4.57600,sliding:904x1384:0.99098:4.57600
Aluplast|10|corr-2-fija-movil|3000|2200|23|12.600000|14.752000|5.713152|7059.288320|8112.675840|2133.456000|656.448000|4640.000000|0.000000|682.738387|1485.000000|26419.606547|45551.045771|1047674.052734|440023.102148|230488.291601|212|259.853000|sliding-fixed:1504x2184:2.85658:7.37600,sliding:1504x2184:2.85658:7.37600
Aluplast|10|corr-3|1200|1000|1|6.400000|8.368000|0.753408|3799.290880|1069.839360|1151.904000|354.432000|4640.000000|0.000000|219.110861|270.000000|13154.577101|22680.305346|22680.305346|9525.728245|4989.667176|6|11.544000|sliding-fixed:404x984:0.24538:2.77600,sliding:424x984:0.26266:2.81600,sliding-fixed:404x984:0.24538:2.77600
Aluplast|10|corr-3|1800|1400|7|9.200000|11.968000|1.860608|5446.586880|2642.063360|1651.104000|508.032000|4640.000000|0.000000|363.989261|567.000000|17468.775501|30118.578450|210830.049148|88548.620642|46382.610812|45|28.223000|sliding-fixed:604x1384:0.61178:3.97600,sliding:624x1384:0.63706:4.01600,sliding-fixed:604x1384:0.61178:3.97600
Aluplast|10|corr-3|3000|2200|23|14.800000|19.168000|5.515008|8741.178880|7831.311360|2649.504000|815.232000|4640.000000|0.000000|745.762061|1485.000000|28557.988301|49237.910863|1132471.949859|475638.218941|249143.828969|235|138.597000|sliding-fixed:1004x2184:1.82458:6.37600,sliding:1024x2184:1.86586:6.41600,sliding-fixed:1004x2184:1.82458:6.37600
Aluplast|10|corr-4|1200|1000|1|7.400000|10.384000|0.670464|4565.917440|952.058880|1387.152000|426.816000|4970.000000|0.000000|248.308934|270.000000|14470.253254|24948.712508|24948.712508|10478.459253|5488.716752|6|6.467000|sliding:304x984:0.15898:2.57600,sliding:324x984:0.17626:2.61600,sliding:324x984:0.17626:2.61600,sliding:304x984:0.15898:2.57600
Aluplast|10|corr-4|1800|1400|7|10.600000|14.784000|1.739264|6518.301440|2469.754880|1979.952000|609.216000|4970.000000|0.000000|404.462534|567.000000|19168.686854|33049.460094|231346.220657|97165.412676|50896.168544|53|25.124000|sliding:454x1384:0.42218:3.67600,sliding:474x1384:0.44746:3.71600,sliding:474x1384:0.44746:3.71600,sliding:454x1384:0.42218:3.67600
Aluplast|10|corr-4|3000|2200|23|17.000000|23.584000|5.316864|10423.069440|7549.946880|3165.552000|974.016000|4970.000000|0.000000|808.785734|1485.000000|31026.370054|53493.741473|1230356.053881|516749.542630|270678.331854|293|220.516000|sliding:754x2184:1.30858:5.87600,sliding:774x2184:1.34986:5.91600,sliding:774x2184:1.34986:5.91600,sliding:754x2184:1.30858:5.87600
Aluplast|10|abatible|1200|1000|1|4.400000|4.400000|0.950400|2281.664000|1349.568000|686.400000|211.200000|4640.000000|0.000000|163.405440|270.000000|11252.237440|19400.409379|19400.409379|8148.171939|4268.090063|3|4.155000|casement-out:1200x1000:0.95040:4.40000
Aluplast|10|abatible|1800|1400|7|6.400000|6.400000|2.150400|3318.784000|3053.568000|998.400000|307.200000|4640.000000|0.000000|286.755840|567.000000|14821.707840|25554.668690|178882.680828|75130.725948|39354.189782|27|21.915000|casement-out:1800x1400:2.15040:6.40000
Aluplast|10|abatible|3000|2200|23|10.400000|10.400000|5.990400|5393.024000|8506.368000|1622.400000|499.200000|4640.000000|0.000000|625.472640|1485.000000|24421.464640|42105.973517|968437.390897|406743.704177|213056.225997|138|82.110000|casement-out:3000x2200:5.99040:10.40000
Aluplast|10|oscilo|1200|1000|1|4.400000|4.400000|0.950400|2281.664000|1349.568000|686.400000|211.200000|4640.000000|0.000000|163.405440|270.000000|11252.237440|19400.409379|19400.409379|8148.171939|4268.090063|3|4.155000|tilt-turn:1200x1000:0.95040:4.40000
Aluplast|10|oscilo|1800|1400|7|6.400000|6.400000|2.150400|3318.784000|3053.568000|998.400000|307.200000|4640.000000|0.000000|286.755840|567.000000|14821.707840|25554.668690|178882.680828|75130.725948|39354.189782|27|21.915000|tilt-turn:1800x1400:2.15040:6.40000
Aluplast|10|oscilo|3000|2200|23|10.400000|10.400000|5.990400|5393.024000|8506.368000|1622.400000|499.200000|4640.000000|0.000000|625.472640|1485.000000|24421.464640|42105.973517|968437.390897|406743.704177|213056.225997|138|82.110000|tilt-turn:3000x2200:5.99040:10.40000
Aluplast|10|proyectante|1200|1000|1|4.400000|4.400000|0.950400|2281.664000|1349.568000|686.400000|211.200000|4640.000000|0.000000|163.405440|270.000000|11252.237440|19400.409379|19400.409379|8148.171939|4268.090063|3|4.155000|project:1200x1000:0.95040:4.40000
Aluplast|10|proyectante|1800|1400|7|6.400000|6.400000|2.150400|3318.784000|3053.568000|998.400000|307.200000|4640.000000|0.000000|286.755840|567.000000|14821.707840|25554.668690|178882.680828|75130.725948|39354.189782|27|21.915000|project:1800x1400:2.15040:6.40000
Aluplast|10|proyectante|3000|2200|23|10.400000|10.400000|5.990400|5393.024000|8506.368000|1622.400000|499.200000|4640.000000|0.000000|625.472640|1485.000000|24421.464640|42105.973517|968437.390897|406743.704177|213056.225997|138|82.110000|project:3000x2200:5.99040:10.40000
Aluplast|10|puerta-1|1200|1000|1|4.400000|4.400000|0.950400|2281.664000|1349.568000|686.400000|211.200000|4640.000000|0.000000|163.405440|270.000000|11252.237440|19400.409379|19400.409379|8148.171939|4268.090063|3|4.155000|door:1200x1000:0.95040:4.40000
Aluplast|10|puerta-1|1800|1400|7|6.400000|6.400000|2.150400|3318.784000|3053.568000|998.400000|307.200000|4640.000000|0.000000|286.755840|567.000000|14821.707840|25554.668690|178882.680828|75130.725948|39354.189782|27|21.915000|door:1800x1400:2.15040:6.40000
Aluplast|10|puerta-1|3000|2200|23|10.400000|10.400000|5.990400|5393.024000|8506.368000|1622.400000|499.200000|4640.000000|0.000000|625.472640|1485.000000|24421.464640|42105.973517|968437.390897|406743.704177|213056.225997|138|82.110000|door:3000x2200:5.99040:10.40000
Aluplast|10|puerta-2|1200|1000|1|5.400000|6.400000|0.844800|3044.384000|1199.616000|920.400000|283.200000|4750.000000|0.000000|190.980000|270.000000|12308.580000|21221.689655|21221.689655|8913.109655|4668.771724|6|16.525000|door:600x1000:0.42240:3.20000,door:600x1000:0.42240:3.20000
Aluplast|10|puerta-2|1800|1400|7|7.800000|9.200000|1.996800|4386.592000|2835.456000|1326.000000|408.000000|4750.000000|0.000000|324.992160|567.000000|16248.040160|28013.862345|196097.036414|82360.755294|43141.348011|35|19.040000|door:900x1400:0.99840:4.60000,door:900x1400:0.99840:4.60000
Aluplast|10|puerta-2|3000|2200|23|12.600000|14.800000|5.740800|7071.008000|8151.936000|2137.200000|657.600000|4750.000000|0.000000|685.032480|1485.000000|26587.776480|45840.993931|1054342.860414|442824.001374|231955.429291|212|257.645000|door:1500x2200:2.87040:7.40000,door:1500x2200:2.87040:7.40000
Aluplast|10|combinado-fijo-corr|1200|1000|1|6.250000|4.984000|0.753696|2931.893440|1070.248320|876.252000|269.616000|4750.000000|0.000000|180.096379|270.000000|11998.106139|20686.389895|20686.389895|8688.283756|4551.005777|5|9.577000|fixed:1200x350:0.24840:0.00000,sliding:604x642:0.25265:2.49200,sliding:604x642:0.25265:2.49200
Aluplast|10|combinado-fijo-corr|1800|1400|7|9.110000|7.224000|1.847776|4263.595840|2623.841920|1274.052000|392.016000|4750.000000|0.000000|309.934699|567.000000|15830.440459|27293.862861|191057.040025|80243.956810|42032.548805|39|28.519000|fixed:1800x489.99999999999994:0.62160:0.00000,sliding:904x902:0.61309:3.61200,sliding:904x902:0.61309:3.61200
Aluplast|10|combinado-fijo-corr|3000|2200|23|14.830000|11.704000|5.475936|6927.000640|7775.829120|2069.652000|636.816000|4750.000000|0.000000|661.627339|1485.000000|25955.925099|44751.594999|1029286.684968|432300.407687|226443.070693|208|151.556000|fixed:3000x770:1.87200:0.00000,sliding:1504x1422:1.80197:5.85200,sliding:1504x1422:1.80197:5.85200
Aluplast|11|fijo-1|1200|1000|1|4.400000|0.000000|0.950400|1576.960000|1349.568000|343.200000|105.600000|7930.000000|0.000000|131.693760|270.000000|13357.021760|23029.347862|23029.347862|9672.326102|5066.456530|2|2.770000|fixed:1200x1000:0.95040:0.00000
Aluplast|11|fijo-1|1800|1400|7|6.400000|0.000000|2.150400|2293.760000|3053.568000|499.200000|153.600000|7930.000000|0.000000|240.629760|567.000000|16387.757760|28254.754759|197783.283310|83068.978990|43512.322328|18|14.610000|fixed:1800x1400:2.15040:0.00000
Aluplast|11|fijo-1|3000|2200|23|10.400000|0.000000|5.990400|3727.360000|8506.368000|811.200000|249.600000|7930.000000|0.000000|550.517760|1485.000000|24910.045760|42948.354759|987812.159448|414881.106968|217318.675079|92|54.740000|fixed:3000x2200:5.99040:0.00000
Aluplast|11|corr-1|1200|1000|1|4.400000|4.336000|0.919296|2961.011200|1305.400320|681.408000|209.664000|8040.000000|0.000000|191.988518|270.000000|15309.472038|26395.641446|26395.641446|11086.169407|5807.041118|3|4.283000|sliding:1184x984:0.91930:4.33600
Aluplast|11|corr-1|1800|1400|7|6.400000|6.336000|2.103296|4316.211200|2986.680320|993.408000|305.664000|8040.000000|0.000000|328.630118|567.000000|19187.593638|33082.057997|231574.405981|97261.250512|50946.369316|27|22.811000|sliding:1784x1384:2.10330:6.33600
Aluplast|11|corr-1|3000|2200|23|10.400000|10.336000|5.911296|7026.611200|8394.040320|1617.408000|497.664000|8040.000000|0.000000|693.929318|1485.000000|29404.652838|50697.677308|1166046.578074|489739.562791|256530.247176|138|85.054000|sliding:2984x2184:5.91130:10.33600
Aluplast|11|corr-2-moviles|1200|1000|1|5.400000|6.368000|0.843264|3968.025600|1197.434880|917.904000|282.432000|8150.000000|0.000000|232.445722|270.000000|16668.242202|28738.348623|28738.348623|12070.106422|6322.436697|6|16.589000|sliding:608x984:0.42163:3.18400,sliding:608x984:0.42163:3.18400
Aluplast|11|corr-2-moviles|1800|1400|7|7.800000|9.168000|1.992064|5721.945600|2828.730880|1323.504000|407.232000|8150.000000|0.000000|384.780442|567.000000|21033.192922|36264.125727|253848.880088|106616.529637|55846.753619|35|19.488000|sliding:908x1384:0.99603:4.58400,sliding:908x1384:0.99603:4.58400
Aluplast|11|corr-2-moviles|3000|2200|23|12.600000|14.768000|5.729664|9229.785600|8136.122880|2134.704000|656.832000|8150.000000|0.000000|781.465882|1485.000000|32223.910362|55558.466141|1277844.721236|536694.782919|281125.838672|212|259.117000|sliding:1508x2184:2.86483:7.38400,sliding:1508x2184:2.86483:7.38400
Aluplast|11|corr-2-fija-movil|1200|1000|1|5.400000|6.368000|0.843264|3968.025600|1197.434880|917.904000|282.432000|8040.000000|0.000000|232.445722|270.000000|16558.242202|28548.693451|28548.693451|11990.451249|6280.712559|6|16.589000|sliding-fixed:608x984:0.42163:3.18400,sliding:608x984:0.42163:3.18400
Aluplast|11|corr-2-fija-movil|1800|1400|7|7.800000|9.168000|1.992064|5721.945600|2828.730880|1323.504000|407.232000|8040.000000|0.000000|384.780442|567.000000|20923.192922|36074.470554|252521.293881|106058.943430|55554.684654|35|19.488000|sliding-fixed:908x1384:0.99603:4.58400,sliding:908x1384:0.99603:4.58400
Aluplast|11|corr-2-fija-movil|3000|2200|23|12.600000|14.768000|5.729664|9229.785600|8136.122880|2134.704000|656.832000|8040.000000|0.000000|781.465882|1485.000000|32113.910362|55368.810968|1273482.652270|534862.713954|280166.183499|212|259.117000|sliding-fixed:1508x2184:2.86483:7.38400,sliding:1508x2184:2.86483:7.38400
Aluplast|11|corr-3|1200|1000|1|6.400000|8.400000|0.767232|4975.040000|1089.469440|1154.400000|355.200000|8040.000000|0.000000|272.902925|270.000000|17807.012365|30701.745457|30701.745457|12894.733092|6754.384000|6|11.480000|sliding-fixed:408x984:0.24883:2.78400,sliding:432x984:0.26957:2.83200,sliding-fixed:408x984:0.24883:2.78400
Aluplast|11|corr-3|1800|1400|7|9.200000|12.000000|1.880832|7127.680000|2670.781440|1653.600000|508.800000|8040.000000|0.000000|440.930765|567.000000|22658.792205|39066.883112|273468.181782|114856.636348|60162.999992|45|27.775000|sliding-fixed:608x1384:0.61683:3.98400,sliding:632x1384:0.64717:4.03200,sliding-fixed:608x1384:0.61683:3.98400
Aluplast|11|corr-3|3000|2200|23|14.800000|19.200000|5.548032|11432.960000|7878.205440|2652.000000|816.000000|8040.000000|0.000000|869.002445|1485.000000|34823.167885|60039.944629|1380918.726466|579985.865116|303802.119823|235|137.125000|sliding-fixed:1008x2184:1.83283:6.38400,sliding:1032x2184:1.88237:6.43200,sliding-fixed:1008x2184:1.83283:6.38400
Aluplast|11|corr-4|1200|1000|1|7.400000|10.432000|0.691200|5982.054400|981.504000|1390.896000|427.968000|8370.000000|0.000000|313.360128|270.000000|19385.782528|33423.762979|33423.762979|14037.980451|7353.227855|6|6.371000|sliding:308x984:0.16243:2.58400,sliding:332x984:0.18317:2.63200,sliding:332x984:0.18317:2.63200,sliding:308x984:0.16243:2.58400
Aluplast|11|corr-4|1800|1400|7|10.600000|14.832000|1.769600|8533.414400|2512.832000|1983.696000|610.368000|8370.000000|0.000000|497.081088|567.000000|24724.391488|42628.261186|298397.828303|125327.087887|65647.522227|53|24.452000|sliding:458x1384:0.42723:3.68400,sliding:482x1384:0.45757:3.73200,sliding:482x1384:0.45757:3.73200,sliding:458x1384:0.42723:3.68400
Aluplast|11|corr-4|3000|2200|23|17.000000|23.632000|5.366400|13636.134400|7620.288000|3169.296000|975.168000|8370.000000|0.000000|956.539008|1485.000000|37862.425408|65280.043807|1501441.007559|630605.223175|330317.021663|293|218.308000|sliding:758x2184:1.31683:5.88400,sliding:782x2184:1.36637:5.93200,sliding:782x2184:1.36637:5.93200,sliding:758x2184:1.31683:5.88400
Aluplast|11|abatible|1200|1000|1|4.400000|4.400000|0.950400|2981.440000|1349.568000|686.400000|211.200000|8040.000000|0.000000|194.895360|270.000000|15383.503360|26523.281655|26523.281655|11139.778295|5835.121964|3|4.155000|casement-out:1200x1000:0.95040:4.40000
Aluplast|11|abatible|1800|1400|7|6.400000|6.400000|2.150400|4336.640000|3053.568000|998.400000|307.200000|8040.000000|0.000000|332.559360|567.000000|19285.367360|33250.633379|232754.433655|97756.862135|51205.975404|27|21.915000|casement-out:1800x1400:2.15040:6.40000
Aluplast|11|abatible|3000|2200|23|10.400000|10.400000|5.990400|7047.040000|8506.368000|1622.400000|499.200000|8040.000000|0.000000|699.903360|1485.000000|29549.911360|50948.123034|1171806.829793|492158.868513|257797.502554|138|82.110000|casement-out:3000x2200:5.99040:10.40000
Aluplast|11|oscilo|1200|1000|1|4.400000|4.400000|0.950400|2981.440000|1349.568000|686.400000|211.200000|8040.000000|0.000000|194.895360|270.000000|15383.503360|26523.281655|26523.281655|11139.778295|5835.121964|3|4.155000|tilt-turn:1200x1000:0.95040:4.40000
Aluplast|11|oscilo|1800|1400|7|6.400000|6.400000|2.150400|4336.640000|3053.568000|998.400000|307.200000|8040.000000|0.000000|332.559360|567.000000|19285.367360|33250.633379|232754.433655|97756.862135|51205.975404|27|21.915000|tilt-turn:1800x1400:2.15040:6.40000
Aluplast|11|oscilo|3000|2200|23|10.400000|10.400000|5.990400|7047.040000|8506.368000|1622.400000|499.200000|8040.000000|0.000000|699.903360|1485.000000|29549.911360|50948.123034|1171806.829793|492158.868513|257797.502554|138|82.110000|tilt-turn:3000x2200:5.99040:10.40000
Aluplast|11|proyectante|1200|1000|1|4.400000|4.400000|0.950400|2981.440000|1349.568000|686.400000|211.200000|8040.000000|0.000000|194.895360|270.000000|15383.503360|26523.281655|26523.281655|11139.778295|5835.121964|3|4.155000|project:1200x1000:0.95040:4.40000
Aluplast|11|proyectante|1800|1400|7|6.400000|6.400000|2.150400|4336.640000|3053.568000|998.400000|307.200000|8040.000000|0.000000|332.559360|567.000000|19285.367360|33250.633379|232754.433655|97756.862135|51205.975404|27|21.915000|project:1800x1400:2.15040:6.40000
Aluplast|11|proyectante|3000|2200|23|10.400000|10.400000|5.990400|7047.040000|8506.368000|1622.400000|499.200000|8040.000000|0.000000|699.903360|1485.000000|29549.911360|50948.123034|1171806.829793|492158.868513|257797.502554|138|82.110000|project:3000x2200:5.99040:10.40000
Aluplast|11|puerta-1|1200|1000|1|4.400000|4.400000|0.950400|2981.440000|1349.568000|686.400000|211.200000|8040.000000|0.000000|194.895360|270.000000|15383.503360|26523.281655|26523.281655|11139.778295|5835.121964|3|4.155000|door:1200x1000:0.95040:4.40000
Aluplast|11|puerta-1|1800|1400|7|6.400000|6.400000|2.150400|4336.640000|3053.568000|998.400000|307.200000|8040.000000|0.000000|332.559360|567.000000|19285.367360|33250.633379|232754.433655|97756.862135|51205.975404|27|21.915000|door:1800x1400:2.15040:6.40000
Aluplast|11|puerta-1|3000|2200|23|10.400000|10.400000|5.990400|7047.040000|8506.368000|1622.400000|499.200000|8040.000000|0.000000|699.903360|1485.000000|29549.911360|50948.123034|1171806.829793|492158.868513|257797.502554|138|82.110000|door:3000x2200:5.99040:10.40000
Aluplast|11|puerta-2|1200|1000|1|5.400000|6.400000|0.844800|3978.240000|1199.616000|920.400000|283.200000|8150.000000|0.000000|233.003520|270.000000|16684.459520|28766.309517|28766.309517|12081.849997|6328.588094|6|16.525000|door:600x1000:0.42240:3.20000,door:600x1000:0.42240:3.20000
Aluplast|11|puerta-2|1800|1400|7|7.800000|9.200000|1.996800|5732.160000|2835.456000|1326.000000|408.000000|8150.000000|0.000000|385.542720|567.000000|21054.158720|36300.273655|254101.915586|106722.804546|55902.421429|35|19.040000|door:900x1400:0.99840:4.60000,door:900x1400:0.99840:4.60000
Aluplast|11|puerta-2|3000|2200|23|12.600000|14.800000|5.740800|9240.000000|8151.936000|2137.200000|657.600000|8150.000000|0.000000|782.637120|1485.000000|32254.373120|55610.988138|1279052.727172|537202.145412|281391.599978|212|257.645000|door:1500x2200:2.87040:7.40000,door:1500x2200:2.87040:7.40000
Aluplast|11|combinado-fijo-corr|1200|1000|1|6.250000|5.000000|0.757872|3836.000000|1076.178240|877.500000|270.000000|8150.000000|0.000000|221.048021|270.000000|16350.726261|28190.907346|28190.907346|11840.181085|6201.999616|5|9.545000|fixed:1200x350:0.24840:0.00000,sliding:608x642:0.25474:2.50000,sliding:608x642:0.25474:2.50000
Aluplast|11|combinado-fijo-corr|1800|1400|7|9.110000|7.240000|1.854032|5576.032000|2632.725440|1275.300000|392.400000|8150.000000|0.000000|369.394085|567.000000|20612.851525|35539.399181|248775.794265|104485.833591|54730.674738|39|28.295000|fixed:1800x489.99999999999994:0.62160:0.00000,sliding:908x902:0.61622:3.62000,sliding:908x902:0.61622:3.62000
Aluplast|11|combinado-fijo-corr|3000|2200|23|14.830000|11.720000|5.486352|9056.096000|7790.619840|2070.900000|637.200000|8150.000000|0.000000|758.102213|1485.000000|31597.918053|54479.169057|1253020.888301|526268.773086|275664.595426|208|150.820000|fixed:3000x770:1.87200:0.00000,sliding:1508x1422:1.80718:5.86000,sliding:1508x1422:1.80718:5.86000
Deceuninck|0|fijo-1|1200|1000|1|4.400000|0.000000|0.950400|729.344000|1349.568000|343.200000|105.600000|1260.000000|0.000000|93.551040|270.000000|5801.263040|10002.177655|10002.177655|4200.914615|2200.479084|2|2.770000|fixed:1200x1000:0.95040:0.00000
Deceuninck|0|fijo-1|1800|1400|7|6.400000|0.000000|2.150400|1060.864000|3053.568000|499.200000|153.600000|1260.000000|0.000000|185.149440|567.000000|8429.381440|14533.416276|101733.913931|42728.243851|22381.461065|18|14.610000|fixed:1800x1400:2.15040:0.00000
Deceuninck|0|fijo-1|3000|2200|23|10.400000|0.000000|5.990400|1723.904000|8506.368000|811.200000|249.600000|1260.000000|0.000000|460.362240|1485.000000|16146.434240|27838.679724|640289.633655|268921.646135|140863.719404|92|54.740000|fixed:3000x2200:5.99040:0.00000
Deceuninck|0|corr-1|1200|1000|1|4.400000|4.336000|0.919296|1341.240320|1305.400320|681.408000|209.664000|1370.000000|0.000000|119.098829|270.000000|6946.811469|11977.261153|11977.261153|5030.449684|2634.997454|3|4.283000|sliding:1184x984:0.91930:4.33600
Deceuninck|0|corr-1|1800|1400|7|6.400000|6.336000|2.103296|1955.000320|2986.680320|993.408000|305.664000|1370.000000|0.000000|222.375629|567.000000|10050.128269|17327.807360|121294.651520|50943.753638|26684.823334|27|22.811000|sliding:1784x1384:2.10330:6.33600
Deceuninck|0|corr-1|3000|2200|23|10.400000|10.336000|5.911296|3182.520320|8394.040320|1617.408000|497.664000|1370.000000|0.000000|520.945229|1485.000000|18717.577869|32271.685981|742248.777556|311744.486573|163294.731062|138|85.054000|sliding:2984x2184:5.91130:10.33600
Deceuninck|0|corr-2-moviles|1200|1000|1|5.400000|6.344000|0.832896|1790.369280|1182.712320|916.032000|281.856000|1480.000000|0.000000|133.788672|270.000000|7704.758272|13284.065986|13284.065986|5579.307714|2922.494517|6|16.637000|sliding:602x984:0.41645:3.17200,sliding:602x984:0.41645:3.17200
Deceuninck|0|corr-2-moviles|1800|1400|7|7.800000|9.144000|1.976896|2583.329280|2807.192320|1321.632000|406.656000|1480.000000|0.000000|242.573472|567.000000|11058.383072|19066.177710|133463.243972|56054.562468|29361.913674|35|19.824000|sliding:902x1384:0.98845:4.57200,sliding:902x1384:0.98845:4.57200
Deceuninck|0|corr-2-moviles|3000|2200|23|12.600000|14.744000|5.704896|4169.249280|8100.952320|2132.832000|656.256000|1480.000000|0.000000|552.159072|1485.000000|20226.448672|34873.187366|802083.309407|336874.989951|176458.328070|212|260.221000|sliding:1502x2184:2.85245:7.37200,sliding:1502x2184:2.85245:7.37200
Deceuninck|0|corr-2-fija-movil|1200|1000|1|5.400000|6.344000|0.832896|1790.369280|1182.712320|916.032000|281.856000|1370.000000|0.000000|133.788672|270.000000|7594.758272|13094.410814|13094.410814|5499.652542|2880.770379|6|16.637000|sliding-fixed:602x984:0.41645:3.17200,sliding:602x984:0.41645:3.17200
Deceuninck|0|corr-2-fija-movil|1800|1400|7|7.800000|9.144000|1.976896|2583.329280|2807.192320|1321.632000|406.656000|1370.000000|0.000000|242.573472|567.000000|10948.383072|18876.522538|132135.657766|55496.976262|29069.844708|35|19.824000|sliding-fixed:902x1384:0.98845:4.57200,sliding:902x1384:0.98845:4.57200
Deceuninck|0|corr-2-fija-movil|3000|2200|23|12.600000|14.744000|5.704896|4169.249280|8100.952320|2132.832000|656.256000|1370.000000|0.000000|552.159072|1485.000000|20116.448672|34683.532193|797721.240441|335042.920985|175498.672897|212|260.221000|sliding-fixed:1502x2184:2.85245:7.37200,sliding:1502x2184:2.85245:7.37200
Deceuninck|0|corr-3|1200|1000|1|6.400000|8.352000|0.746496|2239.498240|1060.024320|1150.656000|354.048000|1370.000000|0.000000|148.478515|270.000000|8242.705075|14211.560474|14211.560474|5968.855399|3126.543304|6|11.576000|sliding-fixed:402x984:0.24365:2.77200,sliding:420x984:0.25920:2.80800,sliding-fixed:402x984:0.24365:2.77200
Deceuninck|0|corr-3|1800|1400|7|9.200000|11.952000|1.850496|3211.658240|2627.704320|1649.856000|507.648000|1370.000000|0.000000|262.771315|567.000000|11846.637875|20425.237716|142976.664011|60050.198885|31454.866082|45|28.447000|sliding-fixed:602x1384:0.60925:3.97200,sliding:620x1384:0.63200:4.00800,sliding-fixed:602x1384:0.60925:3.97200
Deceuninck|0|corr-3|3000|2200|23|14.800000|19.152000|5.498496|5155.978240|7807.864320|2648.256000|814.848000|1370.000000|0.000000|583.372915|1485.000000|21515.319475|37095.378406|853193.703327|358341.355397|187702.614732|235|139.333000|sliding-fixed:1002x2184:1.82045:6.37200,sliding:1020x2184:1.85760:6.40800,sliding-fixed:1002x2184:1.82045:6.37200
Deceuninck|0|corr-4|1200|1000|1|7.400000|10.360000|0.660096|2688.627200|937.336320|1385.280000|426.240000|1700.000000|0.000000|163.168358|270.000000|9220.651878|15897.675652|15897.675652|6677.023774|3497.488644|6|6.515000|sliding:302x984:0.15725:2.57200,sliding:320x984:0.17280:2.60800,sliding:320x984:0.17280:2.60800,sliding:302x984:0.15725:2.57200
Deceuninck|0|corr-4|1800|1400|7|10.600000|14.760000|1.724096|3839.987200|2448.216320|1978.080000|608.640000|1700.000000|0.000000|282.969158|567.000000|13074.892678|22542.918411|157800.428877|66276.180128|34716.094353|53|25.460000|sliding:452x1384:0.41965:3.67200,sliding:470x1384:0.44240:3.70800,sliding:470x1384:0.44240:3.70800,sliding:452x1384:0.41965:3.67200
Deceuninck|0|corr-4|3000|2200|23|17.000000|23.560000|5.292096|6142.707200|7514.776320|3163.680000|973.440000|1700.000000|0.000000|614.586758|1485.000000|23244.190278|40076.190135|921752.373109|387135.996706|202785.522084|293|221.620000|sliding:752x2184:1.30445:5.87200,sliding:770x2184:1.34160:5.90800,sliding:770x2184:1.34160:5.90800,sliding:752x2184:1.30445:5.87200
Deceuninck|0|abatible|1200|1000|1|4.400000|4.400000|0.950400|1350.272000|1349.568000|686.400000|211.200000|1370.000000|0.000000|121.492800|270.000000|7008.932800|12084.366897|12084.366897|5075.434097|2658.560717|3|4.155000|casement-out:1200x1000:0.95040:4.40000
Deceuninck|0|abatible|1800|1400|7|6.400000|6.400000|2.150400|1964.032000|3053.568000|998.400000|307.200000|1370.000000|0.000000|225.792000|567.000000|10135.992000|17475.848276|122330.937931|51378.993931|26912.806345|27|21.915000|casement-out:1800x1400:2.15040:6.40000
Deceuninck|0|abatible|3000|2200|23|10.400000|10.400000|5.990400|3191.552000|8506.368000|1622.400000|499.200000|1370.000000|0.000000|526.406400|1485.000000|18850.926400|32501.597241|747536.736552|313965.429352|164458.082041|138|82.110000|casement-out:3000x2200:5.99040:10.40000
Deceuninck|0|oscilo|1200|1000|1|4.400000|4.400000|0.950400|1350.272000|1349.568000|686.400000|211.200000|1370.000000|0.000000|121.492800|270.000000|7008.932800|12084.366897|12084.366897|5075.434097|2658.560717|3|4.155000|tilt-turn:1200x1000:0.95040:4.40000
Deceuninck|0|oscilo|1800|1400|7|6.400000|6.400000|2.150400|1964.032000|3053.568000|998.400000|307.200000|1370.000000|0.000000|225.792000|567.000000|10135.992000|17475.848276|122330.937931|51378.993931|26912.806345|27|21.915000|tilt-turn:1800x1400:2.15040:6.40000
Deceuninck|0|oscilo|3000|2200|23|10.400000|10.400000|5.990400|3191.552000|8506.368000|1622.400000|499.200000|1370.000000|0.000000|526.406400|1485.000000|18850.926400|32501.597241|747536.736552|313965.429352|164458.082041|138|82.110000|tilt-turn:3000x2200:5.99040:10.40000
Deceuninck|0|proyectante|1200|1000|1|4.400000|4.400000|0.950400|1350.272000|1349.568000|686.400000|211.200000|1370.000000|0.000000|121.492800|270.000000|7008.932800|12084.366897|12084.366897|5075.434097|2658.560717|3|4.155000|project:1200x1000:0.95040:4.40000
Deceuninck|0|proyectante|1800|1400|7|6.400000|6.400000|2.150400|1964.032000|3053.568000|998.400000|307.200000|1370.000000|0.000000|225.792000|567.000000|10135.992000|17475.848276|122330.937931|51378.993931|26912.806345|27|21.915000|project:1800x1400:2.15040:6.40000
Deceuninck|0|proyectante|3000|2200|23|10.400000|10.400000|5.990400|3191.552000|8506.368000|1622.400000|499.200000|1370.000000|0.000000|526.406400|1485.000000|18850.926400|32501.597241|747536.736552|313965.429352|164458.082041|138|82.110000|project:3000x2200:5.99040:10.40000
Deceuninck|0|puerta-1|1200|1000|1|4.400000|4.400000|0.950400|1350.272000|1349.568000|686.400000|211.200000|1370.000000|0.000000|121.492800|270.000000|7008.932800|12084.366897|12084.366897|5075.434097|2658.560717|3|4.155000|door:1200x1000:0.95040:4.40000
Deceuninck|0|puerta-1|1800|1400|7|6.400000|6.400000|2.150400|1964.032000|3053.568000|998.400000|307.200000|1370.000000|0.000000|225.792000|567.000000|10135.992000|17475.848276|122330.937931|51378.993931|26912.806345|27|21.915000|door:1800x1400:2.15040:6.40000
Deceuninck|0|puerta-1|3000|2200|23|10.400000|10.400000|5.990400|3191.552000|8506.368000|1622.400000|499.200000|1370.000000|0.000000|526.406400|1485.000000|18850.926400|32501.597241|747536.736552|313965.429352|164458.082041|138|82.110000|door:3000x2200:5.99040:10.40000
Deceuninck|0|puerta-2|1200|1000|1|5.400000|6.400000|0.844800|1798.272000|1199.616000|920.400000|283.200000|1480.000000|0.000000|134.904960|270.000000|7736.392960|13338.608552|13338.608552|5602.215592|2934.493881|6|16.525000|door:600x1000:0.42240:3.20000,door:600x1000:0.42240:3.20000
Deceuninck|0|puerta-2|1800|1400|7|7.800000|9.200000|1.996800|2591.232000|2835.456000|1326.000000|408.000000|1480.000000|0.000000|244.200960|567.000000|11101.888960|19141.187862|133988.315034|56275.092314|29477.429308|35|19.040000|door:900x1400:0.99840:4.60000,door:900x1400:0.99840:4.60000
Deceuninck|0|puerta-2|3000|2200|23|12.600000|14.800000|5.740800|4177.152000|8151.936000|2137.200000|657.600000|1480.000000|0.000000|554.808960|1485.000000|20293.696960|34989.132690|804750.051862|337995.021782|177045.011410|212|257.645000|door:1500x2200:2.87040:7.40000,door:1500x2200:2.87040:7.40000
Deceuninck|0|combinado-fijo-corr|1200|1000|1|6.250000|4.976000|0.751608|1738.213120|1067.283360|875.628000|269.424000|1480.000000|0.000000|126.247342|270.000000|7476.795822|12891.027279|12891.027279|5414.231457|2836.026001|5|9.593000|fixed:1200x350:0.24840:0.00000,sliding:602x642:0.25160:2.48800,sliding:602x642:0.25160:2.48800
Deceuninck|0|combinado-fijo-corr|1800|1400|7|9.110000|7.216000|1.844648|2528.395520|2619.400160|1273.428000|391.824000|1480.000000|0.000000|231.650806|567.000000|10741.698486|18520.169803|129641.188619|54449.299220|28521.061496|39|28.631000|fixed:1800x489.99999999999994:0.62160:0.00000,sliding:902x902:0.61152:3.60800,sliding:902x902:0.61152:3.60800
Deceuninck|0|combinado-fijo-corr|3000|2200|23|14.830000|11.696000|5.470728|4108.760320|7768.433760|2069.028000|636.624000|1480.000000|0.000000|534.473734|1485.000000|19732.319814|34021.241058|782488.544332|328645.188620|172147.479753|208|151.924000|fixed:3000x770:1.87200:0.00000,sliding:1502x1422:1.79936:5.84800,sliding:1502x1422:1.79936:5.84800
Deceuninck|1|fijo-1|1200|1000|1|4.400000|0.000000|0.950400|808.192000|1349.568000|343.200000|105.600000|1370.000000|0.000000|97.099200|270.000000|5993.659200|10333.895172|10333.895172|4340.235972|2273.456938|2|2.770000|fixed:1200x1000:0.95040:0.00000
Deceuninck|1|fijo-1|1800|1400|7|6.400000|0.000000|2.150400|1175.552000|3053.568000|499.200000|153.600000|1370.000000|0.000000|190.310400|567.000000|8659.230400|14929.707586|104507.953103|43893.340303|22991.749683|18|14.610000|fixed:1800x1400:2.15040:0.00000
Deceuninck|1|fijo-1|3000|2200|23|10.400000|0.000000|5.990400|1910.272000|8506.368000|811.200000|249.600000|1370.000000|0.000000|468.748800|1485.000000|16451.188800|28364.118621|652374.728276|273997.385876|143522.440221|92|54.740000|fixed:3000x2200:5.99040:0.00000
Deceuninck|1|corr-1|1200|1000|1|4.400000|4.336000|0.919296|1449.226240|1305.400320|681.408000|209.664000|1480.000000|0.000000|123.958195|270.000000|7169.656755|12361.477164|12361.477164|5191.820409|2719.524976|3|4.283000|sliding:1184x984:0.91930:4.33600
Deceuninck|1|corr-1|1800|1400|7|6.400000|6.336000|2.103296|2112.266240|2986.680320|993.408000|305.664000|1480.000000|0.000000|229.452595|567.000000|10324.471155|17800.812337|124605.686356|52334.388269|27413.250998|27|22.811000|sliding:1784x1384:2.10330:6.33600
Deceuninck|1|corr-1|3000|2200|23|10.400000|10.336000|5.911296|3438.346240|8394.040320|1617.408000|497.664000|1480.000000|0.000000|532.457395|1485.000000|19094.915955|32922.268888|757212.184430|318029.117461|166586.680575|138|85.054000|sliding:2984x2184:5.91130:10.33600
Deceuninck|1|corr-2-moviles|1200|1000|1|5.400000|6.344000|0.832896|1929.768960|1182.712320|916.032000|281.856000|1590.000000|0.000000|140.061658|270.000000|7960.430938|13724.880927|13724.880927|5764.449989|3019.473804|6|16.637000|sliding:602x984:0.41645:3.17200,sliding:602x984:0.41645:3.17200
Deceuninck|1|corr-2-moviles|1800|1400|7|7.800000|9.144000|1.976896|2784.552960|2807.192320|1321.632000|406.656000|1590.000000|0.000000|251.628538|567.000000|11378.661818|19618.382444|137328.677109|57678.044386|30212.308964|35|19.824000|sliding:902x1384:0.98845:4.57200,sliding:902x1384:0.98845:4.57200
Deceuninck|1|corr-2-moviles|3000|2200|23|12.600000|14.744000|5.704896|4494.120960|8100.952320|2132.832000|656.256000|1590.000000|0.000000|566.778298|1485.000000|20675.939578|35648.171686|819907.948767|344361.338482|180379.748729|212|260.221000|sliding:1502x2184:2.85245:7.37200,sliding:1502x2184:2.85245:7.37200
Deceuninck|1|corr-2-fija-movil|1200|1000|1|5.400000|6.344000|0.832896|1929.768960|1182.712320|916.032000|281.856000|1480.000000|0.000000|140.061658|270.000000|7850.430938|13535.225754|13535.225754|5684.794817|2977.749666|6|16.637000|sliding-fixed:602x984:0.41645:3.17200,sliding:602x984:0.41645:3.17200
Deceuninck|1|corr-2-fija-movil|1800|1400|7|7.800000|9.144000|1.976896|2784.552960|2807.192320|1321.632000|406.656000|1480.000000|0.000000|251.628538|567.000000|11268.661818|19428.727272|136001.090902|57120.458179|29920.239998|35|19.824000|sliding-fixed:902x1384:0.98845:4.57200,sliding:902x1384:0.98845:4.57200
Deceuninck|1|corr-2-fija-movil|3000|2200|23|12.600000|14.744000|5.704896|4494.120960|8100.952320|2132.832000|656.256000|1480.000000|0.000000|566.778298|1485.000000|20565.939578|35458.516513|815545.879801|342529.269517|179420.093556|212|260.221000|sliding-fixed:1502x2184:2.85245:7.37200,sliding:1502x2184:2.85245:7.37200
Deceuninck|1|corr-3|1200|1000|1|6.400000|8.352000|0.746496|2410.311680|1060.024320|1150.656000|354.048000|1480.000000|0.000000|156.165120|270.000000|8531.205120|14708.974345|14708.974345|6177.769225|3235.974356|6|11.576000|sliding-fixed:402x984:0.24365:2.77200,sliding:420x984:0.25920:2.80800,sliding-fixed:402x984:0.24365:2.77200
Deceuninck|1|corr-3|1800|1400|7|9.200000|11.952000|1.850496|3456.839680|2627.704320|1649.856000|507.648000|1480.000000|0.000000|273.804480|567.000000|12212.852480|21056.642207|147396.495448|61906.528088|32427.228999|45|28.447000|sliding-fixed:602x1384:0.60925:3.97200,sliding:620x1384:0.63200:4.00800,sliding-fixed:602x1384:0.60925:3.97200
Deceuninck|1|corr-3|3000|2200|23|14.800000|19.152000|5.498496|5549.895680|7807.864320|2648.256000|814.848000|1480.000000|0.000000|601.099200|1485.000000|22036.963200|37994.764138|873879.575172|367029.421572|192253.506538|235|139.333000|sliding-fixed:1002x2184:1.82045:6.37200,sliding:1020x2184:1.85760:6.40800,sliding-fixed:1002x2184:1.82045:6.37200
Deceuninck|1|corr-4|1200|1000|1|7.400000|10.360000|0.660096|2890.854400|937.336320|1385.280000|426.240000|1810.000000|0.000000|172.268582|270.000000|9541.979302|16451.688452|16451.688452|6909.709150|3619.371460|6|6.515000|sliding:302x984:0.15725:2.57200,sliding:320x984:0.17280:2.60800,sliding:320x984:0.17280:2.60800,sliding:302x984:0.15725:2.57200
Deceuninck|1|corr-4|1800|1400|7|10.600000|14.760000|1.724096|4129.126400|2448.216320|1978.080000|608.640000|1810.000000|0.000000|295.980422|567.000000|13487.043142|23253.522659|162774.658615|68365.356618|35810.424895|53|25.460000|sliding:452x1384:0.41965:3.67200,sliding:470x1384:0.44240:3.70800,sliding:470x1384:0.44240:3.70800,sliding:452x1384:0.41965:3.67200
Deceuninck|1|corr-4|3000|2200|23|17.000000|23.560000|5.292096|6605.670400|7514.776320|3163.680000|973.440000|1810.000000|0.000000|635.420102|1485.000000|23837.986822|41099.977280|945299.477440|397025.780525|207965.885037|293|221.620000|sliding:752x2184:1.30445:5.87200,sliding:770x2184:1.34160:5.90800,sliding:770x2184:1.34160:5.90800,sliding:752x2184:1.30445:5.87200
Deceuninck|1|abatible|1200|1000|1|4.400000|4.400000|0.950400|1458.688000|1349.568000|686.400000|211.200000|1480.000000|0.000000|126.371520|270.000000|7232.227520|12469.357793|12469.357793|5237.130273|2743.258714|3|4.155000|casement-out:1200x1000:0.95040:4.40000
Deceuninck|1|abatible|1800|1400|7|6.400000|6.400000|2.150400|2121.728000|3053.568000|998.400000|307.200000|1480.000000|0.000000|232.888320|567.000000|10410.784320|17949.628138|125647.396966|52771.906726|27642.427332|27|21.915000|casement-out:1800x1400:2.15040:6.40000
Deceuninck|1|abatible|3000|2200|23|10.400000|10.400000|5.990400|3447.808000|8506.368000|1622.400000|499.200000|1480.000000|0.000000|537.937920|1485.000000|19228.713920|33152.955034|762517.965793|320257.545633|167753.952474|138|82.110000|casement-out:3000x2200:5.99040:10.40000
Deceuninck|1|oscilo|1200|1000|1|4.400000|4.400000|0.950400|1458.688000|1349.568000|686.400000|211.200000|1480.000000|0.000000|126.371520|270.000000|7232.227520|12469.357793|12469.357793|5237.130273|2743.258714|3|4.155000|tilt-turn:1200x1000:0.95040:4.40000
Deceuninck|1|oscilo|1800|1400|7|6.400000|6.400000|2.150400|2121.728000|3053.568000|998.400000|307.200000|1480.000000|0.000000|232.888320|567.000000|10410.784320|17949.628138|125647.396966|52771.906726|27642.427332|27|21.915000|tilt-turn:1800x1400:2.15040:6.40000
Deceuninck|1|oscilo|3000|2200|23|10.400000|10.400000|5.990400|3447.808000|8506.368000|1622.400000|499.200000|1480.000000|0.000000|537.937920|1485.000000|19228.713920|33152.955034|762517.965793|320257.545633|167753.952474|138|82.110000|tilt-turn:3000x2200:5.99040:10.40000
Deceuninck|1|proyectante|1200|1000|1|4.400000|4.400000|0.950400|1458.688000|1349.568000|686.400000|211.200000|1480.000000|0.000000|126.371520|270.000000|7232.227520|12469.357793|12469.357793|5237.130273|2743.258714|3|4.155000|project:1200x1000:0.95040:4.40000
Deceuninck|1|proyectante|1800|1400|7|6.400000|6.400000|2.150400|2121.728000|3053.568000|998.400000|307.200000|1480.000000|0.000000|232.888320|567.000000|10410.784320|17949.628138|125647.396966|52771.906726|27642.427332|27|21.915000|project:1800x1400:2.15040:6.40000
Deceuninck|1|proyectante|3000|2200|23|10.400000|10.400000|5.990400|3447.808000|8506.368000|1622.400000|499.200000|1480.000000|0.000000|537.937920|1485.000000|19228.713920|33152.955034|762517.965793|320257.545633|167753.952474|138|82.110000|project:3000x2200:5.99040:10.40000
Deceuninck|1|puerta-1|1200|1000|1|4.400000|4.400000|0.950400|1458.688000|1349.568000|686.400000|211.200000|1480.000000|0.000000|126.371520|270.000000|7232.227520|12469.357793|12469.357793|5237.130273|2743.258714|3|4.155000|door:1200x1000:0.95040:4.40000
Deceuninck|1|puerta-1|1800|1400|7|6.400000|6.400000|2.150400|2121.728000|3053.568000|998.400000|307.200000|1480.000000|0.000000|232.888320|567.000000|10410.784320|17949.628138|125647.396966|52771.906726|27642.427332|27|21.915000|door:1800x1400:2.15040:6.40000
Deceuninck|1|puerta-1|3000|2200|23|10.400000|10.400000|5.990400|3447.808000|8506.368000|1622.400000|499.200000|1480.000000|0.000000|537.937920|1485.000000|19228.713920|33152.955034|762517.965793|320257.545633|167753.952474|138|82.110000|door:3000x2200:5.99040:10.40000
Deceuninck|1|puerta-2|1200|1000|1|5.400000|6.400000|0.844800|1938.048000|1199.616000|920.400000|283.200000|1590.000000|0.000000|141.194880|270.000000|7992.458880|13780.101517|13780.101517|5787.642637|3031.622334|6|16.525000|door:600x1000:0.42240:3.20000,door:600x1000:0.42240:3.20000
Deceuninck|1|puerta-2|1800|1400|7|7.800000|9.200000|1.996800|2792.832000|2835.456000|1326.000000|408.000000|1590.000000|0.000000|253.272960|567.000000|11422.560960|19694.070621|137858.494345|57900.567625|30328.868756|35|19.040000|door:900x1400:0.99840:4.60000,door:900x1400:0.99840:4.60000
Deceuninck|1|puerta-2|3000|2200|23|12.600000|14.800000|5.740800|4502.400000|8151.936000|2137.200000|657.600000|1590.000000|0.000000|569.445120|1485.000000|20743.581120|35764.795034|822590.285793|345487.920033|180969.862874|212|257.645000|door:1500x2200:2.87040:7.40000,door:1500x2200:2.87040:7.40000
Deceuninck|1|combinado-fijo-corr|1200|1000|1|6.250000|4.976000|0.751608|1883.651840|1067.283360|875.628000|269.424000|1590.000000|0.000000|132.792084|270.000000|7738.779284|13342.722903|13342.722903|5603.943619|2935.399039|5|9.593000|fixed:1200x350:0.24840:0.00000,sliding:602x642:0.25160:2.48800,sliding:602x642:0.25160:2.48800
Deceuninck|1|combinado-fijo-corr|1800|1400|7|9.110000|7.216000|1.844648|2740.138240|2619.400160|1273.428000|391.824000|1590.000000|0.000000|241.179228|567.000000|11072.969628|19091.326945|133639.288614|56128.501218|29400.643495|39|28.631000|fixed:1800x489.99999999999994:0.62160:0.00000,sliding:902x902:0.61152:3.60800,sliding:902x902:0.61152:3.60800
Deceuninck|1|combinado-fijo-corr|3000|2200|23|14.830000|11.696000|5.470728|4453.111040|7768.433760|2069.028000|636.624000|1590.000000|0.000000|549.969516|1485.000000|20202.166316|34831.321234|801120.388393|336470.563125|176246.485446|208|151.924000|fixed:3000x770:1.87200:0.00000,sliding:1502x1422:1.79936:5.84800,sliding:1502x1422:1.79936:5.84800
Deceuninck|2|fijo-1|1200|1000|1|4.400000|0.000000|0.950400|867.328000|1349.568000|343.200000|105.600000|1510.000000|0.000000|99.760320|270.000000|6195.456320|10681.821241|10681.821241|4486.364921|2350.000673|2|2.770000|fixed:1200x1000:0.95040:0.00000
Deceuninck|2|fijo-1|1800|1400|7|6.400000|0.000000|2.150400|1261.568000|3053.568000|499.200000|153.600000|1510.000000|0.000000|194.181120|567.000000|8889.117120|15326.064000|107282.448000|45058.628160|23602.138560|18|14.610000|fixed:1800x1400:2.15040:0.00000
Deceuninck|2|fijo-1|3000|2200|23|10.400000|0.000000|5.990400|2050.048000|8506.368000|811.200000|249.600000|1510.000000|0.000000|475.038720|1485.000000|16737.254720|28857.335724|663718.721655|278761.863095|146018.118764|92|54.740000|fixed:3000x2200:5.99040:0.00000
Deceuninck|2|corr-1|1200|1000|1|4.400000|4.336000|0.919296|1600.632320|1305.400320|681.408000|209.664000|1620.000000|0.000000|130.771469|270.000000|7467.876109|12875.648463|12875.648463|5407.772355|2832.642662|3|4.283000|sliding:1184x984:0.91930:4.33600
Deceuninck|2|corr-1|1800|1400|7|6.400000|6.336000|2.103296|2333.112320|2986.680320|993.408000|305.664000|1620.000000|0.000000|239.390669|567.000000|10695.255309|18440.095360|129080.667520|54213.880358|28397.746854|27|22.811000|sliding:1784x1384:2.10330:6.33600
Deceuninck|2|corr-1|3000|2200|23|10.400000|10.336000|5.911296|3798.072320|8394.040320|1617.408000|497.664000|1620.000000|0.000000|548.645069|1485.000000|19610.829709|33811.775360|777670.833280|326621.749978|171087.583322|138|85.054000|sliding:2984x2184:5.91130:10.33600
Deceuninck|2|corr-2-moviles|1200|1000|1|5.400000|6.352000|0.836352|2138.698240|1187.619840|916.656000|282.048000|1730.000000|0.000000|149.684314|270.000000|8324.706394|14352.942058|14352.942058|6028.235664|3157.647253|6|16.621000|sliding:604x984:0.41818:3.17600,sliding:604x984:0.41818:3.17600
Deceuninck|2|corr-2-moviles|1800|1400|7|7.800000|9.152000|1.981952|3085.322240|2814.371840|1322.256000|406.848000|1730.000000|0.000000|265.486234|567.000000|11841.284314|20416.007437|142912.052061|60023.061865|31440.651453|35|19.712000|sliding:904x1384:0.99098:4.57600,sliding:904x1384:0.99098:4.57600
Deceuninck|2|corr-2-moviles|3000|2200|23|12.600000|14.752000|5.713152|4978.570240|8112.675840|2133.456000|656.448000|1730.000000|0.000000|589.106074|1485.000000|21335.256154|36784.924403|846053.261263|355342.369731|186131.717478|212|259.853000|sliding:1504x2184:2.85658:7.37600,sliding:1504x2184:2.85658:7.37600
Deceuninck|2|corr-2-fija-movil|1200|1000|1|5.400000|6.352000|0.836352|2138.698240|1187.619840|916.656000|282.048000|1620.000000|0.000000|149.684314|270.000000|8214.706394|14163.286886|14163.286886|5948.580492|3115.923115|6|16.621000|sliding-fixed:604x984:0.41818:3.17600,sliding:604x984:0.41818:3.17600
Deceuninck|2|corr-2-fija-movil|1800|1400|7|7.800000|9.152000|1.981952|3085.322240|2814.371840|1322.256000|406.848000|1620.000000|0.000000|265.486234|567.000000|11731.284314|20226.352265|141584.465854|59465.475659|31148.582488|35|19.712000|sliding-fixed:904x1384:0.99098:4.57600,sliding:904x1384:0.99098:4.57600
Deceuninck|2|corr-2-fija-movil|3000|2200|23|12.600000|14.752000|5.713152|4978.570240|8112.675840|2133.456000|656.448000|1620.000000|0.000000|589.106074|1485.000000|21225.256154|36595.269230|841691.192298|353510.300765|185172.062306|212|259.853000|sliding-fixed:1504x2184:2.85658:7.37600,sliding:1504x2184:2.85658:7.37600
Deceuninck|2|corr-3|1200|1000|1|6.400000|8.368000|0.753408|2676.764160|1069.839360|1151.904000|354.432000|1620.000000|0.000000|168.597158|270.000000|8961.536678|15450.925308|15450.925308|6489.388629|3399.203568|6|11.544000|sliding-fixed:404x984:0.24538:2.77600,sliding:424x984:0.26266:2.81600,sliding-fixed:404x984:0.24538:2.77600
Deceuninck|2|corr-3|1800|1400|7|9.200000|11.968000|1.860608|3837.532160|2642.063360|1651.104000|508.032000|1620.000000|0.000000|291.581798|567.000000|12767.313318|22012.609170|154088.264188|64717.070959|33899.418121|45|28.223000|sliding-fixed:604x1384:0.61178:3.97600,sliding:624x1384:0.63706:4.01600,sliding-fixed:604x1384:0.61178:3.97600
Deceuninck|2|corr-3|3000|2200|23|14.800000|19.168000|5.515008|6159.068160|7831.311360|2649.504000|815.232000|1620.000000|0.000000|629.567078|1485.000000|22839.682598|39378.763101|905711.551316|380398.851553|199256.541289|235|138.597000|sliding-fixed:1004x2184:1.82458:6.37600,sliding:1024x2184:1.86586:6.41600,sliding-fixed:1004x2184:1.82458:6.37600
Deceuninck|2|corr-4|1200|1000|1|7.400000|10.384000|0.670464|3214.830080|952.058880|1387.152000|426.816000|1950.000000|0.000000|187.510003|270.000000|10038.366963|17307.529247|17307.529247|7269.162284|3807.656434|6|6.467000|sliding:304x984:0.15898:2.57600,sliding:324x984:0.17626:2.61600,sliding:324x984:0.17626:2.61600,sliding:304x984:0.15898:2.57600
Deceuninck|2|corr-4|1800|1400|7|10.600000|14.784000|1.739264|4589.742080|2469.754880|1979.952000|609.216000|1950.000000|0.000000|317.677363|567.000000|14133.342323|24367.831592|170574.821142|71641.424880|37526.460651|53|25.124000|sliding:454x1384:0.42218:3.67600,sliding:474x1384:0.44746:3.71600,sliding:474x1384:0.44746:3.71600,sliding:454x1384:0.42218:3.67600
Deceuninck|2|corr-4|3000|2200|23|17.000000|23.584000|5.316864|7339.566080|7549.946880|3165.552000|974.016000|1950.000000|0.000000|670.028083|1485.000000|24784.109043|42731.222488|982818.117230|412783.609237|216219.985791|293|220.516000|sliding:754x2184:1.30858:5.87600,sliding:774x2184:1.34986:5.91600,sliding:774x2184:1.34986:5.91600,sliding:754x2184:1.30858:5.87600
Deceuninck|2|abatible|1200|1000|1|4.400000|4.400000|0.950400|1611.456000|1349.568000|686.400000|211.200000|1620.000000|0.000000|133.246080|270.000000|7531.870080|12985.982897|12985.982897|5454.112817|2856.916237|3|4.155000|casement-out:1200x1000:0.95040:4.40000
Deceuninck|2|abatible|1800|1400|7|6.400000|6.400000|2.150400|2343.936000|3053.568000|998.400000|307.200000|1620.000000|0.000000|242.887680|567.000000|10782.991680|18591.364966|130139.554759|54658.612999|28630.702047|27|21.915000|casement-out:1800x1400:2.15040:6.40000
Deceuninck|2|abatible|3000|2200|23|10.400000|10.400000|5.990400|3808.896000|8506.368000|1622.400000|499.200000|1620.000000|0.000000|554.186880|1485.000000|19746.050880|34044.915310|783033.052138|328873.881898|172267.271470|138|82.110000|casement-out:3000x2200:5.99040:10.40000
Deceuninck|2|oscilo|1200|1000|1|4.400000|4.400000|0.950400|1611.456000|1349.568000|686.400000|211.200000|1620.000000|0.000000|133.246080|270.000000|7531.870080|12985.982897|12985.982897|5454.112817|2856.916237|3|4.155000|tilt-turn:1200x1000:0.95040:4.40000
Deceuninck|2|oscilo|1800|1400|7|6.400000|6.400000|2.150400|2343.936000|3053.568000|998.400000|307.200000|1620.000000|0.000000|242.887680|567.000000|10782.991680|18591.364966|130139.554759|54658.612999|28630.702047|27|21.915000|tilt-turn:1800x1400:2.15040:6.40000
Deceuninck|2|oscilo|3000|2200|23|10.400000|10.400000|5.990400|3808.896000|8506.368000|1622.400000|499.200000|1620.000000|0.000000|554.186880|1485.000000|19746.050880|34044.915310|783033.052138|328873.881898|172267.271470|138|82.110000|tilt-turn:3000x2200:5.99040:10.40000
Deceuninck|2|proyectante|1200|1000|1|4.400000|4.400000|0.950400|1611.456000|1349.568000|686.400000|211.200000|1620.000000|0.000000|133.246080|270.000000|7531.870080|12985.982897|12985.982897|5454.112817|2856.916237|3|4.155000|project:1200x1000:0.95040:4.40000
Deceuninck|2|proyectante|1800|1400|7|6.400000|6.400000|2.150400|2343.936000|3053.568000|998.400000|307.200000|1620.000000|0.000000|242.887680|567.000000|10782.991680|18591.364966|130139.554759|54658.612999|28630.702047|27|21.915000|project:1800x1400:2.15040:6.40000
Deceuninck|2|proyectante|3000|2200|23|10.400000|10.400000|5.990400|3808.896000|8506.368000|1622.400000|499.200000|1620.000000|0.000000|554.186880|1485.000000|19746.050880|34044.915310|783033.052138|328873.881898|172267.271470|138|82.110000|project:3000x2200:5.99040:10.40000
Deceuninck|2|puerta-1|1200|1000|1|4.400000|4.400000|0.950400|1611.456000|1349.568000|686.400000|211.200000|1620.000000|0.000000|133.246080|270.000000|7531.870080|12985.982897|12985.982897|5454.112817|2856.916237|3|4.155000|door:1200x1000:0.95040:4.40000
Deceuninck|2|puerta-1|1800|1400|7|6.400000|6.400000|2.150400|2343.936000|3053.568000|998.400000|307.200000|1620.000000|0.000000|242.887680|567.000000|10782.991680|18591.364966|130139.554759|54658.612999|28630.702047|27|21.915000|door:1800x1400:2.15040:6.40000
Deceuninck|2|puerta-1|3000|2200|23|10.400000|10.400000|5.990400|3808.896000|8506.368000|1622.400000|499.200000|1620.000000|0.000000|554.186880|1485.000000|19746.050880|34044.915310|783033.052138|328873.881898|172267.271470|138|82.110000|door:3000x2200:5.99040:10.40000
Deceuninck|2|puerta-2|1200|1000|1|5.400000|6.400000|0.844800|2146.816000|1199.616000|920.400000|283.200000|1730.000000|0.000000|150.589440|270.000000|8350.621440|14397.623172|14397.623172|6047.001732|3167.477098|6|16.525000|door:600x1000:0.42240:3.20000,door:600x1000:0.42240:3.20000
Deceuninck|2|puerta-2|1800|1400|7|7.800000|9.200000|1.996800|3093.440000|2835.456000|1326.000000|408.000000|1730.000000|0.000000|266.800320|567.000000|11876.696320|20477.062621|143339.438345|60202.564105|31534.676436|35|19.040000|door:900x1400:0.99840:4.60000,door:900x1400:0.99840:4.60000
Deceuninck|2|puerta-2|3000|2200|23|12.600000|14.800000|5.740800|4986.688000|8151.936000|2137.200000|657.600000|1730.000000|0.000000|591.238080|1485.000000|21389.662080|36878.727724|848210.737655|356248.509815|186606.362284|212|257.645000|door:1500x2200:2.87040:7.40000,door:1500x2200:2.87040:7.40000
Deceuninck|2|combinado-fijo-corr|1200|1000|1|6.250000|4.984000|0.753696|2074.894080|1070.248320|876.252000|269.616000|1730.000000|0.000000|141.531408|270.000000|8082.541808|13935.416910|13935.416910|5852.875102|3065.791720|5|9.577000|fixed:1200x350:0.24840:0.00000,sliding:604x642:0.25265:2.49200,sliding:604x642:0.25265:2.49200
Deceuninck|2|combinado-fijo-corr|1800|1400|7|9.110000|7.224000|1.847776|3017.486080|2623.841920|1274.052000|392.016000|1730.000000|0.000000|253.859760|567.000000|11508.255760|19841.820276|138892.741931|58334.951611|30556.403225|39|28.519000|fixed:1800x489.99999999999994:0.62160:0.00000,sliding:904x902:0.61309:3.61200,sliding:904x902:0.61309:3.61200
Deceuninck|2|combinado-fijo-corr|3000|2200|23|14.830000|11.704000|5.475936|4902.670080|7775.829120|2069.652000|636.816000|1730.000000|0.000000|570.532464|1485.000000|20820.499664|35897.413214|825640.503917|346769.011645|181640.910862|208|151.556000|fixed:3000x770:1.87200:0.00000,sliding:1504x1422:1.80197:5.85200,sliding:1504x1422:1.80197:5.85200
Deceuninck|3|fijo-1|1200|1000|1|4.400000|0.000000|0.950400|911.680000|1349.568000|343.200000|105.600000|1620.000000|0.000000|101.756160|270.000000|6351.804160|10951.386483|10951.386483|4599.582323|2409.305026|2|2.770000|fixed:1200x1000:0.95040:0.00000
Deceuninck|3|fijo-1|1800|1400|7|6.400000|0.000000|2.150400|1326.080000|3053.568000|499.200000|153.600000|1620.000000|0.000000|197.084160|567.000000|9066.532160|15631.952000|109423.664000|45957.938880|24073.206080|18|14.610000|fixed:1800x1400:2.15040:0.00000
Deceuninck|3|fijo-1|3000|2200|23|10.400000|0.000000|5.990400|2154.880000|8506.368000|811.200000|249.600000|1620.000000|0.000000|479.756160|1485.000000|16956.804160|29235.869241|672424.992552|282418.496872|147933.498361|92|54.740000|fixed:3000x2200:5.99040:0.00000
Deceuninck|3|corr-1|1200|1000|1|4.400000|4.336000|0.919296|1678.978560|1305.400320|681.408000|209.664000|1730.000000|0.000000|134.297050|270.000000|7659.747930|13206.461948|13206.461948|5546.714018|2905.421628|3|4.283000|sliding:1184x984:0.91930:4.33600
Deceuninck|3|corr-1|1800|1400|7|6.400000|6.336000|2.103296|2447.298560|2986.680320|993.408000|305.664000|1730.000000|0.000000|244.529050|567.000000|10924.579930|18835.482637|131848.378461|55376.318953|29006.643261|27|22.811000|sliding:1784x1384:2.10330:6.33600
Deceuninck|3|corr-1|3000|2200|23|10.400000|10.336000|5.911296|3983.938560|8394.040320|1617.408000|497.664000|1730.000000|0.000000|557.009050|1485.000000|19915.059930|34336.310223|789735.135139|331688.756759|173741.729731|138|85.054000|sliding:2984x2184:5.91130:10.33600
Deceuninck|3|corr-2-moviles|1200|1000|1|5.400000|6.352000|0.836352|2242.929920|1187.619840|916.656000|282.048000|1840.000000|0.000000|154.374739|270.000000|8543.628499|14730.393964|14730.393964|6186.765465|3240.686672|6|16.621000|sliding:604x984:0.41818:3.17600,sliding:604x984:0.41818:3.17600
Deceuninck|3|corr-2-moviles|1800|1400|7|7.800000|9.152000|1.981952|3235.697920|2814.371840|1322.256000|406.848000|1840.000000|0.000000|272.253139|567.000000|12108.426899|20876.598102|146136.186714|61377.198420|32149.961077|35|19.712000|sliding:904x1384:0.99098:4.57600,sliding:904x1384:0.99098:4.57600
Deceuninck|3|corr-2-moviles|3000|2200|23|12.600000|14.752000|5.713152|5221.233920|8112.675840|2133.456000|656.448000|1840.000000|0.000000|600.025939|1485.000000|21698.839699|37411.792585|860471.229451|361397.916369|189303.670479|212|259.853000|sliding:1504x2184:2.85658:7.37600,sliding:1504x2184:2.85658:7.37600
Deceuninck|3|corr-2-fija-movil|1200|1000|1|5.400000|6.352000|0.836352|2242.929920|1187.619840|916.656000|282.048000|1730.000000|0.000000|154.374739|270.000000|8433.628499|14540.738792|14540.738792|6107.110293|3198.962534|6|16.621000|sliding-fixed:604x984:0.41818:3.17600,sliding:604x984:0.41818:3.17600
Deceuninck|3|corr-2-fija-movil|1800|1400|7|7.800000|9.152000|1.981952|3235.697920|2814.371840|1322.256000|406.848000|1730.000000|0.000000|272.253139|567.000000|11998.426899|20686.942930|144808.600508|60819.612213|31857.892112|35|19.712000|sliding-fixed:904x1384:0.99098:4.57600,sliding:904x1384:0.99098:4.57600
Deceuninck|3|corr-2-fija-movil|3000|2200|23|12.600000|14.752000|5.713152|5221.233920|8112.675840|2133.456000|656.448000|1730.000000|0.000000|600.025939|1485.000000|21588.839699|37222.137412|856109.160486|359565.847404|188344.015307|212|259.853000|sliding-fixed:1504x2184:2.85658:7.37600,sliding:1504x2184:2.85658:7.37600
Deceuninck|3|corr-3|1200|1000|1|6.400000|8.368000|0.753408|2806.881280|1069.839360|1151.904000|354.432000|1730.000000|0.000000|174.452429|270.000000|9207.509069|15875.015636|15875.015636|6667.506567|3492.503440|6|11.544000|sliding-fixed:404x984:0.24538:2.77600,sliding:424x984:0.26266:2.81600,sliding-fixed:404x984:0.24538:2.77600
Deceuninck|3|corr-3|1800|1400|7|9.200000|11.968000|1.860608|4024.097280|2642.063360|1651.104000|508.032000|1730.000000|0.000000|299.977229|567.000000|13072.273869|22538.403222|157768.822554|66262.905473|34709.140962|45|28.223000|sliding-fixed:604x1384:0.61178:3.97600,sliding:624x1384:0.63706:4.01600,sliding-fixed:604x1384:0.61178:3.97600
Deceuninck|3|corr-3|3000|2200|23|14.800000|19.168000|5.515008|6458.529280|7831.311360|2649.504000|815.232000|1730.000000|0.000000|643.042829|1485.000000|23262.619469|40107.964601|922483.185832|387442.938049|202946.300883|235|138.597000|sliding-fixed:1004x2184:1.82458:6.37600,sliding:1024x2184:1.86586:6.41600,sliding-fixed:1004x2184:1.82458:6.37600
Deceuninck|3|corr-4|1200|1000|1|7.400000|10.384000|0.670464|3370.832640|952.058880|1387.152000|426.816000|2060.000000|0.000000|194.530118|270.000000|10311.389638|17778.257997|17778.257997|7466.868359|3911.216759|6|6.467000|sliding:304x984:0.15898:2.57600,sliding:324x984:0.17626:2.61600,sliding:324x984:0.17626:2.61600,sliding:304x984:0.15898:2.57600
Deceuninck|3|corr-4|1800|1400|7|10.600000|14.784000|1.739264|4812.496640|2469.754880|1979.952000|609.216000|2060.000000|0.000000|327.701318|567.000000|14476.120838|24958.829032|174711.803222|73378.957353|38436.596709|53|25.124000|sliding:454x1384:0.42218:3.67600,sliding:474x1384:0.44746:3.71600,sliding:474x1384:0.44746:3.71600,sliding:454x1384:0.42218:3.67600
Deceuninck|3|corr-4|3000|2200|23|17.000000|23.584000|5.316864|7695.824640|7549.946880|3165.552000|974.016000|2060.000000|0.000000|686.059718|1485.000000|25266.399238|43562.757308|1001943.418074|420816.235591|220427.551976|293|220.516000|sliding:754x2184:1.30858:5.87600,sliding:774x2184:1.34986:5.91600,sliding:774x2184:1.34986:5.91600,sliding:754x2184:1.30858:5.87600
Deceuninck|3|abatible|1200|1000|1|4.400000|4.400000|0.950400|1690.304000|1349.568000|686.400000|211.200000|1730.000000|0.000000|136.794240|270.000000|7724.266240|13317.700414|13317.700414|5593.434174|2929.894091|3|4.155000|casement-out:1200x1000:0.95040:4.40000
Deceuninck|3|abatible|1800|1400|7|6.400000|6.400000|2.150400|2458.624000|3053.568000|998.400000|307.200000|1730.000000|0.000000|248.048640|567.000000|11012.840640|18987.656276|132913.593931|55823.709451|29240.990665|27|21.915000|casement-out:1800x1400:2.15040:6.40000
Deceuninck|3|abatible|3000|2200|23|10.400000|10.400000|5.990400|3995.264000|8506.368000|1622.400000|499.200000|1730.000000|0.000000|562.573440|1485.000000|20050.805440|34570.354207|795118.146759|333949.621639|174925.992287|138|82.110000|casement-out:3000x2200:5.99040:10.40000
Deceuninck|3|oscilo|1200|1000|1|4.400000|4.400000|0.950400|1690.304000|1349.568000|686.400000|211.200000|1730.000000|0.000000|136.794240|270.000000|7724.266240|13317.700414|13317.700414|5593.434174|2929.894091|3|4.155000|tilt-turn:1200x1000:0.95040:4.40000
Deceuninck|3|oscilo|1800|1400|7|6.400000|6.400000|2.150400|2458.624000|3053.568000|998.400000|307.200000|1730.000000|0.000000|248.048640|567.000000|11012.840640|18987.656276|132913.593931|55823.709451|29240.990665|27|21.915000|tilt-turn:1800x1400:2.15040:6.40000
Deceuninck|3|oscilo|3000|2200|23|10.400000|10.400000|5.990400|3995.264000|8506.368000|1622.400000|499.200000|1730.000000|0.000000|562.573440|1485.000000|20050.805440|34570.354207|795118.146759|333949.621639|174925.992287|138|82.110000|tilt-turn:3000x2200:5.99040:10.40000
Deceuninck|3|proyectante|1200|1000|1|4.400000|4.400000|0.950400|1690.304000|1349.568000|686.400000|211.200000|1730.000000|0.000000|136.794240|270.000000|7724.266240|13317.700414|13317.700414|5593.434174|2929.894091|3|4.155000|project:1200x1000:0.95040:4.40000
Deceuninck|3|proyectante|1800|1400|7|6.400000|6.400000|2.150400|2458.624000|3053.568000|998.400000|307.200000|1730.000000|0.000000|248.048640|567.000000|11012.840640|18987.656276|132913.593931|55823.709451|29240.990665|27|21.915000|project:1800x1400:2.15040:6.40000
Deceuninck|3|proyectante|3000|2200|23|10.400000|10.400000|5.990400|3995.264000|8506.368000|1622.400000|499.200000|1730.000000|0.000000|562.573440|1485.000000|20050.805440|34570.354207|795118.146759|333949.621639|174925.992287|138|82.110000|project:3000x2200:5.99040:10.40000
Deceuninck|3|puerta-1|1200|1000|1|4.400000|4.400000|0.950400|1690.304000|1349.568000|686.400000|211.200000|1730.000000|0.000000|136.794240|270.000000|7724.266240|13317.700414|13317.700414|5593.434174|2929.894091|3|4.155000|door:1200x1000:0.95040:4.40000
Deceuninck|3|puerta-1|1800|1400|7|6.400000|6.400000|2.150400|2458.624000|3053.568000|998.400000|307.200000|1730.000000|0.000000|248.048640|567.000000|11012.840640|18987.656276|132913.593931|55823.709451|29240.990665|27|21.915000|door:1800x1400:2.15040:6.40000
Deceuninck|3|puerta-1|3000|2200|23|10.400000|10.400000|5.990400|3995.264000|8506.368000|1622.400000|499.200000|1730.000000|0.000000|562.573440|1485.000000|20050.805440|34570.354207|795118.146759|333949.621639|174925.992287|138|82.110000|door:3000x2200:5.99040:10.40000
Deceuninck|3|puerta-2|1200|1000|1|5.400000|6.400000|0.844800|2251.424000|1199.616000|920.400000|283.200000|1840.000000|0.000000|155.296800|270.000000|8569.936800|14775.753103|14775.753103|6205.816303|3250.665683|6|16.525000|door:600x1000:0.42240:3.20000,door:600x1000:0.42240:3.20000
Deceuninck|3|puerta-2|1800|1400|7|7.800000|9.200000|1.996800|3244.192000|2835.456000|1326.000000|408.000000|1840.000000|0.000000|273.584160|567.000000|12144.232160|20938.331310|146568.319172|61558.694052|32245.030218|35|19.040000|door:900x1400:0.99840:4.60000,door:900x1400:0.99840:4.60000
Deceuninck|3|puerta-2|3000|2200|23|12.600000|14.800000|5.740800|5229.728000|8151.936000|2137.200000|657.600000|1840.000000|0.000000|602.174880|1485.000000|21753.638880|37506.273931|862644.300414|362310.606174|189781.746091|212|257.645000|door:1500x2200:2.87040:7.40000,door:1500x2200:2.87040:7.40000
Deceuninck|3|combinado-fijo-corr|1200|1000|1|6.250000|4.984000|0.753696|2176.968640|1070.248320|876.252000|269.616000|1840.000000|0.000000|146.124763|270.000000|8299.209723|14308.982281|14308.982281|6009.772558|3147.976102|5|9.577000|fixed:1200x350:0.24840:0.00000,sliding:604x642:0.25265:2.49200,sliding:604x642:0.25265:2.49200
Deceuninck|3|combinado-fijo-corr|1800|1400|7|9.110000|7.224000|1.847776|3165.951040|2623.841920|1274.052000|392.016000|1840.000000|0.000000|260.540683|567.000000|11773.401643|20298.968350|142092.778452|59678.966950|31260.411260|39|28.519000|fixed:1800x489.99999999999994:0.62160:0.00000,sliding:904x902:0.61309:3.61200,sliding:904x902:0.61309:3.61200
Deceuninck|3|combinado-fijo-corr|3000|2200|23|14.830000|11.704000|5.475936|5143.915840|7775.829120|2069.652000|636.816000|1840.000000|0.000000|581.388523|1485.000000|21182.601483|36521.726695|839999.713989|352799.879875|184799.937078|208|151.556000|fixed:3000x770:1.87200:0.00000,sliding:1504x1422:1.80197:5.85200,sliding:1504x1422:1.80197:5.85200
Deceuninck|4|fijo-1|1200|1000|1|4.400000|0.000000|0.950400|896.896000|1349.568000|343.200000|105.600000|2110.000000|0.000000|101.090880|270.000000|6826.354880|11769.577379|11769.577379|4943.222499|2589.307023|2|2.770000|fixed:1200x1000:0.95040:0.00000
Deceuninck|4|fijo-1|1800|1400|7|6.400000|0.000000|2.150400|1304.576000|3053.568000|499.200000|153.600000|2110.000000|0.000000|196.116480|567.000000|9534.060480|16438.035310|115066.247172|48327.823812|25314.574378|18|14.610000|fixed:1800x1400:2.15040:0.00000
Deceuninck|4|fijo-1|3000|2200|23|10.400000|0.000000|5.990400|2119.936000|8506.368000|811.200000|249.600000|2110.000000|0.000000|478.183680|1485.000000|17410.287680|30017.737379|690407.959724|289971.343084|151889.751139|92|54.740000|fixed:3000x2200:5.99040:0.00000
Deceuninck|4|corr-1|1200|1000|1|4.400000|4.336000|0.919296|1712.757760|1305.400320|681.408000|209.664000|2220.000000|0.000000|135.817114|270.000000|8185.047194|14112.150334|14112.150334|5927.103140|3104.673073|3|4.283000|sliding:1184x984:0.91930:4.33600
Deceuninck|4|corr-1|1800|1400|7|6.400000|6.336000|2.103296|2496.757760|2986.680320|993.408000|305.664000|2220.000000|0.000000|246.754714|567.000000|11466.264794|19769.422058|138385.954406|58122.100850|30444.909969|27|22.811000|sliding:1784x1384:2.10330:6.33600
Deceuninck|4|corr-1|3000|2200|23|10.400000|10.336000|5.911296|4064.757760|8394.040320|1617.408000|497.664000|2220.000000|0.000000|560.645914|1485.000000|20489.515994|35326.751713|812515.289401|341256.421549|178753.363668|138|85.054000|sliding:2984x2184:5.91130:10.33600
Deceuninck|4|corr-2-moviles|1200|1000|1|5.400000|6.304000|0.815616|2286.896640|1158.174720|912.912000|280.896000|2330.000000|0.000000|155.028211|270.000000|9043.907571|15592.944088|15592.944088|6549.036517|3430.447699|6|16.717000|sliding:592x984:0.40781:3.15200,sliding:592x984:0.40781:3.15200
Deceuninck|4|corr-2-moviles|1800|1400|7|7.800000|9.104000|1.951616|3302.960640|2771.294720|1318.512000|405.696000|2330.000000|0.000000|273.341491|567.000000|12618.804851|21756.560088|152295.920618|63964.286660|33505.102536|35|20.384000|sliding:892x1384:0.97581:4.55200,sliding:892x1384:0.97581:4.55200
Deceuninck|4|corr-2-moviles|3000|2200|23|12.600000|14.704000|5.663616|5335.088640|8042.334720|2129.712000|655.296000|2330.000000|0.000000|601.984051|1485.000000|22229.415411|38326.578295|881511.300789|370234.746331|193932.486174|212|262.061000|sliding:1492x2184:2.83181:7.35200,sliding:1492x2184:2.83181:7.35200
Deceuninck|4|corr-2-fija-movil|1200|1000|1|5.400000|6.304000|0.815616|2286.896640|1158.174720|912.912000|280.896000|2220.000000|0.000000|155.028211|270.000000|8933.907571|15403.288916|15403.288916|6469.381345|3388.723561|6|16.717000|sliding-fixed:592x984:0.40781:3.15200,sliding:592x984:0.40781:3.15200
Deceuninck|4|corr-2-fija-movil|1800|1400|7|7.800000|9.104000|1.951616|3302.960640|2771.294720|1318.512000|405.696000|2220.000000|0.000000|273.341491|567.000000|12508.804851|21566.904916|150968.334411|63406.700453|33213.033570|35|20.384000|sliding-fixed:892x1384:0.97581:4.55200,sliding:892x1384:0.97581:4.55200
Deceuninck|4|corr-2-fija-movil|3000|2200|23|12.600000|14.704000|5.663616|5335.088640|8042.334720|2129.712000|655.296000|2220.000000|0.000000|601.984051|1485.000000|22119.415411|38136.923123|877149.231823|368402.677366|192972.831001|212|262.061000|sliding-fixed:1492x2184:2.83181:7.35200,sliding:1492x2184:2.83181:7.35200
Deceuninck|4|corr-3|1200|1000|1|6.400000|8.272000|0.711936|2861.035520|1010.949120|1144.416000|352.128000|2220.000000|0.000000|174.239309|270.000000|9682.767949|16694.427498|16694.427498|7011.659549|3672.774050|6|11.736000|sliding-fixed:392x984:0.23501:2.75200,sliding:400x984:0.24192:2.76800,sliding-fixed:392x984:0.23501:2.75200
Deceuninck|4|corr-3|1800|1400|7|9.200000|11.872000|1.799936|4109.163520|2555.909120|1643.616000|505.728000|2220.000000|0.000000|299.928269|567.000000|13551.344909|23364.387774|163550.714417|68691.300055|35981.157172|45|29.567000|sliding-fixed:592x1384:0.59661:3.95200,sliding:600x1384:0.60672:3.96800,sliding-fixed:592x1384:0.59661:3.95200
Deceuninck|4|corr-3|3000|2200|23|14.800000|19.072000|5.415936|6605.419520|7690.629120|2642.016000|812.928000|2220.000000|0.000000|643.322189|1485.000000|23749.314829|40947.094532|941783.174246|395548.933183|207192.298334|235|143.013000|sliding-fixed:992x2184:1.79981:6.35200,sliding:1000x2184:1.81632:6.36800,sliding-fixed:992x2184:1.79981:6.35200
Deceuninck|4|corr-4|1200|1000|1|7.400000|10.240000|0.608256|3435.174400|863.723520|1375.920000|423.360000|2550.000000|0.000000|193.450406|270.000000|10761.628326|18554.531597|18554.531597|7792.903271|4081.996951|6|6.755000|sliding:292x984:0.14861:2.55200,sliding:300x984:0.15552:2.56800,sliding:300x984:0.15552:2.56800,sliding:292x984:0.14861:2.55200
Deceuninck|4|corr-4|1800|1400|7|10.600000|14.640000|1.648256|4915.366400|2340.523520|1968.720000|605.760000|2550.000000|0.000000|326.515046|567.000000|14923.884966|25730.836149|180115.853043|75648.658278|39625.487669|53|27.140000|sliding:442x1384:0.40701:3.65200,sliding:450x1384:0.41712:3.66800,sliding:450x1384:0.41712:3.66800,sliding:442x1384:0.40701:3.65200
Deceuninck|4|corr-4|3000|2200|23|17.000000|23.440000|5.168256|7875.750400|7338.923520|3154.320000|970.560000|2550.000000|0.000000|684.660326|1485.000000|25709.214246|44326.231459|1019503.323564|428191.395897|224290.731184|293|227.140000|sliding:742x2184:1.28381:5.85200,sliding:750x2184:1.30032:5.86800,sliding:750x2184:1.30032:5.86800,sliding:742x2184:1.28381:5.85200
Deceuninck|4|abatible|1200|1000|1|4.400000|4.400000|0.950400|1724.800000|1349.568000|686.400000|211.200000|2220.000000|0.000000|138.346560|270.000000|8250.314560|14224.680276|14224.680276|5974.365716|3129.429661|3|4.155000|casement-out:1200x1000:0.95040:4.40000
Deceuninck|4|abatible|1800|1400|7|6.400000|6.400000|2.150400|2508.800000|3053.568000|998.400000|307.200000|2220.000000|0.000000|250.306560|567.000000|11555.274560|19922.887172|139460.210207|58573.288287|30681.246246|27|21.915000|casement-out:1800x1400:2.15040:6.40000
Deceuninck|4|abatible|3000|2200|23|10.400000|10.400000|5.990400|4076.800000|8506.368000|1622.400000|499.200000|2220.000000|0.000000|566.242560|1485.000000|20626.010560|35562.087172|817928.004966|343529.762086|179944.161092|138|82.110000|casement-out:3000x2200:5.99040:10.40000
Deceuninck|4|oscilo|1200|1000|1|4.400000|4.400000|0.950400|1724.800000|1349.568000|686.400000|211.200000|2220.000000|0.000000|138.346560|270.000000|8250.314560|14224.680276|14224.680276|5974.365716|3129.429661|3|4.155000|tilt-turn:1200x1000:0.95040:4.40000
Deceuninck|4|oscilo|1800|1400|7|6.400000|6.400000|2.150400|2508.800000|3053.568000|998.400000|307.200000|2220.000000|0.000000|250.306560|567.000000|11555.274560|19922.887172|139460.210207|58573.288287|30681.246246|27|21.915000|tilt-turn:1800x1400:2.15040:6.40000
Deceuninck|4|oscilo|3000|2200|23|10.400000|10.400000|5.990400|4076.800000|8506.368000|1622.400000|499.200000|2220.000000|0.000000|566.242560|1485.000000|20626.010560|35562.087172|817928.004966|343529.762086|179944.161092|138|82.110000|tilt-turn:3000x2200:5.99040:10.40000
Deceuninck|4|proyectante|1200|1000|1|4.400000|4.400000|0.950400|1724.800000|1349.568000|686.400000|211.200000|2220.000000|0.000000|138.346560|270.000000|8250.314560|14224.680276|14224.680276|5974.365716|3129.429661|3|4.155000|project:1200x1000:0.95040:4.40000
Deceuninck|4|proyectante|1800|1400|7|6.400000|6.400000|2.150400|2508.800000|3053.568000|998.400000|307.200000|2220.000000|0.000000|250.306560|567.000000|11555.274560|19922.887172|139460.210207|58573.288287|30681.246246|27|21.915000|project:1800x1400:2.15040:6.40000
Deceuninck|4|proyectante|3000|2200|23|10.400000|10.400000|5.990400|4076.800000|8506.368000|1622.400000|499.200000|2220.000000|0.000000|566.242560|1485.000000|20626.010560|35562.087172|817928.004966|343529.762086|179944.161092|138|82.110000|project:3000x2200:5.99040:10.40000
Deceuninck|4|puerta-1|1200|1000|1|4.400000|4.400000|0.950400|1724.800000|1349.568000|686.400000|211.200000|2220.000000|0.000000|138.346560|270.000000|8250.314560|14224.680276|14224.680276|5974.365716|3129.429661|3|4.155000|door:1200x1000:0.95040:4.40000
Deceuninck|4|puerta-1|1800|1400|7|6.400000|6.400000|2.150400|2508.800000|3053.568000|998.400000|307.200000|2220.000000|0.000000|250.306560|567.000000|11555.274560|19922.887172|139460.210207|58573.288287|30681.246246|27|21.915000|door:1800x1400:2.15040:6.40000
Deceuninck|4|puerta-1|3000|2200|23|10.400000|10.400000|5.990400|4076.800000|8506.368000|1622.400000|499.200000|2220.000000|0.000000|566.242560|1485.000000|20626.010560|35562.087172|817928.004966|343529.762086|179944.161092|138|82.110000|door:3000x2200:5.99040:10.40000
Deceuninck|4|puerta-2|1200|1000|1|5.400000|6.400000|0.844800|2304.960000|1199.616000|920.400000|283.200000|2330.000000|0.000000|157.705920|270.000000|9115.881920|15717.037793|15717.037793|6601.155873|3457.748314|6|16.525000|door:600x1000:0.42240:3.20000,door:600x1000:0.42240:3.20000
Deceuninck|4|puerta-2|1800|1400|7|7.800000|9.200000|1.996800|3321.024000|2835.456000|1326.000000|408.000000|2330.000000|0.000000|277.041600|567.000000|12714.521600|21921.588966|153451.122759|64449.471559|33759.247007|35|19.040000|door:900x1400:0.99840:4.60000,door:900x1400:0.99840:4.60000
Deceuninck|4|puerta-2|3000|2200|23|12.600000|14.800000|5.740800|5353.152000|8151.936000|2137.200000|657.600000|2330.000000|0.000000|607.728960|1485.000000|22372.616960|38573.477517|887189.982897|372619.792817|195181.796237|212|257.645000|door:1500x2200:2.87040:7.40000,door:1500x2200:2.87040:7.40000
Deceuninck|4|combinado-fijo-corr|1200|1000|1|6.250000|4.936000|0.741168|2202.757760|1052.458560|872.508000|268.464000|2330.000000|0.000000|146.484734|270.000000|8792.673054|15159.781128|15159.781128|6367.108074|3335.151848|5|9.673000|fixed:1200x350:0.24840:0.00000,sliding:592x642:0.24638:2.46800,sliding:592x642:0.24638:2.46800
Deceuninck|4|combinado-fijo-corr|1800|1400|7|9.110000|7.176000|1.829008|3207.218560|2597.191360|1270.308000|390.864000|2330.000000|0.000000|261.198446|567.000000|12273.780366|21161.690287|148131.832008|62215.369443|32589.003042|39|29.191000|fixed:1800x489.99999999999994:0.62160:0.00000,sliding:892x902:0.60370:3.58800,sliding:892x902:0.60370:3.58800
Deceuninck|4|combinado-fijo-corr|3000|2200|23|14.830000|11.656000|5.444688|5216.140160|7731.456960|2065.908000|635.664000|2330.000000|0.000000|582.641870|1485.000000|21696.810990|37408.294811|860390.780654|361364.127875|189285.971744|208|153.764000|fixed:3000x770:1.87200:0.00000,sliding:1492x1422:1.78634:5.82800,sliding:1492x1422:1.78634:5.82800
Deceuninck|5|fijo-1|1200|1000|1|4.400000|0.000000|0.950400|956.032000|1349.568000|343.200000|105.600000|1710.000000|0.000000|103.752000|270.000000|6488.152000|11186.468966|11186.468966|4698.316966|2461.023172|2|2.770000|fixed:1200x1000:0.95040:0.00000
Deceuninck|5|fijo-1|1800|1400|7|6.400000|0.000000|2.150400|1390.592000|3053.568000|499.200000|153.600000|1710.000000|0.000000|199.987200|567.000000|9223.947200|15903.357241|111323.500690|46755.870290|24491.170152|18|14.610000|fixed:1800x1400:2.15040:0.00000
Deceuninck|5|fijo-1|3000|2200|23|10.400000|0.000000|5.990400|2259.712000|8506.368000|811.200000|249.600000|1710.000000|0.000000|484.473600|1485.000000|17156.353600|29579.920000|680338.160000|285742.027200|149674.395200|92|54.740000|fixed:3000x2200:5.99040:0.00000
Deceuninck|5|corr-1|1200|1000|1|4.400000|4.336000|0.919296|1752.468480|1305.400320|681.408000|209.664000|1820.000000|0.000000|137.604096|270.000000|7826.544896|13494.042924|13494.042924|5667.498028|2968.689443|3|4.283000|sliding:1184x984:0.91930:4.33600
Deceuninck|5|corr-1|1800|1400|7|6.400000|6.336000|2.103296|2554.388480|2986.680320|993.408000|305.664000|1820.000000|0.000000|249.348096|567.000000|11126.488896|19183.601545|134285.210814|56399.788542|29542.746379|27|22.811000|sliding:1784x1384:2.10330:6.33600
Deceuninck|5|corr-1|3000|2200|23|10.400000|10.336000|5.911296|4158.228480|8394.040320|1617.408000|497.664000|1820.000000|0.000000|564.852096|1485.000000|20187.192896|34805.504993|800526.614841|336221.178233|176115.855265|138|85.054000|sliding:2984x2184:5.91130:10.33600
Deceuninck|5|corr-2-moviles|1200|1000|1|5.400000|6.348000|0.834624|2339.312640|1185.166080|916.344000|281.952000|1930.000000|0.000000|158.601542|270.000000|8731.376262|15054.097004|15054.097004|6322.720742|3311.901341|6|16.629000|sliding:603x984:0.41731:3.17400,sliding:603x984:0.41731:3.17400
Deceuninck|5|corr-2-moviles|1800|1400|7|7.800000|9.148000|1.979424|3375.088640|2810.782080|1321.944000|406.752000|1930.000000|0.000000|278.364182|567.000000|12339.930902|21275.742935|148930.200546|62550.684229|32764.644120|35|19.768000|sliding:903x1384:0.98971:4.57400,sliding:903x1384:0.98971:4.57400
Deceuninck|5|corr-2-moviles|3000|2200|23|12.600000|14.748000|5.709024|5446.640640|8106.814080|2133.144000|656.352000|1930.000000|0.000000|609.905462|1485.000000|22017.856182|37961.821004|873121.883095|366711.190900|192086.814281|212|260.037000|sliding:1503x2184:2.85451:7.37400,sliding:1503x2184:2.85451:7.37400
Deceuninck|5|corr-2-fija-movil|1200|1000|1|5.400000|6.348000|0.834624|2339.312640|1185.166080|916.344000|281.952000|1820.000000|0.000000|158.601542|270.000000|8621.376262|14864.441832|14864.441832|6243.065569|3270.177203|6|16.629000|sliding-fixed:603x984:0.41731:3.17400,sliding:603x984:0.41731:3.17400
Deceuninck|5|corr-2-fija-movil|1800|1400|7|7.800000|9.148000|1.979424|3375.088640|2810.782080|1321.944000|406.752000|1820.000000|0.000000|278.364182|567.000000|12229.930902|21086.087763|147602.614339|61993.098023|32472.575155|35|19.768000|sliding-fixed:903x1384:0.98971:4.57400,sliding:903x1384:0.98971:4.57400
Deceuninck|5|corr-2-fija-movil|3000|2200|23|12.600000|14.748000|5.709024|5446.640640|8106.814080|2133.144000|656.352000|1820.000000|0.000000|609.905462|1485.000000|21907.856182|37772.165832|868759.814130|364879.121934|191127.159109|212|260.037000|sliding-fixed:1503x2184:2.85451:7.37400,sliding:1503x2184:2.85451:7.37400
Deceuninck|5|corr-3|1200|1000|1|6.400000|8.360000|0.749952|2926.156800|1064.931840|1151.280000|354.240000|1820.000000|0.000000|179.598989|270.000000|9416.207629|16234.840739|16234.840739|6818.633111|3571.664963|6|11.560000|sliding-fixed:403x984:0.24451:2.77400,sliding:422x984:0.26093:2.81200,sliding-fixed:403x984:0.24451:2.77400
Deceuninck|5|corr-3|1800|1400|7|9.200000|11.960000|1.855552|4195.788800|2634.883840|1650.480000|507.840000|1820.000000|0.000000|307.380269|567.000000|13333.372909|22988.573981|160920.017865|67586.407503|35402.403930|45|28.335000|sliding-fixed:603x1384:0.61051:3.97400,sliding:622x1384:0.63453:4.01200,sliding-fixed:603x1384:0.61051:3.97400
Deceuninck|5|corr-3|3000|2200|23|14.800000|19.160000|5.506752|6735.052800|7819.587840|2648.880000|815.040000|1820.000000|0.000000|654.958829|1485.000000|23628.519469|40738.826670|936993.013418|393537.065636|206138.462952|235|138.965000|sliding-fixed:1003x2184:1.82251:6.37400,sliding:1022x2184:1.86173:6.41200,sliding-fixed:1003x2184:1.82251:6.37400
Deceuninck|5|corr-4|1200|1000|1|7.400000|10.372000|0.665280|3513.000960|944.697600|1386.216000|426.528000|2150.000000|0.000000|200.596435|270.000000|10541.038995|18174.205164|18174.205164|7633.166169|3998.325136|6|6.491000|sliding:303x984:0.15811:2.57400,sliding:322x984:0.17453:2.61200,sliding:322x984:0.17453:2.61200,sliding:303x984:0.15811:2.57400
Deceuninck|5|corr-4|1800|1400|7|10.600000|14.772000|1.731680|5016.488960|2458.985600|1979.016000|608.928000|2150.000000|0.000000|336.396355|567.000000|14766.814915|25460.025716|178220.180011|74852.475605|39208.439602|53|25.292000|sliding:453x1384:0.42091:3.67400,sliding:472x1384:0.44493:3.71200,sliding:472x1384:0.44493:3.71200,sliding:453x1384:0.42091:3.67400
Deceuninck|5|corr-4|3000|2200|23|17.000000|23.572000|5.304480|8023.464960|7532.361600|3164.616000|973.728000|2150.000000|0.000000|700.012195|1485.000000|25679.182755|44274.453026|1018312.419603|427691.216233|224028.732313|293|221.068000|sliding:753x2184:1.30651:5.87400,sliding:772x2184:1.34573:5.91200,sliding:772x2184:1.34573:5.91200,sliding:753x2184:1.30651:5.87400
Deceuninck|5|abatible|1200|1000|1|4.400000|4.400000|0.950400|1764.224000|1349.568000|686.400000|211.200000|1820.000000|0.000000|140.120640|270.000000|7891.512640|13606.056276|13606.056276|5714.543636|2993.332381|3|4.155000|casement-out:1200x1000:0.95040:4.40000
Deceuninck|5|abatible|1800|1400|7|6.400000|6.400000|2.150400|2566.144000|3053.568000|998.400000|307.200000|1820.000000|0.000000|252.887040|567.000000|11215.199040|19336.550069|135355.850483|56849.457203|29778.287106|27|21.915000|casement-out:1800x1400:2.15040:6.40000
Deceuninck|5|abatible|3000|2200|23|10.400000|10.400000|5.990400|4169.984000|8506.368000|1622.400000|499.200000|1820.000000|0.000000|570.435840|1485.000000|20323.387840|35040.323862|805927.448828|338489.528508|177304.038742|138|82.110000|casement-out:3000x2200:5.99040:10.40000
Deceuninck|5|oscilo|1200|1000|1|4.400000|4.400000|0.950400|1764.224000|1349.568000|686.400000|211.200000|1820.000000|0.000000|140.120640|270.000000|7891.512640|13606.056276|13606.056276|5714.543636|2993.332381|3|4.155000|tilt-turn:1200x1000:0.95040:4.40000
Deceuninck|5|oscilo|1800|1400|7|6.400000|6.400000|2.150400|2566.144000|3053.568000|998.400000|307.200000|1820.000000|0.000000|252.887040|567.000000|11215.199040|19336.550069|135355.850483|56849.457203|29778.287106|27|21.915000|tilt-turn:1800x1400:2.15040:6.40000
Deceuninck|5|oscilo|3000|2200|23|10.400000|10.400000|5.990400|4169.984000|8506.368000|1622.400000|499.200000|1820.000000|0.000000|570.435840|1485.000000|20323.387840|35040.323862|805927.448828|338489.528508|177304.038742|138|82.110000|tilt-turn:3000x2200:5.99040:10.40000
Deceuninck|5|proyectante|1200|1000|1|4.400000|4.400000|0.950400|1764.224000|1349.568000|686.400000|211.200000|1820.000000|0.000000|140.120640|270.000000|7891.512640|13606.056276|13606.056276|5714.543636|2993.332381|3|4.155000|project:1200x1000:0.95040:4.40000
Deceuninck|5|proyectante|1800|1400|7|6.400000|6.400000|2.150400|2566.144000|3053.568000|998.400000|307.200000|1820.000000|0.000000|252.887040|567.000000|11215.199040|19336.550069|135355.850483|56849.457203|29778.287106|27|21.915000|project:1800x1400:2.15040:6.40000
Deceuninck|5|proyectante|3000|2200|23|10.400000|10.400000|5.990400|4169.984000|8506.368000|1622.400000|499.200000|1820.000000|0.000000|570.435840|1485.000000|20323.387840|35040.323862|805927.448828|338489.528508|177304.038742|138|82.110000|project:3000x2200:5.99040:10.40000
Deceuninck|5|puerta-1|1200|1000|1|4.400000|4.400000|0.950400|1764.224000|1349.568000|686.400000|211.200000|1820.000000|0.000000|140.120640|270.000000|7891.512640|13606.056276|13606.056276|5714.543636|2993.332381|3|4.155000|door:1200x1000:0.95040:4.40000
Deceuninck|5|puerta-1|1800|1400|7|6.400000|6.400000|2.150400|2566.144000|3053.568000|998.400000|307.200000|1820.000000|0.000000|252.887040|567.000000|11215.199040|19336.550069|135355.850483|56849.457203|29778.287106|27|21.915000|door:1800x1400:2.15040:6.40000
Deceuninck|5|puerta-1|3000|2200|23|10.400000|10.400000|5.990400|4169.984000|8506.368000|1622.400000|499.200000|1820.000000|0.000000|570.435840|1485.000000|20323.387840|35040.323862|805927.448828|338489.528508|177304.038742|138|82.110000|door:3000x2200:5.99040:10.40000
Deceuninck|5|puerta-2|1200|1000|1|5.400000|6.400000|0.844800|2348.864000|1199.616000|920.400000|283.200000|1930.000000|0.000000|159.681600|270.000000|8761.761600|15106.485517|15106.485517|6344.723917|3323.426814|6|16.525000|door:600x1000:0.42240:3.20000,door:600x1000:0.42240:3.20000
Deceuninck|5|puerta-2|1800|1400|7|7.800000|9.200000|1.996800|3384.640000|2835.456000|1326.000000|408.000000|1930.000000|0.000000|279.904320|567.000000|12381.000320|21346.552276|149425.865931|62758.863691|32873.690505|35|19.040000|door:900x1400:0.99840:4.60000,door:900x1400:0.99840:4.60000
Deceuninck|5|puerta-2|3000|2200|23|12.600000|14.800000|5.740800|5456.192000|8151.936000|2137.200000|657.600000|1930.000000|0.000000|612.365760|1485.000000|22080.293760|38069.472000|875597.856000|367751.099520|192631.528320|212|257.645000|door:1500x2200:2.87040:7.40000,door:1500x2200:2.87040:7.40000
Deceuninck|5|combinado-fijo-corr|1200|1000|1|6.250000|4.980000|0.752652|2272.726400|1068.765840|875.940000|269.520000|1930.000000|0.000000|150.367151|270.000000|8487.319391|14633.309294|14633.309294|6145.989904|3219.328045|5|9.585000|fixed:1200x350:0.24840:0.00000,sliding:603x642:0.25213:2.49000,sliding:603x642:0.25213:2.49000
Deceuninck|5|combinado-fijo-corr|1800|1400|7|9.110000|7.220000|1.846212|3305.590400|2621.621040|1273.740000|391.920000|1930.000000|0.000000|266.724515|567.000000|12006.595955|20701.027508|144907.192558|60861.020874|31879.582363|39|28.575000|fixed:1800x489.99999999999994:0.62160:0.00000,sliding:903x902:0.61231:3.61000,sliding:903x902:0.61231:3.61000
Deceuninck|5|combinado-fijo-corr|3000|2200|23|14.830000|11.700000|5.473332|5371.318400|7772.131440|2069.340000|636.720000|1930.000000|0.000000|591.455243|1485.000000|21505.965083|37079.250143|852822.753283|358185.556379|187621.005722|208|151.740000|fixed:3000x770:1.87200:0.00000,sliding:1503x1422:1.80067:5.85000,sliding:1503x1422:1.80067:5.85000
Deceuninck|6|fijo-1|1200|1000|1|4.400000|0.000000|0.950400|1172.864000|1349.568000|343.200000|105.600000|2780.000000|0.000000|113.509440|270.000000|7784.741440|13421.968000|13421.968000|5637.226560|2952.832960|2|2.770000|fixed:1200x1000:0.95040:0.00000
Deceuninck|6|fijo-1|1800|1400|7|6.400000|0.000000|2.150400|1705.984000|3053.568000|499.200000|153.600000|2780.000000|0.000000|214.179840|567.000000|10623.531840|18316.434207|128215.039448|53850.316568|28207.308679|18|14.610000|fixed:1800x1400:2.15040:0.00000
Deceuninck|6|fijo-1|3000|2200|23|10.400000|0.000000|5.990400|2772.224000|8506.368000|811.200000|249.600000|2780.000000|0.000000|507.536640|1485.000000|18761.928640|32348.152828|744007.515034|312483.156314|163681.653308|92|54.740000|fixed:3000x2200:5.99040:0.00000
Deceuninck|6|corr-1|1200|1000|1|4.400000|4.336000|0.919296|2178.122240|1305.400320|681.408000|209.664000|2890.000000|0.000000|156.758515|270.000000|9341.353075|16105.781164|16105.781164|6764.428089|3543.271856|3|4.283000|sliding:1184x984:0.91930:4.33600
Deceuninck|6|corr-1|1800|1400|7|6.400000|6.336000|2.103296|3174.922240|2986.680320|993.408000|305.664000|2890.000000|0.000000|277.272115|567.000000|12844.946675|22146.459785|155025.218494|65110.591767|34105.548069|27|22.811000|sliding:1784x1384:2.10330:6.33600
Deceuninck|6|corr-1|3000|2200|23|10.400000|10.336000|5.911296|5168.522240|8394.040320|1617.408000|497.664000|2890.000000|0.000000|610.315315|1485.000000|22312.949875|38470.603233|884823.874361|371626.027232|194661.252360|138|85.054000|sliding:2984x2184:5.91130:10.33600
Deceuninck|6|corr-2-moviles|1200|1000|1|5.400000|6.356000|0.838080|2912.999040|1190.073600|916.968000|282.144000|3000.000000|0.000000|184.638269|270.000000|10406.822909|17942.798119|17942.798119|7535.975210|3947.415586|6|16.613000|sliding:605x984:0.41904:3.17800,sliding:605x984:0.41904:3.17800
Deceuninck|6|corr-2-moviles|1800|1400|7|7.800000|9.156000|1.984480|4201.895040|2817.961600|1322.568000|406.944000|3000.000000|0.000000|315.893549|567.000000|14282.262189|24624.589981|172372.129865|72396.294543|37921.868570|35|19.656000|sliding:905x1384:0.99224:4.57800,sliding:905x1384:0.99224:4.57800
Deceuninck|6|corr-2-moviles|3000|2200|23|12.600000|14.756000|5.717280|6779.687040|8118.537600|2133.768000|656.544000|3000.000000|0.000000|670.420109|1485.000000|24493.956749|42230.959912|971312.077970|407951.072747|213688.657153|212|259.669000|sliding:1505x2184:2.85864:7.37800,sliding:1505x2184:2.85864:7.37800
Deceuninck|6|corr-2-fija-movil|1200|1000|1|5.400000|6.356000|0.838080|2912.999040|1190.073600|916.968000|282.144000|2890.000000|0.000000|184.638269|270.000000|10296.822909|17753.142946|17753.142946|7456.320037|3905.691448|6|16.613000|sliding-fixed:605x984:0.41904:3.17800,sliding:605x984:0.41904:3.17800
Deceuninck|6|corr-2-fija-movil|1800|1400|7|7.800000|9.156000|1.984480|4201.895040|2817.961600|1322.568000|406.944000|2890.000000|0.000000|315.893549|567.000000|14172.262189|24434.934808|171044.543658|71838.708336|37629.799605|35|19.656000|sliding-fixed:905x1384:0.99224:4.57800,sliding:905x1384:0.99224:4.57800
Deceuninck|6|corr-2-fija-movil|3000|2200|23|12.600000|14.756000|5.717280|6779.687040|8118.537600|2133.768000|656.544000|2890.000000|0.000000|670.420109|1485.000000|24383.956749|42041.304739|966950.009004|406119.003782|212729.001981|212|259.669000|sliding-fixed:1505x2184:2.85864:7.37800,sliding:1505x2184:2.85864:7.37800
Deceuninck|6|corr-3|1200|1000|1|6.400000|8.376000|0.756864|3647.875840|1074.746880|1152.528000|354.624000|2890.000000|0.000000|212.518022|270.000000|11252.292742|19400.504728|19400.504728|8148.211986|4268.111040|6|11.528000|sliding-fixed:405x984:0.24624:2.77800,sliding:426x984:0.26438:2.82000,sliding-fixed:405x984:0.24624:2.77800
Deceuninck|6|corr-3|1800|1400|7|9.200000|11.976000|1.865664|5228.867840|2649.242880|1651.728000|508.224000|2890.000000|0.000000|354.514982|567.000000|15499.577702|26723.409832|187063.868822|78566.824905|41154.051141|45|28.111000|sliding-fixed:605x1384:0.61304:3.97800,sliding:626x1384:0.63958:4.02000,sliding-fixed:605x1384:0.61304:3.97800
Deceuninck|6|corr-3|3000|2200|23|14.800000|19.176000|5.523264|8390.851840|7843.034880|2650.128000|815.424000|2890.000000|0.000000|730.524902|1485.000000|26454.963622|45612.006246|1049076.143647|440611.980332|230796.751602|235|138.229000|sliding-fixed:1005x2184:1.82664:6.37800,sliding:1026x2184:1.86998:6.42000,sliding-fixed:1005x2184:1.82664:6.37800
Deceuninck|6|corr-4|1200|1000|1|7.400000|10.396000|0.675648|4382.752640|959.420160|1388.088000|427.104000|3220.000000|0.000000|240.397776|270.000000|12537.762576|21616.832028|21616.832028|9079.069452|4755.703046|6|6.443000|sliding:305x984:0.15984:2.57800,sliding:326x984:0.17798:2.62000,sliding:326x984:0.17798:2.62000,sliding:305x984:0.15984:2.57800
Deceuninck|6|corr-4|1800|1400|7|10.600000|14.796000|1.746848|6255.840640|2480.524160|1980.888000|609.504000|3220.000000|0.000000|393.136416|567.000000|17156.893216|29580.850372|207065.952607|86967.700095|45554.509574|53|24.956000|sliding:455x1384:0.42344:3.67800,sliding:476x1384:0.44998:3.72000,sliding:476x1384:0.44998:3.72000,sliding:455x1384:0.42344:3.67800
Deceuninck|6|corr-4|3000|2200|23|17.000000|23.596000|5.329248|10002.016640|7567.532160|3166.488000|974.304000|3220.000000|0.000000|790.629696|1485.000000|28855.970496|49751.673269|1144288.485186|480601.163778|251743.466741|293|219.964000|sliding:755x2184:1.31064:5.87800,sliding:776x2184:1.35398:5.92000,sliding:776x2184:1.35398:5.92000,sliding:755x2184:1.31064:5.87800
Deceuninck|6|abatible|1200|1000|1|4.400000|4.400000|0.950400|2192.960000|1349.568000|686.400000|211.200000|2890.000000|0.000000|159.413760|270.000000|9409.541760|16223.347862|16223.347862|6813.806102|3569.136530|3|4.155000|casement-out:1200x1000:0.95040:4.40000
Deceuninck|6|abatible|1800|1400|7|6.400000|6.400000|2.150400|3189.760000|3053.568000|998.400000|307.200000|2890.000000|0.000000|280.949760|567.000000|12936.877760|22304.961655|156134.731586|65576.587266|34349.640949|27|21.915000|casement-out:1800x1400:2.15040:6.40000
Deceuninck|6|abatible|3000|2200|23|10.400000|10.400000|5.990400|5183.360000|8506.368000|1622.400000|499.200000|2890.000000|0.000000|616.037760|1485.000000|22452.365760|38710.975448|890352.435310|373948.022830|195877.535768|138|82.110000|casement-out:3000x2200:5.99040:10.40000
Deceuninck|6|oscilo|1200|1000|1|4.400000|4.400000|0.950400|2192.960000|1349.568000|686.400000|211.200000|2890.000000|0.000000|159.413760|270.000000|9409.541760|16223.347862|16223.347862|6813.806102|3569.136530|3|4.155000|tilt-turn:1200x1000:0.95040:4.40000
Deceuninck|6|oscilo|1800|1400|7|6.400000|6.400000|2.150400|3189.760000|3053.568000|998.400000|307.200000|2890.000000|0.000000|280.949760|567.000000|12936.877760|22304.961655|156134.731586|65576.587266|34349.640949|27|21.915000|tilt-turn:1800x1400:2.15040:6.40000
Deceuninck|6|oscilo|3000|2200|23|10.400000|10.400000|5.990400|5183.360000|8506.368000|1622.400000|499.200000|2890.000000|0.000000|616.037760|1485.000000|22452.365760|38710.975448|890352.435310|373948.022830|195877.535768|138|82.110000|tilt-turn:3000x2200:5.99040:10.40000
Deceuninck|6|proyectante|1200|1000|1|4.400000|4.400000|0.950400|2192.960000|1349.568000|686.400000|211.200000|2890.000000|0.000000|159.413760|270.000000|9409.541760|16223.347862|16223.347862|6813.806102|3569.136530|3|4.155000|project:1200x1000:0.95040:4.40000
Deceuninck|6|proyectante|1800|1400|7|6.400000|6.400000|2.150400|3189.760000|3053.568000|998.400000|307.200000|2890.000000|0.000000|280.949760|567.000000|12936.877760|22304.961655|156134.731586|65576.587266|34349.640949|27|21.915000|project:1800x1400:2.15040:6.40000
Deceuninck|6|proyectante|3000|2200|23|10.400000|10.400000|5.990400|5183.360000|8506.368000|1622.400000|499.200000|2890.000000|0.000000|616.037760|1485.000000|22452.365760|38710.975448|890352.435310|373948.022830|195877.535768|138|82.110000|project:3000x2200:5.99040:10.40000
Deceuninck|6|puerta-1|1200|1000|1|4.400000|4.400000|0.950400|2192.960000|1349.568000|686.400000|211.200000|2890.000000|0.000000|159.413760|270.000000|9409.541760|16223.347862|16223.347862|6813.806102|3569.136530|3|4.155000|door:1200x1000:0.95040:4.40000
Deceuninck|6|puerta-1|1800|1400|7|6.400000|6.400000|2.150400|3189.760000|3053.568000|998.400000|307.200000|2890.000000|0.000000|280.949760|567.000000|12936.877760|22304.961655|156134.731586|65576.587266|34349.640949|27|21.915000|door:1800x1400:2.15040:6.40000
Deceuninck|6|puerta-1|3000|2200|23|10.400000|10.400000|5.990400|5183.360000|8506.368000|1622.400000|499.200000|2890.000000|0.000000|616.037760|1485.000000|22452.365760|38710.975448|890352.435310|373948.022830|195877.535768|138|82.110000|door:3000x2200:5.99040:10.40000
Deceuninck|6|puerta-2|1200|1000|1|5.400000|6.400000|0.844800|2923.200000|1199.616000|920.400000|283.200000|3000.000000|0.000000|185.526720|270.000000|10431.942720|17986.108138|17986.108138|7554.165418|3956.943790|6|16.525000|door:600x1000:0.42240:3.20000,door:600x1000:0.42240:3.20000
Deceuninck|6|puerta-2|1800|1400|7|7.800000|9.200000|1.996800|4212.096000|2835.456000|1326.000000|408.000000|3000.000000|0.000000|317.139840|567.000000|14315.691840|24682.227310|172775.591172|72565.748292|38010.630058|35|19.040000|door:900x1400:0.99840:4.60000,door:900x1400:0.99840:4.60000
Deceuninck|6|puerta-2|3000|2200|23|12.600000|14.800000|5.740800|6789.888000|8151.936000|2137.200000|657.600000|3000.000000|0.000000|672.382080|1485.000000|24544.006080|42317.251862|973296.792828|408784.652988|214125.294422|212|257.645000|door:1500x2200:2.87040:7.40000,door:1500x2200:2.87040:7.40000
Deceuninck|6|combinado-fijo-corr|1200|1000|1|6.250000|4.988000|0.754740|2822.417920|1071.730800|876.564000|269.712000|3000.000000|0.000000|175.236692|270.000000|10135.661412|17475.278297|17475.278297|7339.616885|3844.561225|5|9.569000|fixed:1200x350:0.24840:0.00000,sliding:605x642:0.25317:2.49400,sliding:605x642:0.25317:2.49400
Deceuninck|6|combinado-fijo-corr|1800|1400|7|9.110000|7.228000|1.849340|4104.101120|2626.062800|1274.364000|392.112000|3000.000000|0.000000|302.857376|567.000000|13916.497296|23993.960856|167957.725991|70542.244916|36950.699718|39|28.463000|fixed:1800x489.99999999999994:0.62160:0.00000,sliding:905x902:0.61387:3.61400,sliding:905x902:0.61387:3.61400
Deceuninck|6|combinado-fijo-corr|3000|2200|23|14.830000|11.708000|5.478540|6667.467520|7779.526800|2069.964000|636.912000|3000.000000|0.000000|650.114744|1485.000000|23938.985064|41274.112180|949304.580140|398707.923659|208847.007631|208|151.372000|fixed:3000x770:1.87200:0.00000,sliding:1505x1422:1.80327:5.85400,sliding:1505x1422:1.80327:5.85400
Deceuninck|7|fijo-1|1200|1000|1|4.400000|0.000000|0.950400|1527.680000|1349.568000|343.200000|105.600000|7530.000000|0.000000|129.476160|270.000000|12905.524160|22250.903724|22250.903724|9345.379564|4895.198819|2|2.770000|fixed:1200x1000:0.95040:0.00000
Deceuninck|7|fijo-1|1800|1400|7|6.400000|0.000000|2.150400|2222.080000|3053.568000|499.200000|153.600000|7530.000000|0.000000|237.404160|567.000000|15912.852160|27435.952000|192051.664000|80661.698880|42251.366080|18|14.610000|fixed:1800x1400:2.15040:0.00000
Deceuninck|7|fijo-1|3000|2200|23|10.400000|0.000000|5.990400|3610.880000|8506.368000|811.200000|249.600000|7530.000000|0.000000|545.276160|1485.000000|24388.324160|42048.834759|967123.199448|406191.743768|212767.103879|92|54.740000|fixed:3000x2200:5.99040:0.00000
Deceuninck|7|corr-1|1200|1000|1|4.400000|4.336000|0.919296|2877.736960|1305.400320|681.408000|209.664000|7640.000000|0.000000|188.241178|270.000000|14822.450458|25555.949065|25555.949065|10733.498607|5622.308794|3|4.283000|sliding:1184x984:0.91930:4.33600
Deceuninck|7|corr-1|1800|1400|7|6.400000|6.336000|2.103296|4194.856960|2986.680320|993.408000|305.664000|7640.000000|0.000000|323.169178|567.000000|18660.778458|32173.755961|225216.291730|94590.842526|49547.584181|27|22.811000|sliding:1784x1384:2.10330:6.33600
Deceuninck|7|corr-1|3000|2200|23|10.400000|10.336000|5.911296|6829.096960|8394.040320|1617.408000|497.664000|7640.000000|0.000000|685.041178|1485.000000|28798.250458|49652.155961|1141999.587112|479639.826587|251239.909165|138|85.054000|sliding:2984x2184:5.91130:10.33600
Deceuninck|7|corr-2-moviles|1200|1000|1|5.400000|6.368000|0.843264|3857.620480|1197.434880|917.904000|282.432000|7750.000000|0.000000|227.477491|270.000000|16152.868851|27849.773881|27849.773881|11696.905030|6126.950254|6|16.589000|sliding:608x984:0.42163:3.18400,sliding:608x984:0.42163:3.18400
Deceuninck|7|corr-2-moviles|1800|1400|7|7.800000|9.168000|1.992064|5562.708480|2828.730880|1323.504000|407.232000|7750.000000|0.000000|377.614771|567.000000|20466.790131|35287.569192|247012.984342|103745.453424|54342.856555|35|19.488000|sliding:908x1384:0.99603:4.58400,sliding:908x1384:0.99603:4.58400
Deceuninck|7|corr-2-moviles|3000|2200|23|12.600000|14.768000|5.729664|8972.884480|8136.122880|2134.704000|656.832000|7750.000000|0.000000|769.905331|1485.000000|31555.448691|54405.946019|1251336.758444|525561.438547|275294.086858|212|259.117000|sliding:1508x2184:2.86483:7.38400,sliding:1508x2184:2.86483:7.38400
Deceuninck|7|corr-2-fija-movil|1200|1000|1|5.400000|6.368000|0.843264|3857.620480|1197.434880|917.904000|282.432000|7640.000000|0.000000|227.477491|270.000000|16042.868851|27660.118709|27660.118709|11617.249858|6085.226116|6|16.589000|sliding-fixed:608x984:0.42163:3.18400,sliding:608x984:0.42163:3.18400
Deceuninck|7|corr-2-fija-movil|1800|1400|7|7.800000|9.168000|1.992064|5562.708480|2828.730880|1323.504000|407.232000|7640.000000|0.000000|377.614771|567.000000|20356.790131|35097.914019|245685.398135|103187.867217|54050.787590|35|19.488000|sliding-fixed:908x1384:0.99603:4.58400,sliding:908x1384:0.99603:4.58400
Deceuninck|7|corr-2-fija-movil|3000|2200|23|12.600000|14.768000|5.729664|8972.884480|8136.122880|2134.704000|656.832000|7640.000000|0.000000|769.905331|1485.000000|31445.448691|54216.290847|1246974.689479|523729.369581|274334.431685|212|259.117000|sliding-fixed:1508x2184:2.86483:7.38400,sliding:1508x2184:2.86483:7.38400
Deceuninck|7|corr-3|1200|1000|1|6.400000|8.400000|0.767232|4837.504000|1089.469440|1154.400000|355.200000|7640.000000|0.000000|266.713805|270.000000|17263.287245|29764.288353|29764.288353|12501.001108|6548.143438|6|11.480000|sliding-fixed:408x984:0.24883:2.78400,sliding:432x984:0.26957:2.83200,sliding-fixed:408x984:0.24883:2.78400
Deceuninck|7|corr-3|1800|1400|7|9.200000|12.000000|1.880832|6930.560000|2670.781440|1653.600000|508.800000|7640.000000|0.000000|432.060365|567.000000|22052.801805|38022.072077|266154.504541|111784.891907|58553.990999|45|27.775000|sliding-fixed:608x1384:0.61683:3.98400,sliding:632x1384:0.64717:4.03200,sliding-fixed:608x1384:0.61683:3.98400
Deceuninck|7|corr-3|3000|2200|23|14.800000|19.200000|5.548032|11116.672000|7878.205440|2652.000000|816.000000|7640.000000|0.000000|854.769485|1485.000000|34092.646925|58780.425732|1351949.791846|567818.912575|297428.954206|235|137.125000|sliding-fixed:1008x2184:1.83283:6.38400,sliding:1032x2184:1.88237:6.43200,sliding-fixed:1008x2184:1.83283:6.38400
Deceuninck|7|corr-4|1200|1000|1|7.400000|10.432000|0.691200|5817.387520|981.504000|1390.896000|427.968000|7970.000000|0.000000|305.950118|270.000000|18813.705638|32437.423514|32437.423514|13623.717876|7136.233173|6|6.371000|sliding:308x984:0.16243:2.58400,sliding:332x984:0.18317:2.63200,sliding:332x984:0.18317:2.63200,sliding:308x984:0.16243:2.58400
Deceuninck|7|corr-4|1800|1400|7|10.600000|14.832000|1.769600|8298.411520|2512.832000|1983.696000|610.368000|7970.000000|0.000000|486.505958|567.000000|24078.813478|41515.195652|290606.369567|122054.675218|63933.401305|53|24.452000|sliding:458x1384:0.42723:3.68400,sliding:482x1384:0.45757:3.73200,sliding:482x1384:0.45757:3.73200,sliding:458x1384:0.42723:3.68400
Deceuninck|7|corr-4|3000|2200|23|17.000000|23.632000|5.366400|13260.459520|7620.288000|3169.296000|975.168000|7970.000000|0.000000|939.633638|1485.000000|37069.845158|63913.526135|1470011.101109|617404.662466|323402.442244|293|218.308000|sliding:758x2184:1.31683:5.88400,sliding:782x2184:1.36637:5.93200,sliding:782x2184:1.36637:5.93200,sliding:758x2184:1.31683:5.88400
Deceuninck|7|abatible|1200|1000|1|4.400000|4.400000|0.950400|2897.664000|1349.568000|686.400000|211.200000|7640.000000|0.000000|191.125440|270.000000|14895.957440|25682.685241|25682.685241|10786.727801|5650.190753|3|4.155000|casement-out:1200x1000:0.95040:4.40000
Deceuninck|7|abatible|1800|1400|7|6.400000|6.400000|2.150400|4214.784000|3053.568000|998.400000|307.200000|7640.000000|0.000000|327.075840|567.000000|18758.027840|32341.427310|226389.991172|95083.796292|49805.798058|27|21.915000|casement-out:1800x1400:2.15040:6.40000
Deceuninck|7|abatible|3000|2200|23|10.400000|10.400000|5.990400|6849.024000|8506.368000|1622.400000|499.200000|7640.000000|0.000000|690.992640|1485.000000|28942.984640|49901.697655|1147739.046069|482050.399349|252502.590135|138|82.110000|casement-out:3000x2200:5.99040:10.40000
Deceuninck|7|oscilo|1200|1000|1|4.400000|4.400000|0.950400|2897.664000|1349.568000|686.400000|211.200000|7640.000000|0.000000|191.125440|270.000000|14895.957440|25682.685241|25682.685241|10786.727801|5650.190753|3|4.155000|tilt-turn:1200x1000:0.95040:4.40000
Deceuninck|7|oscilo|1800|1400|7|6.400000|6.400000|2.150400|4214.784000|3053.568000|998.400000|307.200000|7640.000000|0.000000|327.075840|567.000000|18758.027840|32341.427310|226389.991172|95083.796292|49805.798058|27|21.915000|tilt-turn:1800x1400:2.15040:6.40000
Deceuninck|7|oscilo|3000|2200|23|10.400000|10.400000|5.990400|6849.024000|8506.368000|1622.400000|499.200000|7640.000000|0.000000|690.992640|1485.000000|28942.984640|49901.697655|1147739.046069|482050.399349|252502.590135|138|82.110000|tilt-turn:3000x2200:5.99040:10.40000
Deceuninck|7|proyectante|1200|1000|1|4.400000|4.400000|0.950400|2897.664000|1349.568000|686.400000|211.200000|7640.000000|0.000000|191.125440|270.000000|14895.957440|25682.685241|25682.685241|10786.727801|5650.190753|3|4.155000|project:1200x1000:0.95040:4.40000
Deceuninck|7|proyectante|1800|1400|7|6.400000|6.400000|2.150400|4214.784000|3053.568000|998.400000|307.200000|7640.000000|0.000000|327.075840|567.000000|18758.027840|32341.427310|226389.991172|95083.796292|49805.798058|27|21.915000|project:1800x1400:2.15040:6.40000
Deceuninck|7|proyectante|3000|2200|23|10.400000|10.400000|5.990400|6849.024000|8506.368000|1622.400000|499.200000|7640.000000|0.000000|690.992640|1485.000000|28942.984640|49901.697655|1147739.046069|482050.399349|252502.590135|138|82.110000|project:3000x2200:5.99040:10.40000
Deceuninck|7|puerta-1|1200|1000|1|4.400000|4.400000|0.950400|2897.664000|1349.568000|686.400000|211.200000|7640.000000|0.000000|191.125440|270.000000|14895.957440|25682.685241|25682.685241|10786.727801|5650.190753|3|4.155000|door:1200x1000:0.95040:4.40000
Deceuninck|7|puerta-1|1800|1400|7|6.400000|6.400000|2.150400|4214.784000|3053.568000|998.400000|307.200000|7640.000000|0.000000|327.075840|567.000000|18758.027840|32341.427310|226389.991172|95083.796292|49805.798058|27|21.915000|door:1800x1400:2.15040:6.40000
Deceuninck|7|puerta-1|3000|2200|23|10.400000|10.400000|5.990400|6849.024000|8506.368000|1622.400000|499.200000|7640.000000|0.000000|690.992640|1485.000000|28942.984640|49901.697655|1147739.046069|482050.399349|252502.590135|138|82.110000|door:3000x2200:5.99040:10.40000
Deceuninck|7|puerta-2|1200|1000|1|5.400000|6.400000|0.844800|3867.584000|1199.616000|920.400000|283.200000|7750.000000|0.000000|228.024000|270.000000|16168.824000|27877.282759|27877.282759|11708.458759|6133.002207|6|16.525000|door:600x1000:0.42240:3.20000,door:600x1000:0.42240:3.20000
Deceuninck|7|puerta-2|1800|1400|7|7.800000|9.200000|1.996800|5572.672000|2835.456000|1326.000000|408.000000|7750.000000|0.000000|378.365760|567.000000|20487.493760|35323.265103|247262.855724|103850.399404|54397.828259|35|19.040000|door:900x1400:0.99840:4.60000,door:900x1400:0.99840:4.60000
Deceuninck|7|puerta-2|3000|2200|23|12.600000|14.800000|5.740800|8982.848000|8151.936000|2137.200000|657.600000|7750.000000|0.000000|771.065280|1485.000000|31585.649280|54458.016000|1252534.368000|526064.434560|275557.560960|212|257.645000|door:1500x2200:2.87040:7.40000,door:1500x2200:2.87040:7.40000
Deceuninck|7|combinado-fijo-corr|1200|1000|1|6.250000|5.000000|0.757872|3726.800000|1076.178240|877.500000|270.000000|7750.000000|0.000000|216.134021|270.000000|15836.612261|27304.503898|27304.503898|11467.891637|6006.990858|5|9.545000|fixed:1200x350:0.24840:0.00000,sliding:608x642:0.25474:2.50000,sliding:608x642:0.25474:2.50000
Deceuninck|7|combinado-fijo-corr|1800|1400|7|9.110000|7.240000|1.854032|5417.238400|2632.725440|1275.300000|392.400000|7750.000000|0.000000|362.248373|567.000000|20046.912213|34563.641746|241945.492223|101617.106734|53228.008289|39|28.295000|fixed:1800x489.99999999999994:0.62160:0.00000,sliding:908x902:0.61622:3.62000,sliding:908x902:0.61622:3.62000
Deceuninck|7|combinado-fijo-corr|3000|2200|23|14.830000|11.720000|5.486352|8798.115200|7790.619840|2070.900000|637.200000|7750.000000|0.000000|746.493077|1485.000000|30928.328117|53324.703650|1226468.183942|515116.637256|269823.000467|208|150.820000|fixed:3000x770:1.87200:0.00000,sliding:1508x1422:1.80718:5.86000,sliding:1508x1422:1.80718:5.86000
PACK|1|137|5800|1|300/5500:300
PACK|1|137|6000|1|300/5700:300
PACK|1|137|4000|1|300/3700:300
PACK|1|991|5800|1|300/5500:300
PACK|1|991|6000|1|300/5700:300
PACK|1|991|4000|1|300/3700:300
PACK|1|7|5800|1|300/5500:300
PACK|1|7|6000|1|300/5700:300
PACK|1|7|4000|1|300/3700:300
PACK|2|137|5800|1|742/5058:437.300
PACK|2|137|6000|1|742/5258:437.300
PACK|2|137|4000|1|742/3258:437.300
PACK|2|991|5800|1|1596/4204:1291.300
PACK|2|991|6000|1|1596/4404:1291.300
PACK|2|991|4000|1|1596/2404:1291.300
PACK|2|7|5800|1|612/5188:307.300
PACK|2|7|6000|1|612/5388:307.300
PACK|2|7|4000|1|612/3388:307.300
PACK|3|137|5800|1|1321/4479:574.437.300
PACK|3|137|6000|1|1321/4679:574.437.300
PACK|3|137|4000|1|1321/2679:574.437.300
PACK|3|991|5800|1|3883/1917:2282.1291.300
PACK|3|991|6000|1|3883/2117:2282.1291.300
PACK|3|991|4000|1|3883/117:2282.1291.300
PACK|3|7|5800|1|931/4869:314.307.300
PACK|3|7|6000|1|931/5069:314.307.300
PACK|3|7|4000|1|931/3069:314.307.300
PACK|7|137|5800|1|5007/793:1122.985.848.711.574.437.300
PACK|7|137|6000|1|5007/993:1122.985.848.711.574.437.300
PACK|7|137|4000|2|3986/14:1122.985.848.711.300;1016/2984:574.437
PACK|7|991|5800|4|5560/240:5255.300;5560/240:4264.1291;5560/240:3273.2282;846/4954:846
PACK|7|991|6000|4|5560/440:5255.300;5560/440:4264.1291;5560/440:3273.2282;846/5154:846
PACK|7|991|4000|5|5255/-1255:5255;4264/-264:4264;3578/422:3273.300;3578/422:2282.1291;846/3154:846
PACK|7|7|5800|1|2277/3523:342.335.328.321.314.307.300
PACK|7|7|6000|1|2277/3723:342.335.328.321.314.307.300
PACK|7|7|4000|1|2277/1723:342.335.328.321.314.307.300
PACK|33|137|5800|15|5674/126:4684.985;5674/126:4547.1122;5674/126:4410.1259;5674/126:4273.1396;5674/126:4136.1533;5674/126:3999.1670;5674/126:3862.1807;5674/126:3725.1944;5674/126:3588.2081;5674/126:3451.2218;5674/126:3314.2355;5674/126:3177.2492;5674/126:3040.2629;5674/126:2903.2766;2890/2910:848.711.574.437.300
PACK|33|137|6000|14|5948/52:4684.1259;5948/52:4547.1396;5948/52:4410.1533;5948/52:4273.1670;5948/52:4136.1807;5948/52:3999.1944;5948/52:3862.2081;5948/52:3725.2218;5948/52:3588.2355;5948/52:3451.2492;5948/52:3314.2629;5948/52:3177.2766;5948/52:3040.2903;5007/993:1122.985.848.711.574.437.300
PACK|33|137|4000|21|4684/-684:4684;4547/-547:4547;4410/-410:4410;4273/-273:4273;4136/-136:4136;3999/1:3999;3862/138:3862;3725/275:3725;3893/107:3588.300;3893/107:3451.437;3893/107:3314.574;3893/107:3177.711;3893/107:3040.848;3893/107:2903.985;3893/107:2766.1122;3893/107:2629.1259;3893/107:2492.1396;3893/107:2355.1533;3893/107:2218.1670;3893/107:2081.1807;1944/2056:1944
PACK|33|991|5800|17|5762/38:5457.300;5762/38:5356.401;5762/38:5255.502;5012/788:5012;5762/38:4911.846;5762/38:4810.947;5762/38:4466.1291;5762/38:4365.1392;5762/38:4264.1493;5074/726:4021.1048;5762/38:3920.1837;5762/38:3819.1938;5762/38:3475.2282;5762/38:3374.2383;5762/38:3273.2484;5074/726:3030.2039;5762/38:2929.2828
PACK|33|991|6000|17|5964/36:5457.502;5762/238:5356.401;5560/440:5255.300;5964/36:5012.947;5964/36:4911.1048;5661/339:4810.846;5964/36:4466.1493;5762/238:4365.1392;5560/440:4264.1291;5964/36:4021.1938;5964/36:3920.2039;5661/339:3819.1837;5964/36:3475.2484;5762/238:3374.2383;5560/440:3273.2282;5964/36:3030.2929;2828/3172:2828
PACK|33|991|4000|23|5457/-1457:5457;5356/-1356:5356;5255/-1255:5255;5012/-1012:5012;4911/-911:4911;4810/-810:4810;4466/-466:4466;4365/-365:4365;4264/-264:4264;4021/-21:4021;3920/80:3920;3819/181:3819;3982/18:3475.502;3780/220:3374.401;3578/422:3273.300;3982/18:3030.947;3982/18:2929.1048;3679/321:2828.846;3982/18:2484.1493;3780/220:2383.1392;3578/422:2282.1291;3982/18:2039.1938;1837/2163:1837
PACK|33|7|5800|3|5797/3:524.517.510.503.496.489.482.475.468.461.454.363;5672/128:447.440.433.426.419.412.405.398.391.384.377.370.356.349;2277/3523:342.335.328.321.314.307.300
PACK|33|7|6000|3|5881/119:524.517.510.503.496.489.482.475.468.461.454.447;5935/65:440.433.426.419.412.405.398.391.384.377.370.363.356.349.342;1930/4070:335.328.321.314.307.300
PACK|33|7|4000|4|3996/4:524.517.510.503.496.489.482.440;4000/0:475.468.461.454.447.433.426.419.377;3815/185:412.405.398.391.384.370.363.356.349.342;1930/2070:335.328.321.314.307.300
PACK|100|137|5800|48|5643/157:5643;5586/214:5586;5506/294:5506;5777/23:5449.323;5754/46:5369.380;5777/23:5312.460;5754/46:5232.517;5777/23:5175.597;5754/46:5095.654;5777/23:5038.734;5754/46:4958.791;5777/23:4901.871;5754/46:4821.928;5777/23:4764.1008;5754/46:4684.1065;5777/23:4627.1145;5754/46:4547.1202;5777/23:4490.1282;5754/46:4410.1339;5777/23:4353.1419;5754/46:4273.1476;5777/23:4216.1556;5754/46:4136.1613;5777/23:4079.1693;5754/46:3999.1750;5777/23:3942.1830;5754/46:3862.1887;5777/23:3805.1967;5754/46:3725.2024;5777/23:3668.2104;5754/46:3588.2161;5777/23:3531.2241;5754/46:3451.2298;5777/23:3394.2378;5754/46:3314.2435;5777/23:3257.2515;5754/46:3177.2572;5777/23:3120.2652;5777/23:3063.2709;5674/126:3040.2629;5777/23:2983.2789;5777/23:2926.2846;5674/126:2903.2766;5705/95:2492.2355.848;5705/95:2218.2081.1396;5736/64:1944.1807.1670.300;5630/170:1533.1259.1122.985.711;1016/4784:574.437
PACK|100|137|6000|46|5971/29:5643.323;5971/29:5586.380;5971/29:5506.460;5971/29:5449.517;5971/29:5369.597;5971/29:5312.654;5971/29:5232.734;5971/29:5175.791;5971/29:5095.871;5971/29:5038.928;5971/29:4958.1008;5971/29:4901.1065;5971/29:4821.1145;5971/29:4764.1202;5971/29:4684.1282;5971/29:4627.1339;5971/29:4547.1419;5971/29:4490.1476;5971/29:4410.1556;5971/29:4353.1613;5971/29:4273.1693;5971/29:4216.1750;5971/29:4136.1830;5971/29:4079.1887;5971/29:3999.1967;5971/29:3942.2024;5971/29:3862.2104;5971/29:3805.2161;5971/29:3725.2241;5971/29:3668.2298;5971/29:3588.2378;5971/29:3531.2435;5971/29:3451.2515;5971/29:3394.2572;5971/29:3314.2652;5971/29:3257.2709;5971/29:3177.2789;5971/29:3120.2846;5994/6:3063.2926;5948/52:3040.2903;5754/246:2983.2766;5979/21:2629.2492.848;5979/21:2355.2218.1396;5842/158:2081.1944.1807;5904/96:1670.1533.1259.1122.300;2722/3278:985.711.574.437
PACK|100|137|4000|63|5643/-1643:5643;5586/-1586:5586;5506/-1506:5506;5449/-1449:5449;5369/-1369:5369;5312/-1312:5312;5232/-1232:5232;5175/-1175:5175;5095/-1095:5095;5038/-1038:5038;4958/-958:4958;4901/-901:4901;4821/-821:4821;4764/-764:4764;4684/-684:4684;4627/-627:4627;4547/-547:4547;4490/-490:4490;4410/-410:4410;4353/-353:4353;4273/-273:4273;4216/-216:4216;4136/-136:4136;4079/-79:4079;3999/1:3999;3942/58:3942;3862/138:3862;3805/195:3805;3725/275:3725;3996/4:3668.323;3973/27:3588.380;3996/4:3531.460;3973/27:3451.517;3996/4:3394.597;3973/27:3314.654;3996/4:3257.734;3973/27:3177.791;3996/4:3120.871;3996/4:3063.928;3893/107:3040.848;3996/4:2983.1008;3996/4:2926.1065;3893/107:2903.985;3996/4:2846.1145;3996/4:2789.1202;3893/107:2766.1122;3996/4:2709.1282;3996/4:2652.1339;3893/107:2629.1259;3996/4:2572.1419;3996/4:2515.1476;3893/107:2492.1396;3996/4:2435.1556;3996/4:2378.1613;3893/107:2355.1533;3996/4:2298.1693;3996/4:2241.1750;3893/107:2218.1670;3996/4:2161.1830;3996/4:2104.1887;3893/107:2081.1807;3996/4:2024.1967;3986/14:1944.711.574.437.300
PACK|100|991|5800|52|5659/141:5659;5618/182:5618;5558/242:5558;5517/283:5517;5762/38:5457.300;5781/19:5416.360;5762/38:5356.401;5781/19:5315.461;5762/38:5255.502;5781/19:5214.562;5781/19:5113.663;5781/19:5072.704;5620/180:5012.603;5781/19:4971.805;5762/38:4911.846;5781/19:4870.906;5762/38:4810.947;5781/19:4769.1007;5781/19:4668.1108;5781/19:4627.1149;5781/19:4567.1209;5781/19:4526.1250;5762/38:4466.1291;5781/19:4425.1351;5762/38:4365.1392;5781/19:4324.1452;5762/38:4264.1493;5781/19:4223.1553;5781/19:4122.1654;5781/19:4081.1695;5620/180:4021.1594;5781/19:3980.1796;5762/38:3920.1837;5781/19:3879.1897;5762/38:3819.1938;5781/19:3778.1998;5781/19:3677.2099;5781/19:3636.2140;5620/180:3576.2039;5781/19:3535.2241;5762/38:3475.2282;5781/19:3434.2342;5762/38:3374.2383;5781/19:3333.2443;5762/38:3273.2484;5781/19:3232.2544;5781/19:3131.2645;5781/19:3090.2686;5620/180:3030.2585;5781/19:2989.2787;5762/38:2929.2828;3941/1859:2888.1048
PACK|100|991|6000|51|5964/36:5659.300;5983/17:5618.360;5964/36:5558.401;5983/17:5517.461;5964/36:5457.502;5983/17:5416.562;5964/36:5356.603;5983/17:5315.663;5964/36:5255.704;5214/786:5214;5964/36:5113.846;5983/17:5072.906;5964/36:5012.947;5983/17:4971.1007;5964/36:4911.1048;5983/17:4870.1108;5964/36:4810.1149;5983/17:4769.1209;5964/36:4668.1291;5983/17:4627.1351;5964/36:4567.1392;5983/17:4526.1452;5964/36:4466.1493;5983/17:4425.1553;5964/36:4365.1594;5983/17:4324.1654;5964/36:4264.1695;5478/522:4223.1250;5964/36:4122.1837;5983/17:4081.1897;5964/36:4021.1938;5983/17:3980.1998;5964/36:3920.2039;5983/17:3879.2099;5964/36:3819.2140;5579/421:3778.1796;5964/36:3677.2282;5983/17:3636.2342;5964/36:3576.2383;5983/17:3535.2443;5964/36:3475.2484;5983/17:3434.2544;5964/36:3374.2585;5983/17:3333.2645;5964/36:3273.2686;5478/522:3232.2241;5964/36:3131.2828;5983/17:3090.2888;5964/36:3030.2929;5781/219:2989.2787;805/5195:805
PACK|100|991|4000|69|5659/-1659:5659;5618/-1618:5618;5558/-1558:5558;5517/-1517:5517;5457/-1457:5457;5416/-1416:5416;5356/-1356:5356;5315/-1315:5315;5255/-1255:5255;5214/-1214:5214;5113/-1113:5113;5072/-1072:5072;5012/-1012:5012;4971/-971:4971;4911/-911:4911;4870/-870:4870;4810/-810:4810;4769/-769:4769;4668/-668:4668;4627/-627:4627;4567/-567:4567;4526/-526:4526;4466/-466:4466;4425/-425:4425;4365/-365:4365;4324/-324:4324;4264/-264:4264;4223/-223:4223;4122/-122:4122;4081/-81:4081;4021/-21:4021;3980/20:3980;3920/80:3920;3879/121:3879;3819/181:3819;3778/222:3778;3982/18:3677.300;3636/364:3636;3982/18:3576.401;3900/100:3535.360;3982/18:3475.502;3900/100:3434.461;3982/18:3374.603;3900/100:3333.562;3982/18:3273.704;3900/100:3232.663;3982/18:3131.846;3900/100:3090.805;3982/18:3030.947;3900/100:2989.906;3982/18:2929.1048;3900/100:2888.1007;3982/18:2828.1149;3900/100:2787.1108;3982/18:2686.1291;3900/100:2645.1250;3982/18:2585.1392;3900/100:2544.1351;3982/18:2484.1493;3900/100:2443.1452;3982/18:2383.1594;3900/100:2342.1553;3982/18:2282.1695;3900/100:2241.1654;3982/18:2140.1837;3900/100:2099.1796;3982/18:2039.1938;3900/100:1998.1897;1209/2791:1209
PACK|100|7|5800|12|5794/6:993.986.979.972.965.874;5668/132:958.951.944.937.930.923;5798/2:916.909.902.895.888.881.377;5798/2:867.860.853.846.839.832.671;5658/142:825.818.811.804.797.790.783;5795/5:776.769.762.755.748.741.734.475;5655/145:727.720.713.706.699.692.685.678;5764/36:664.657.650.643.636.629.622.615.608;5740/60:601.594.587.580.573.566.559.552.545.538;5797/3:531.524.517.510.503.496.489.482.468.461.454.307;5658/142:447.440.433.426.419.412.405.398.391.384.370.363.356.349;1965/3835:342.335.328.321.314.300
PACK|100|7|6000|11|5878/122:993.986.979.972.965.958;5994/6:951.944.937.930.923.916.363;5994/6:909.902.895.888.881.874.615;5952/48:867.860.853.846.839.832.825;5998/2:818.811.804.797.790.783.776.384;5991/9:769.762.755.748.741.734.727.720;5995/5:713.706.699.692.685.678.671.664.447;5999/1:657.650.643.636.629.622.608.601.594.314;5996/4:587.580.573.566.559.552.545.538.531.524.391;5783/217:517.510.503.496.489.482.475.468.461.454.440.433;5515/485:426.419.412.405.398.377.370.356.349.342.335.328.321.307.300
PACK|100|7|4000|17|3945/55:993.986.979.972;3833/167:965.958.951.944;3721/279:937.930.923.916;3998/2:909.902.895.888.384;3998/2:881.874.867.860.496;3998/2:853.846.839.832.608;3998/2:825.818.811.804.720;3935/65:797.790.783.776.769;3760/240:762.755.748.741.734;3995/5:727.713.706.699.692.433;3995/5:685.678.671.664.657.615;3806/194:650.643.636.629.622.601;3999/1:594.587.580.573.566.559.510;3740/260:552.545.538.531.524.517.503;3751/249:489.482.475.468.461.454.447.440;3962/38:426.419.412.405.398.391.377.370.363.356;2631/1369:349.342.335.328.321.314.307.300
PACK|257|137|5800|129|5689/111:5689;5666/134:5666;5643/157:5643;5632/168:5632;5609/191:5609;5586/214:5586;5552/248:5552;5529/271:5529;5506/294:5506;5800/0:5495.300;5800/0:5472.323;5800/0:5449.346;5800/0:5415.380;5800/0:5392.403;5800/0:5369.426;5800/0:5358.437;5800/0:5335.460;5800/0:5312.483;5800/0:5278.517;5800/0:5255.540;5800/0:5232.563;5800/0:5221.574;5800/0:5198.597;5800/0:5175.620;5800/0:5141.654;5800/0:5118.677;5800/0:5095.700;5800/0:5084.711;5800/0:5061.734;5800/0:5038.757;5800/0:5004.791;5800/0:4981.814;5800/0:4958.837;5800/0:4947.848;5800/0:4924.871;5800/0:4901.894;5800/0:4867.928;5800/0:4844.951;5800/0:4821.974;5800/0:4810.985;5800/0:4787.1008;5800/0:4764.1031;5800/0:4730.1065;5800/0:4707.1088;5800/0:4684.1111;5800/0:4673.1122;5800/0:4650.1145;5800/0:4627.1168;5800/0:4593.1202;5800/0:4570.1225;5800/0:4547.1248;5800/0:4536.1259;5800/0:4513.1282;5800/0:4490.1305;5800/0:4456.1339;5800/0:4433.1362;5800/0:4410.1385;5800/0:4399.1396;5800/0:4376.1419;5800/0:4353.1442;5800/0:4319.1476;5800/0:4296.1499;5800/0:4273.1522;5800/0:4262.1533;5800/0:4239.1556;5800/0:4216.1579;5800/0:4182.1613;5800/0:4159.1636;5800/0:4136.1659;5800/0:4125.1670;5800/0:4102.1693;5800/0:4079.1716;5800/0:4045.1750;5800/0:4022.1773;5800/0:3999.1796;5800/0:3988.1807;5800/0:3965.1830;5800/0:3942.1853;5800/0:3908.1887;5800/0:3885.1910;5800/0:3862.1933;5800/0:3851.1944;5800/0:3828.1967;5800/0:3805.1990;5800/0:3771.2024;5800/0:3748.2047;5800/0:3725.2070;5800/0:3714.2081;5800/0:3691.2104;5800/0:3668.2127;5800/0:3634.2161;5800/0:3611.2184;5800/0:3588.2207;5800/0:3577.2218;5800/0:3554.2241;5800/0:3531.2264;5800/0:3497.2298;5800/0:3474.2321;5800/0:3451.2344;5800/0:3440.2355;5800/0:3417.2378;5800/0:3394.2401;5800/0:3360.2435;5800/0:3337.2458;5800/0:3314.2481;5800/0:3303.2492;5800/0:3280.2515;5800/0:3257.2538;5800/0:3223.2572;5800/0:3200.2595;5800/0:3177.2618;5800/0:3166.2629;5800/0:3143.2652;5800/0:3120.2675;5800/0:3086.2709;5800/0:3063.2732;5800/0:3040.2755;5800/0:3029.2766;5800/0:3006.2789;5800/0:2983.2812;5675/125:2972.2698;5800/0:2949.2846;5800/0:2926.2869;5800/0:2903.2892;5775/25:2835.2561.369;5775/25:2424.2287.1054;5775/25:2150.2013.1602;5738/62:1876.1739.1465.643;4742/1058:1328.1191.917.780.506
PACK|257|137|6000|125|5994/6:5689.300;5994/6:5666.323;5994/6:5643.346;5632/368:5632;5994/6:5609.380;5994/6:5586.403;5994/6:5552.437;5994/6:5529.460;5994/6:5506.483;5926/74:5495.426;5994/6:5472.517;5994/6:5449.540;5994/6:5415.574;5994/6:5392.597;5994/6:5369.620;5926/74:5358.563;5994/6:5335.654;5994/6:5312.677;5994/6:5278.711;5994/6:5255.734;5994/6:5232.757;5926/74:5221.700;5994/6:5198.791;5994/6:5175.814;5994/6:5141.848;5994/6:5118.871;5994/6:5095.894;5926/74:5084.837;5994/6:5061.928;5994/6:5038.951;5994/6:5004.985;5994/6:4981.1008;5994/6:4958.1031;5926/74:4947.974;5994/6:4924.1065;5994/6:4901.1088;5994/6:4867.1122;5994/6:4844.1145;5994/6:4821.1168;5926/74:4810.1111;5994/6:4787.1202;5994/6:4764.1225;5994/6:4730.1259;5994/6:4707.1282;5994/6:4684.1305;5926/74:4673.1248;5994/6:4650.1339;5994/6:4627.1362;5994/6:4593.1396;5994/6:4570.1419;5994/6:4547.1442;5926/74:4536.1385;5994/6:4513.1476;5994/6:4490.1499;5994/6:4456.1533;5994/6:4433.1556;5994/6:4410.1579;5926/74:4399.1522;5994/6:4376.1613;5994/6:4353.1636;5994/6:4319.1670;5994/6:4296.1693;5994/6:4273.1716;5926/74:4262.1659;5994/6:4239.1750;5994/6:4216.1773;5994/6:4182.1807;5994/6:4159.1830;5994/6:4136.1853;5926/74:4125.1796;5994/6:4102.1887;5994/6:4079.1910;5994/6:4045.1944;5994/6:4022.1967;5994/6:3999.1990;5926/74:3988.1933;5994/6:3965.2024;5994/6:3942.2047;5994/6:3908.2081;5994/6:3885.2104;5994/6:3862.2127;5926/74:3851.2070;5994/6:3828.2161;5994/6:3805.2184;5994/6:3771.2218;5994/6:3748.2241;5994/6:3725.2264;5926/74:3714.2207;5994/6:3691.2298;5994/6:3668.2321;5994/6:3634.2355;5994/6:3611.2378;5994/6:3588.2401;5926/74:3577.2344;5994/6:3554.2435;5994/6:3531.2458;5994/6:3497.2492;5994/6:3474.2515;5994/6:3451.2538;5926/74:3440.2481;5994/6:3417.2572;5994/6:3394.2595;5994/6:3360.2629;5994/6:3337.2652;5994/6:3314.2675;5926/74:3303.2618;5994/6:3280.2709;5994/6:3257.2732;5994/6:3223.2766;5994/6:3200.2789;5994/6:3177.2812;5926/74:3166.2755;5994/6:3143.2846;5994/6:3120.2869;5994/6:3086.2903;5994/6:3063.2926;5994/6:3040.2949;5926/74:3029.2892;5994/6:3006.2983;5812/188:2972.2835;5912/88:2698.2561.643;5912/88:2424.2287.1191;5912/88:2150.2013.1739;5875/125:1876.1602.1465.917;4057/1943:1328.1054.780.506.369
PACK|257|137|4000|172|5689/-1689:5689;5666/-1666:5666;5643/-1643:5643;5632/-1632:5632;5609/-1609:5609;5586/-1586:5586;5552/-1552:5552;5529/-1529:5529;5506/-1506:5506;5495/-1495:5495;5472/-1472:5472;5449/-1449:5449;5415/-1415:5415;5392/-1392:5392;5369/-1369:5369;5358/-1358:5358;5335/-1335:5335;5312/-1312:5312;5278/-1278:5278;5255/-1255:5255;5232/-1232:5232;5221/-1221:5221;5198/-1198:5198;5175/-1175:5175;5141/-1141:5141;5118/-1118:5118;5095/-1095:5095;5084/-1084:5084;5061/-1061:5061;5038/-1038:5038;5004/-1004:5004;4981/-981:4981;4958/-958:4958;4947/-947:4947;4924/-924:4924;4901/-901:4901;4867/-867:4867;4844/-844:4844;4821/-821:4821;4810/-810:4810;4787/-787:4787;4764/-764:4764;4730/-730:4730;4707/-707:4707;4684/-684:4684;4673/-673:4673;4650/-650:4650;4627/-627:4627;4593/-593:4593;4570/-570:4570;4547/-547:4547;4536/-536:4536;4513/-513:4513;4490/-490:4490;4456/-456:4456;4433/-433:4433;4410/-410:4410;4399/-399:4399;4376/-376:4376;4353/-353:4353;4319/-319:4319;4296/-296:4296;4273/-273:4273;4262/-262:4262;4239/-239:4239;4216/-216:4216;4182/-182:4182;4159/-159:4159;4136/-136:4136;4125/-125:4125;4102/-102:4102;4079/-79:4079;4045/-45:4045;4022/-22:4022;3999/1:3999;3988/12:3988;3965/35:3965;3942/58:3942;3908/92:3908;3885/115:3885;3862/138:3862;3851/149:3851;3828/172:3828;3805/195:3805;3771/229:3771;3748/252:3748;3725/275:3725;3714/286:3714;3996/4:3691.300;3996/4:3668.323;3985/15:3634.346;3996/4:3611.380;3996/4:3588.403;3951/49:3577.369;3996/4:3554.437;3996/4:3531.460;3985/15:3497.483;3996/4:3474.517;3996/4:3451.540;3951/49:3440.506;3996/4:3417.574;3996/4:3394.597;3985/15:3360.620;3996/4:3337.654;3996/4:3314.677;3951/49:3303.643;3996/4:3280.711;3996/4:3257.734;3985/15:3223.757;3996/4:3200.791;3996/4:3177.814;3951/49:3166.780;3996/4:3143.848;3996/4:3120.871;3985/15:3086.894;3996/4:3063.928;3996/4:3040.951;3951/49:3029.917;3996/4:3006.985;3996/4:2983.1008;3951/49:2972.974;3985/15:2949.1031;3996/4:2926.1065;3996/4:2903.1088;3951/49:2892.1054;3996/4:2869.1122;3996/4:2846.1145;3951/49:2835.1111;3985/15:2812.1168;3996/4:2789.1202;3996/4:2766.1225;3951/49:2755.1191;3996/4:2732.1259;3996/4:2709.1282;3951/49:2698.1248;3985/15:2675.1305;3996/4:2652.1339;3996/4:2629.1362;3951/49:2618.1328;3996/4:2595.1396;3996/4:2572.1419;3951/49:2561.1385;3985/15:2538.1442;3996/4:2515.1476;3996/4:2492.1499;3951/49:2481.1465;3996/4:2458.1533;3996/4:2435.1556;3951/49:2424.1522;3985/15:2401.1579;3996/4:2378.1613;3996/4:2355.1636;3951/49:2344.1602;3996/4:2321.1670;3996/4:2298.1693;3951/49:2287.1659;3985/15:2264.1716;3996/4:2241.1750;3996/4:2218.1773;3951/49:2207.1739;3996/4:2184.1807;3996/4:2161.1830;3951/49:2150.1796;3985/15:2127.1853;3996/4:2104.1887;3996/4:2081.1910;3951/49:2070.1876;3996/4:2047.1944;3996/4:2024.1967;3951/49:2013.1933;3968/32:1990.837.700.426;563/3437:563
PACK|257|991|5800|133|5678/122:5678;5659/141:5659;5637/163:5637;5618/182:5618;5596/204:5596;5577/223:5577;5558/242:5558;5536/264:5536;5517/283:5517;5800/0:5495.300;5800/0:5476.319;5800/0:5457.338;5800/0:5435.360;5800/0:5416.379;5800/0:5394.401;5800/0:5375.420;5800/0:5356.439;5800/0:5334.461;5800/0:5315.480;5800/0:5293.502;5800/0:5274.521;5800/0:5255.540;5800/0:5233.562;5800/0:5214.581;5800/0:5192.603;5800/0:5173.622;5800/0:5132.663;5800/0:5113.682;5800/0:5091.704;5800/0:5072.723;5696/104:5050.641;5800/0:5031.764;5800/0:5012.783;5800/0:4990.805;5800/0:4971.824;5800/0:4949.846;5800/0:4930.865;5800/0:4911.884;5800/0:4889.906;5800/0:4870.925;5800/0:4848.947;5800/0:4829.966;5800/0:4810.985;5800/0:4788.1007;5800/0:4769.1026;5800/0:4747.1048;5800/0:4728.1067;5800/0:4687.1108;5800/0:4668.1127;5800/0:4646.1149;5800/0:4627.1168;5696/104:4605.1086;5800/0:4586.1209;5800/0:4567.1228;5800/0:4545.1250;5800/0:4526.1269;5800/0:4504.1291;5800/0:4485.1310;5800/0:4466.1329;5800/0:4444.1351;5800/0:4425.1370;5800/0:4403.1392;5800/0:4384.1411;5800/0:4365.1430;5800/0:4343.1452;5800/0:4324.1471;5800/0:4302.1493;5800/0:4283.1512;5800/0:4264.1531;5800/0:4242.1553;5800/0:4223.1572;5800/0:4201.1594;5800/0:4182.1613;5800/0:4141.1654;5800/0:4122.1673;5800/0:4100.1695;5800/0:4081.1714;5696/104:4059.1632;5800/0:4040.1755;5800/0:4021.1774;5800/0:3999.1796;5800/0:3980.1815;5800/0:3958.1837;5800/0:3939.1856;5800/0:3920.1875;5800/0:3898.1897;5800/0:3879.1916;5800/0:3857.1938;5800/0:3838.1957;5800/0:3819.1976;5800/0:3797.1998;5800/0:3778.2017;5800/0:3756.2039;5800/0:3737.2058;5800/0:3696.2099;5800/0:3677.2118;5800/0:3655.2140;5800/0:3636.2159;5696/104:3614.2077;5800/0:3595.2200;5800/0:3576.2219;5800/0:3554.2241;5800/0:3535.2260;5800/0:3513.2282;5800/0:3494.2301;5800/0:3475.2320;5800/0:3453.2342;5800/0:3434.2361;5800/0:3412.2383;5800/0:3393.2402;5800/0:3374.2421;5800/0:3352.2443;5800/0:3333.2462;5800/0:3311.2484;5800/0:3292.2503;5800/0:3273.2522;5800/0:3251.2544;5800/0:3232.2563;5800/0:3210.2585;5800/0:3191.2604;5800/0:3150.2645;5800/0:3131.2664;5800/0:3109.2686;5800/0:3090.2705;5696/104:3068.2623;5800/0:3049.2746;5800/0:3030.2765;5800/0:3008.2787;5800/0:2989.2806;5800/0:2967.2828;5800/0:2948.2847;5800/0:2929.2866;5800/0:2907.2888
PACK|257|991|6000|129|5983/17:5678.300;5983/17:5659.319;5980/20:5637.338;5983/17:5618.360;5980/20:5596.379;5983/17:5577.401;5983/17:5558.420;5980/20:5536.439;5983/17:5517.461;5980/20:5495.480;5983/17:5476.502;5983/17:5457.521;5980/20:5435.540;5983/17:5416.562;5980/20:5394.581;5983/17:5375.603;5983/17:5356.622;5980/20:5334.641;5983/17:5315.663;5980/20:5293.682;5983/17:5274.704;5983/17:5255.723;5233/767:5233;5983/17:5214.764;5980/20:5192.783;5983/17:5173.805;5983/17:5132.846;5983/17:5113.865;5980/20:5091.884;5983/17:5072.906;5980/20:5050.925;5983/17:5031.947;5983/17:5012.966;5980/20:4990.985;5983/17:4971.1007;5980/20:4949.1026;5983/17:4930.1048;5983/17:4911.1067;5980/20:4889.1086;5983/17:4870.1108;5980/20:4848.1127;5983/17:4829.1149;5983/17:4810.1168;5617/383:4788.824;5983/17:4769.1209;5980/20:4747.1228;5983/17:4728.1250;5983/17:4687.1291;5983/17:4668.1310;5980/20:4646.1329;5983/17:4627.1351;5980/20:4605.1370;5983/17:4586.1392;5983/17:4567.1411;5980/20:4545.1430;5983/17:4526.1452;5980/20:4504.1471;5983/17:4485.1493;5983/17:4466.1512;5980/20:4444.1531;5983/17:4425.1553;5980/20:4403.1572;5983/17:4384.1594;5983/17:4365.1613;5980/20:4343.1632;5983/17:4324.1654;5980/20:4302.1673;5983/17:4283.1695;5983/17:4264.1714;5516/484:4242.1269;5983/17:4223.1755;5980/20:4201.1774;5983/17:4182.1796;5983/17:4141.1837;5983/17:4122.1856;5980/20:4100.1875;5983/17:4081.1897;5980/20:4059.1916;5983/17:4040.1938;5983/17:4021.1957;5980/20:3999.1976;5983/17:3980.1998;5980/20:3958.2017;5983/17:3939.2039;5983/17:3920.2058;5980/20:3898.2077;5983/17:3879.2099;5980/20:3857.2118;5983/17:3838.2140;5983/17:3819.2159;5617/383:3797.1815;5983/17:3778.2200;5980/20:3756.2219;5983/17:3737.2241;5983/17:3696.2282;5983/17:3677.2301;5980/20:3655.2320;5983/17:3636.2342;5980/20:3614.2361;5983/17:3595.2383;5983/17:3576.2402;5980/20:3554.2421;5983/17:3535.2443;5980/20:3513.2462;5983/17:3494.2484;5983/17:3475.2503;5980/20:3453.2522;5983/17:3434.2544;5980/20:3412.2563;5983/17:3393.2585;5983/17:3374.2604;5980/20:3352.2623;5983/17:3333.2645;5980/20:3311.2664;5983/17:3292.2686;5983/17:3273.2705;5516/484:3251.2260;5983/17:3232.2746;5980/20:3210.2765;5983/17:3191.2787;5983/17:3150.2828;5983/17:3131.2847;5980/20:3109.2866;5983/17:3090.2888;5980/20:3068.2907;5983/17:3049.2929;5983/17:3030.2948;5980/20:3008.2967;5800/200:2989.2806
PACK|257|991|4000|177|5678/-1678:5678;5659/-1659:5659;5637/-1637:5637;5618/-1618:5618;5596/-1596:5596;5577/-1577:5577;5558/-1558:5558;5536/-1536:5536;5517/-1517:5517;5495/-1495:5495;5476/-1476:5476;5457/-1457:5457;5435/-1435:5435;5416/-1416:5416;5394/-1394:5394;5375/-1375:5375;5356/-1356:5356;5334/-1334:5334;5315/-1315:5315;5293/-1293:5293;5274/-1274:5274;5255/-1255:5255;5233/-1233:5233;5214/-1214:5214;5192/-1192:5192;5173/-1173:5173;5132/-1132:5132;5113/-1113:5113;5091/-1091:5091;5072/-1072:5072;5050/-1050:5050;5031/-1031:5031;5012/-1012:5012;4990/-990:4990;4971/-971:4971;4949/-949:4949;4930/-930:4930;4911/-911:4911;4889/-889:4889;4870/-870:4870;4848/-848:4848;4829/-829:4829;4810/-810:4810;4788/-788:4788;4769/-769:4769;4747/-747:4747;4728/-728:4728;4687/-687:4687;4668/-668:4668;4646/-646:4646;4627/-627:4627;4605/-605:4605;4586/-586:4586;4567/-567:4567;4545/-545:4545;4526/-526:4526;4504/-504:4504;4485/-485:4485;4466/-466:4466;4444/-444:4444;4425/-425:4425;4403/-403:4403;4384/-384:4384;4365/-365:4365;4343/-343:4343;4324/-324:4324;4302/-302:4302;4283/-283:4283;4264/-264:4264;4242/-242:4242;4223/-223:4223;4201/-201:4201;4182/-182:4182;4141/-141:4141;4122/-122:4122;4100/-100:4100;4081/-81:4081;4059/-59:4059;4040/-40:4040;4021/-21:4021;3999/1:3999;3980/20:3980;3958/42:3958;3939/61:3939;3920/80:3920;3898/102:3898;3879/121:3879;3857/143:3857;3838/162:3838;3819/181:3819;3797/203:3797;3778/222:3778;3756/244:3756;3737/263:3737;3696/304:3696;3982/18:3677.300;3998/2:3655.338;3960/40:3636.319;3998/2:3614.379;3960/40:3595.360;3982/18:3576.401;3998/2:3554.439;3960/40:3535.420;3998/2:3513.480;3960/40:3494.461;3982/18:3475.502;3998/2:3453.540;3960/40:3434.521;3998/2:3412.581;3960/40:3393.562;3982/18:3374.603;3998/2:3352.641;3960/40:3333.622;3998/2:3311.682;3960/40:3292.663;3982/18:3273.704;3979/21:3251.723;3232/768:3232;3998/2:3210.783;3960/40:3191.764;3979/21:3150.824;3982/18:3131.846;3998/2:3109.884;3960/40:3090.865;3998/2:3068.925;3960/40:3049.906;3982/18:3030.947;3998/2:3008.985;3960/40:2989.966;3998/2:2967.1026;3960/40:2948.1007;3982/18:2929.1048;3998/2:2907.1086;3960/40:2888.1067;3998/2:2866.1127;3960/40:2847.1108;3982/18:2828.1149;3979/21:2806.1168;3597/403:2787.805;3998/2:2765.1228;3960/40:2746.1209;3979/21:2705.1269;3982/18:2686.1291;3998/2:2664.1329;3960/40:2645.1310;3998/2:2623.1370;3960/40:2604.1351;3982/18:2585.1392;3998/2:2563.1430;3960/40:2544.1411;3998/2:2522.1471;3960/40:2503.1452;3982/18:2484.1493;3998/2:2462.1531;3960/40:2443.1512;3998/2:2421.1572;3960/40:2402.1553;3982/18:2383.1594;3998/2:2361.1632;3960/40:2342.1613;3998/2:2320.1673;3960/40:2301.1654;3982/18:2282.1695;3979/21:2260.1714;3496/504:2241.1250;3998/2:2219.1774;3960/40:2200.1755;3979/21:2159.1815;3982/18:2140.1837;3998/2:2118.1875;3960/40:2099.1856;3998/2:2077.1916;3960/40:2058.1897;3982/18:2039.1938;3998/2:2017.1976;3960/40:1998.1957;1796/2204:1796
PACK|257|7|5800|54|5796/4:2092.2085.1609;5796/4:2078.2071.1637;5796/4:2064.2057.1665;5796/4:2050.2043.1693;5796/4:2036.2029.1721;5796/4:2022.2015.1749;5796/4:2008.2001.1777;5796/4:1994.1987.1805;5796/4:1980.1973.1833;5796/4:1966.1959.1861;5796/4:1952.1945.1889;5796/4:1938.1931.1917;5747/53:1924.1910.1903;5663/137:1896.1882.1875;5579/221:1868.1854.1847;5800/0:1840.1826.1819.300;5800/0:1812.1798.1791.384;5800/0:1784.1770.1763.468;5800/0:1756.1742.1735.552;5800/0:1728.1714.1707.636;5800/0:1700.1686.1679.720;5800/0:1672.1658.1651.804;5800/0:1644.1630.1623.888;5800/0:1616.1602.1595.972;5800/0:1588.1581.1574.1042;5800/0:1567.1560.1553.1105;5800/0:1546.1539.1532.1168;5800/0:1525.1518.1511.1231;5800/0:1504.1497.1490.1294;5800/0:1483.1476.1469.1357;5800/0:1462.1455.1448.1420;5730/70:1441.1434.1427.1413;5597/203:1406.1399.1392.1385;5797/3:1378.1371.1364.1350.314;5797/3:1343.1336.1329.1322.447;5797/3:1315.1308.1301.1287.566;5797/3:1280.1273.1266.1259.699;5797/3:1252.1245.1238.1224.818;5797/3:1217.1210.1203.1196.951;5797/3:1189.1182.1175.1161.1070;5720/80:1154.1147.1140.1133.1126;5524/276:1119.1112.1098.1091.1084;5794/6:1077.1063.1056.1049.1035.489;5787/13:1028.1021.1014.1007.1000.692;5787/13:993.986.979.965.958.881;5584/216:944.937.930.923.916.909;5798/2:902.895.874.867.860.853.517;5770/30:846.839.832.825.811.797.790;5795/5:783.776.769.762.755.748.741.426;5613/187:734.727.713.706.685.678.671.664;5659/141:657.650.643.629.622.615.608.601.594;5495/305:587.580.573.559.545.538.531.524.510.503;5703/97:496.482.475.461.454.440.433.419.412.405.398.391.377;3111/2689:370.363.356.349.342.335.328.321.307
PACK|257|7|6000|52|5999/1:2092.2085.1812;5999/1:2078.2071.1840;5999/1:2064.2057.1868;5999/1:2050.2043.1896;5999/1:2036.2029.1924;5999/1:2022.2015.1952;5999/1:2008.2001.1980;5964/36:1994.1987.1973;5880/120:1966.1959.1945;5796/204:1938.1931.1917;5712/288:1910.1903.1889;5996/4:1882.1875.1861.363;5996/4:1854.1847.1833.447;5996/4:1826.1819.1805.531;5996/4:1798.1791.1784.608;5996/4:1777.1770.1763.671;5996/4:1756.1749.1742.734;5996/4:1735.1728.1721.797;5996/4:1714.1707.1700.860;5996/4:1693.1686.1679.923;5996/4:1672.1665.1658.986;5996/4:1651.1644.1637.1049;5996/4:1630.1623.1616.1112;5996/4:1609.1602.1595.1175;5996/4:1588.1581.1574.1238;5996/4:1567.1560.1553.1301;5996/4:1546.1539.1532.1364;5996/4:1525.1518.1511.1427;5989/11:1504.1497.1490.1483;5877/123:1476.1469.1462.1455;5758/242:1448.1441.1434.1420;6000/0:1413.1406.1399.1392.370;6000/0:1385.1378.1371.1357.489;6000/0:1350.1343.1336.1329.622;6000/0:1322.1315.1308.1294.741;6000/0:1287.1280.1273.1266.874;6000/0:1259.1252.1245.1231.993;6000/0:1224.1217.1210.1203.1126;5916/84:1196.1189.1182.1168.1161;5713/287:1154.1147.1140.1133.1119;5997/3:1105.1098.1091.1084.1077.517;5997/3:1070.1063.1056.1042.1035.706;5997/3:1028.1021.1014.1007.1000.902;5794/206:979.972.965.958.951.944;5987/13:937.930.916.909.895.888.482;5973/27:881.867.853.846.839.832.825;5998/2:818.811.804.790.783.776.769.412;5851/149:762.755.748.727.720.713.699.692;5897/103:685.678.664.657.650.643.636.629.615;5740/260:601.594.587.580.573.566.559.552.545.538;5997/3:524.510.503.496.475.468.461.454.440.433.426.419.328;4639/1361:405.398.391.384.377.356.349.342.335.321.314.307.300
PACK|257|7|4000|78|4000/0:2092.1903;4000/0:2085.1910;4000/0:2078.1917;4000/0:2071.1924;4000/0:2064.1931;4000/0:2057.1938;4000/0:2050.1945;4000/0:2043.1952;4000/0:2036.1959;4000/0:2029.1966;4000/0:2022.1973;4000/0:2015.1980;4000/0:2008.1987;4000/0:2001.1994;3790/210:1896.1889;3762/238:1882.1875;3734/266:1868.1861;3706/294:1854.1847;3997/3:1840.1833.314;3997/3:1826.1819.342;3997/3:1812.1805.370;3997/3:1798.1791.398;3997/3:1784.1777.426;3997/3:1770.1763.454;3997/3:1756.1749.482;3997/3:1742.1735.510;3997/3:1728.1721.538;3997/3:1714.1707.566;3997/3:1700.1693.594;3997/3:1686.1679.622;3997/3:1672.1665.650;3997/3:1658.1651.678;3997/3:1644.1637.706;3997/3:1630.1623.734;3997/3:1616.1609.762;3997/3:1602.1595.790;3997/3:1588.1581.818;3997/3:1574.1567.846;3997/3:1560.1553.874;3997/3:1546.1539.902;3997/3:1532.1525.930;3997/3:1518.1511.958;3997/3:1504.1497.986;3997/3:1490.1483.1014;3997/3:1476.1469.1042;3997/3:1462.1455.1070;3997/3:1448.1441.1098;3997/3:1434.1427.1126;3997/3:1420.1413.1154;3997/3:1406.1399.1182;3997/3:1392.1385.1210;3997/3:1378.1371.1238;3997/3:1364.1357.1266;3997/3:1350.1343.1294;3997/3:1336.1329.1322;3934/66:1315.1308.1301;3850/150:1287.1280.1273;3766/234:1259.1252.1245;3994/6:1231.1224.1217.307;3994/6:1203.1196.1189.391;3994/6:1175.1168.1161.475;3994/6:1147.1140.1133.559;3994/6:1119.1112.1105.643;3994/6:1091.1084.1077.727;3994/6:1063.1056.1049.811;3994/6:1035.1028.1021.895;3994/6:1007.1000.993.979;3847/153:972.965.951.944;3700/300:937.923.916.909;3984/16:888.881.867.860.468;3998/2:853.839.832.825.629;3949/51:804.797.783.776.769;3697/303:755.748.741.720.713;3988/12:699.692.685.671.664.552;3729/271:657.636.615.608.601.587;3803/197:580.573.545.531.524.517.503;4000/0:496.489.461.447.440.433.419.412.363;3195/805:405.384.377.356.349.335.328.321.300
PACK|1000|137|5800|515|5690/110:5690;5689/111:5689;5679/121:5679;5678/122:5678;5667/133:5667;5666/134:5666;5656/144:5656;5655/145:5655;5645/155:5645;5644/156:5644;5643/157:5643;5633/167:5633;5632/168:5632;5622/178:5622;5621/179:5621;5610/190:5610;5609/191:5609;5599/201:5599;5598/202:5598;5587/213:5587;5586/214:5586;5576/224:5576;5575/225:5575;5565/235:5565;5564/236:5564;5553/247:5553;5552/248:5552;5542/258:5542;5541/259:5541;5530/270:5530;5529/271:5529;5519/281:5519;5518/282:5518;5508/292:5508;5507/293:5507;5506/294:5506;5496/304:5496;5800/0:5495.300;5792/8:5485.302;5790/10:5484.301;5791/9:5473.313;5800/0:5472.323;5791/9:5462.324;5778/22:5461.312;5791/9:5450.336;5800/0:5449.346;5791/9:5439.347;5778/22:5438.335;5792/8:5428.359;5790/10:5427.358;5791/9:5416.370;5800/0:5415.380;5792/8:5405.382;5790/10:5404.381;5791/9:5393.393;5800/0:5392.403;5791/9:5382.404;5778/22:5381.392;5792/8:5371.416;5790/10:5370.415;5800/0:5369.426;5791/9:5359.427;5800/0:5358.437;5792/8:5348.439;5790/10:5347.438;5791/9:5336.450;5800/0:5335.460;5791/9:5325.461;5778/22:5324.449;5791/9:5313.473;5800/0:5312.483;5791/9:5302.484;5778/22:5301.472;5792/8:5291.496;5790/10:5290.495;5791/9:5279.507;5800/0:5278.517;5792/8:5268.519;5790/10:5267.518;5791/9:5256.530;5800/0:5255.540;5791/9:5245.541;5778/22:5244.529;5792/8:5234.553;5790/10:5233.552;5800/0:5232.563;5791/9:5222.564;5800/0:5221.574;5792/8:5211.576;5790/10:5210.575;5791/9:5199.587;5800/0:5198.597;5791/9:5188.598;5778/22:5187.586;5791/9:5176.610;5800/0:5175.620;5791/9:5165.621;5778/22:5164.609;5792/8:5154.633;5790/10:5153.632;5791/9:5142.644;5800/0:5141.654;5792/8:5131.656;5790/10:5130.655;5791/9:5119.667;5800/0:5118.677;5791/9:5108.678;5778/22:5107.666;5792/8:5097.690;5790/10:5096.689;5800/0:5095.700;5791/9:5085.701;5800/0:5084.711;5792/8:5074.713;5790/10:5073.712;5791/9:5062.724;5800/0:5061.734;5791/9:5051.735;5778/22:5050.723;5791/9:5039.747;5800/0:5038.757;5791/9:5028.758;5778/22:5027.746;5792/8:5017.770;5790/10:5016.769;5791/9:5005.781;5800/0:5004.791;5792/8:4994.793;5790/10:4993.792;5791/9:4982.804;5800/0:4981.814;5791/9:4971.815;5778/22:4970.803;5792/8:4960.827;5790/10:4959.826;5800/0:4958.837;5791/9:4948.838;5800/0:4947.848;5792/8:4937.850;5790/10:4936.849;5791/9:4925.861;5800/0:4924.871;5791/9:4914.872;5778/22:4913.860;5791/9:4902.884;5800/0:4901.894;5791/9:4891.895;5778/22:4890.883;5792/8:4880.907;5790/10:4879.906;5791/9:4868.918;5800/0:4867.928;5792/8:4857.930;5790/10:4856.929;5791/9:4845.941;5800/0:4844.951;5791/9:4834.952;5778/22:4833.940;5792/8:4823.964;5790/10:4822.963;5800/0:4821.974;5791/9:4811.975;5800/0:4810.985;5792/8:4800.987;5790/10:4799.986;5791/9:4788.998;5800/0:4787.1008;5791/9:4777.1009;5778/22:4776.997;5791/9:4765.1021;5800/0:4764.1031;5791/9:4754.1032;5778/22:4753.1020;5792/8:4743.1044;5790/10:4742.1043;5791/9:4731.1055;5800/0:4730.1065;5792/8:4720.1067;5790/10:4719.1066;5791/9:4708.1078;5800/0:4707.1088;5791/9:4697.1089;5778/22:4696.1077;5792/8:4686.1101;5790/10:4685.1100;5800/0:4684.1111;5791/9:4674.1112;5800/0:4673.1122;5792/8:4663.1124;5790/10:4662.1123;5791/9:4651.1135;5800/0:4650.1145;5791/9:4640.1146;5778/22:4639.1134;5791/9:4628.1158;5800/0:4627.1168;5791/9:4617.1169;5778/22:4616.1157;5792/8:4606.1181;5790/10:4605.1180;5791/9:4594.1192;5800/0:4593.1202;5792/8:4583.1204;5790/10:4582.1203;5791/9:4571.1215;5800/0:4570.1225;5791/9:4560.1226;5778/22:4559.1214;5792/8:4549.1238;5790/10:4548.1237;5800/0:4547.1248;5791/9:4537.1249;5800/0:4536.1259;5792/8:4526.1261;5790/10:4525.1260;5791/9:4514.1272;5800/0:4513.1282;5791/9:4503.1283;5778/22:4502.1271;5791/9:4491.1295;5800/0:4490.1305;5791/9:4480.1306;5778/22:4479.1294;5792/8:4469.1318;5790/10:4468.1317;5791/9:4457.1329;5800/0:4456.1339;5792/8:4446.1341;5790/10:4445.1340;5791/9:4434.1352;5800/0:4433.1362;5791/9:4423.1363;5778/22:4422.1351;5792/8:4412.1375;5790/10:4411.1374;5800/0:4410.1385;5791/9:4400.1386;5800/0:4399.1396;5792/8:4389.1398;5790/10:4388.1397;5791/9:4377.1409;5800/0:4376.1419;5791/9:4366.1420;5778/22:4365.1408;5791/9:4354.1432;5800/0:4353.1442;5791/9:4343.1443;5778/22:4342.1431;5792/8:4332.1455;5790/10:4331.1454;5791/9:4320.1466;5800/0:4319.1476;5792/8:4309.1478;5790/10:4308.1477;5791/9:4297.1489;5800/0:4296.1499;5791/9:4286.1500;5778/22:4285.1488;5792/8:4275.1512;5790/10:4274.1511;5800/0:4273.1522;5791/9:4263.1523;5800/0:4262.1533;5792/8:4252.1535;5790/10:4251.1534;5791/9:4240.1546;5800/0:4239.1556;5791/9:4229.1557;5778/22:4228.1545;5791/9:4217.1569;5800/0:4216.1579;5791/9:4206.1580;5778/22:4205.1568;5792/8:4195.1592;5790/10:4194.1591;5791/9:4183.1603;5800/0:4182.1613;5792/8:4172.1615;5790/10:4171.1614;5791/9:4160.1626;5800/0:4159.1636;5791/9:4149.1637;5778/22:4148.1625;5792/8:4138.1649;5790/10:4137.1648;5800/0:4136.1659;5791/9:4126.1660;5800/0:4125.1670;5792/8:4115.1672;5790/10:4114.1671;5791/9:4103.1683;5800/0:4102.1693;5791/9:4092.1694;5778/22:4091.1682;5791/9:4080.1706;5800/0:4079.1716;5791/9:4069.1717;5778/22:4068.1705;5792/8:4058.1729;5790/10:4057.1728;5791/9:4046.1740;5800/0:4045.1750;5792/8:4035.1752;5790/10:4034.1751;5791/9:4023.1763;5800/0:4022.1773;5791/9:4012.1774;5778/22:4011.1762;5792/8:4001.1786;5790/10:4000.1785;5800/0:3999.1796;5791/9:3989.1797;5800/0:3988.1807;5792/8:3978.1809;5790/10:3977.1808;5791/9:3966.1820;5800/0:3965.1830;5791/9:3955.1831;5778/22:3954.1819;5791/9:3943.1843;5800/0:3942.1853;5791/9:3932.1854;5778/22:3931.1842;5792/8:3921.1866;5790/10:3920.1865;5791/9:3909.1877;5800/0:3908.1887;5792/8:3898.1889;5790/10:3897.1888;5791/9:3886.1900;5800/0:3885.1910;5791/9:3875.1911;5778/22:3874.1899;5792/8:3864.1923;5790/10:3863.1922;5800/0:3862.1933;5791/9:3852.1934;5800/0:3851.1944;5792/8:3841.1946;5790/10:3840.1945;5791/9:3829.1957;5800/0:3828.1967;5791/9:3818.1968;5778/22:3817.1956;5791/9:3806.1980;5800/0:3805.1990;5791/9:3795.1991;5778/22:3794.1979;5792/8:3784.2003;5790/10:3783.2002;5791/9:3772.2014;5800/0:3771.2024;5792/8:3761.2026;5790/10:3760.2025;5791/9:3749.2037;5800/0:3748.2047;5791/9:3738.2048;5778/22:3737.2036;5792/8:3727.2060;5790/10:3726.2059;5800/0:3725.2070;5791/9:3715.2071;5800/0:3714.2081;5792/8:3704.2083;5790/10:3703.2082;5791/9:3692.2094;5800/0:3691.2104;5791/9:3681.2105;5778/22:3680.2093;5791/9:3669.2117;5800/0:3668.2127;5791/9:3658.2128;5778/22:3657.2116;5792/8:3647.2140;5790/10:3646.2139;5791/9:3635.2151;5800/0:3634.2161;5792/8:3624.2163;5790/10:3623.2162;5791/9:3612.2174;5800/0:3611.2184;5791/9:3601.2185;5778/22:3600.2173;5792/8:3590.2197;5790/10:3589.2196;5800/0:3588.2207;5791/9:3578.2208;5800/0:3577.2218;5792/8:3567.2220;5790/10:3566.2219;5791/9:3555.2231;5800/0:3554.2241;5791/9:3544.2242;5778/22:3543.2230;5791/9:3532.2254;5800/0:3531.2264;5791/9:3521.2265;5778/22:3520.2253;5792/8:3510.2277;5790/10:3509.2276;5791/9:3498.2288;5800/0:3497.2298;5791/9:3487.2299;5778/22:3486.2287;5791/9:3475.2311;5800/0:3474.2321;5791/9:3464.2322;5778/22:3463.2310;5792/8:3453.2334;5790/10:3452.2333;5800/0:3451.2344;5791/9:3441.2345;5800/0:3440.2355;5792/8:3430.2357;5790/10:3429.2356;5791/9:3418.2368;5800/0:3417.2378;5791/9:3407.2379;5778/22:3406.2367;5791/9:3395.2391;5800/0:3394.2401;5791/9:3384.2402;5778/22:3383.2390;5792/8:3373.2414;5790/10:3372.2413;5791/9:3361.2425;5800/0:3360.2435;5791/9:3350.2436;5778/22:3349.2424;5791/9:3338.2448;5800/0:3337.2458;5791/9:3327.2459;5778/22:3326.2447;5792/8:3316.2471;5790/10:3315.2470;5800/0:3314.2481;5791/9:3304.2482;5800/0:3303.2492;5792/8:3293.2494;5790/10:3292.2493;5791/9:3281.2505;5800/0:3280.2515;5791/9:3270.2516;5778/22:3269.2504;5791/9:3258.2528;5800/0:3257.2538;5791/9:3247.2539;5778/22:3246.2527;5792/8:3236.2551;5790/10:3235.2550;5791/9:3224.2562;5800/0:3223.2572;5791/9:3213.2573;5778/22:3212.2561;5791/9:3201.2585;5800/0:3200.2595;5791/9:3190.2596;5778/22:3189.2584;5792/8:3179.2608;5790/10:3178.2607;5800/0:3177.2618;5791/9:3167.2619;5800/0:3166.2629;5792/8:3156.2631;5790/10:3155.2630;5791/9:3144.2642;5800/0:3143.2652;5791/9:3133.2653;5778/22:3132.2641;5791/9:3121.2665;5800/0:3120.2675;5791/9:3110.2676;5778/22:3109.2664;5792/8:3099.2688;5790/10:3098.2687;5791/9:3087.2699;5800/0:3086.2709;5791/9:3076.2710;5778/22:3075.2698;5791/9:3064.2722;5800/0:3063.2732;5791/9:3053.2733;5778/22:3052.2721;5792/8:3042.2745;5790/10:3041.2744;5800/0:3040.2755;5791/9:3030.2756;5800/0:3029.2766;5792/8:3019.2768;5790/10:3018.2767;5791/9:3007.2779;5800/0:3006.2789;5791/9:2996.2790;5778/22:2995.2778;5791/9:2984.2802;5800/0:2983.2812;5791/9:2973.2813;5778/22:2972.2801;5792/8:2962.2825;5790/10:2961.2824;5791/9:2950.2836;5800/0:2949.2846;5791/9:2939.2847;5778/22:2938.2835;5791/9:2927.2859;5800/0:2926.2869;5791/9:2916.2870;5778/22:2915.2858;5792/8:2905.2882;5790/10:2904.2881;5800/0:2903.2892;5696/104:2893.2150.643;5638/162:2013.1876.1739;5601/199:1602.1465.1328.1191;3646/2154:1054.917.780.506.369
PACK|1000|137|6000|496|5997/3:5690.302;5995/5:5689.301;5997/3:5679.313;5995/5:5678.312;5996/4:5667.324;5994/6:5666.323;5997/3:5656.336;5995/5:5655.335;5997/3:5645.347;5995/5:5644.346;5948/52:5643.300;5997/3:5633.359;5995/5:5632.358;5997/3:5622.370;5995/5:5621.369;5997/3:5610.382;5995/5:5609.381;5997/3:5599.393;5995/5:5598.392;5996/4:5587.404;5994/6:5586.403;5997/3:5576.416;5995/5:5575.415;5997/3:5565.427;5995/5:5564.426;5997/3:5553.439;5995/5:5552.438;5997/3:5542.450;5995/5:5541.449;5996/4:5530.461;5994/6:5529.460;5997/3:5519.473;5995/5:5518.472;5997/3:5508.484;5995/5:5507.483;5948/52:5506.437;5997/3:5496.496;5995/5:5495.495;5997/3:5485.507;5995/5:5484.506;5997/3:5473.519;5995/5:5472.518;5997/3:5462.530;5995/5:5461.529;5996/4:5450.541;5994/6:5449.540;5997/3:5439.553;5995/5:5438.552;5997/3:5428.564;5995/5:5427.563;5997/3:5416.576;5995/5:5415.575;5997/3:5405.587;5995/5:5404.586;5996/4:5393.598;5994/6:5392.597;5997/3:5382.610;5995/5:5381.609;5997/3:5371.621;5995/5:5370.620;5948/52:5369.574;5997/3:5359.633;5995/5:5358.632;5997/3:5348.644;5995/5:5347.643;5997/3:5336.656;5995/5:5335.655;5997/3:5325.667;5995/5:5324.666;5996/4:5313.678;5994/6:5312.677;5997/3:5302.690;5995/5:5301.689;5997/3:5291.701;5995/5:5290.700;5997/3:5279.713;5995/5:5278.712;5997/3:5268.724;5995/5:5267.723;5996/4:5256.735;5994/6:5255.734;5997/3:5245.747;5995/5:5244.746;5997/3:5234.758;5995/5:5233.757;5948/52:5232.711;5997/3:5222.770;5995/5:5221.769;5997/3:5211.781;5995/5:5210.780;5997/3:5199.793;5995/5:5198.792;5997/3:5188.804;5995/5:5187.803;5996/4:5176.815;5994/6:5175.814;5997/3:5165.827;5995/5:5164.826;5997/3:5154.838;5995/5:5153.837;5997/3:5142.850;5995/5:5141.849;5997/3:5131.861;5995/5:5130.860;5996/4:5119.872;5994/6:5118.871;5997/3:5108.884;5995/5:5107.883;5997/3:5097.895;5995/5:5096.894;5948/52:5095.848;5997/3:5085.907;5995/5:5084.906;5997/3:5074.918;5995/5:5073.917;5997/3:5062.930;5995/5:5061.929;5997/3:5051.941;5995/5:5050.940;5996/4:5039.952;5994/6:5038.951;5997/3:5028.964;5995/5:5027.963;5997/3:5017.975;5995/5:5016.974;5997/3:5005.987;5995/5:5004.986;5997/3:4994.998;5995/5:4993.997;5996/4:4982.1009;5994/6:4981.1008;5997/3:4971.1021;5995/5:4970.1020;5997/3:4960.1032;5995/5:4959.1031;5948/52:4958.985;5997/3:4948.1044;5995/5:4947.1043;5997/3:4937.1055;5995/5:4936.1054;5997/3:4925.1067;5995/5:4924.1066;5997/3:4914.1078;5995/5:4913.1077;5996/4:4902.1089;5994/6:4901.1088;5997/3:4891.1101;5995/5:4890.1100;5997/3:4880.1112;5995/5:4879.1111;5997/3:4868.1124;5995/5:4867.1123;5997/3:4857.1135;5995/5:4856.1134;5996/4:4845.1146;5994/6:4844.1145;5997/3:4834.1158;5995/5:4833.1157;5997/3:4823.1169;5995/5:4822.1168;5948/52:4821.1122;5997/3:4811.1181;5995/5:4810.1180;5997/3:4800.1192;5995/5:4799.1191;5997/3:4788.1204;5995/5:4787.1203;5997/3:4777.1215;5995/5:4776.1214;5996/4:4765.1226;5994/6:4764.1225;5997/3:4754.1238;5995/5:4753.1237;5997/3:4743.1249;5995/5:4742.1248;5997/3:4731.1261;5995/5:4730.1260;5997/3:4720.1272;5995/5:4719.1271;5996/4:4708.1283;5994/6:4707.1282;5997/3:4697.1295;5995/5:4696.1294;5997/3:4686.1306;5995/5:4685.1305;5948/52:4684.1259;5997/3:4674.1318;5995/5:4673.1317;5997/3:4663.1329;5995/5:4662.1328;5997/3:4651.1341;5995/5:4650.1340;5997/3:4640.1352;5995/5:4639.1351;5996/4:4628.1363;5994/6:4627.1362;5997/3:4617.1375;5995/5:4616.1374;5997/3:4606.1386;5995/5:4605.1385;5997/3:4594.1398;5995/5:4593.1397;5997/3:4583.1409;5995/5:4582.1408;5996/4:4571.1420;5994/6:4570.1419;5997/3:4560.1432;5995/5:4559.1431;5997/3:4549.1443;5995/5:4548.1442;5948/52:4547.1396;5997/3:4537.1455;5995/5:4536.1454;5997/3:4526.1466;5995/5:4525.1465;5997/3:4514.1478;5995/5:4513.1477;5997/3:4503.1489;5995/5:4502.1488;5996/4:4491.1500;5994/6:4490.1499;5997/3:4480.1512;5995/5:4479.1511;5997/3:4469.1523;5995/5:4468.1522;5997/3:4457.1535;5995/5:4456.1534;5997/3:4446.1546;5995/5:4445.1545;5996/4:4434.1557;5994/6:4433.1556;5997/3:4423.1569;5995/5:4422.1568;5997/3:4412.1580;5995/5:4411.1579;5948/52:4410.1533;5997/3:4400.1592;5995/5:4399.1591;5997/3:4389.1603;5995/5:4388.1602;5997/3:4377.1615;5995/5:4376.1614;5997/3:4366.1626;5995/5:4365.1625;5996/4:4354.1637;5994/6:4353.1636;5997/3:4343.1649;5995/5:4342.1648;5997/3:4332.1660;5995/5:4331.1659;5997/3:4320.1672;5995/5:4319.1671;5997/3:4309.1683;5995/5:4308.1682;5996/4:4297.1694;5994/6:4296.1693;5997/3:4286.1706;5995/5:4285.1705;5997/3:4275.1717;5995/5:4274.1716;5948/52:4273.1670;5997/3:4263.1729;5995/5:4262.1728;5997/3:4252.1740;5995/5:4251.1739;5997/3:4240.1752;5995/5:4239.1751;5997/3:4229.1763;5995/5:4228.1762;5996/4:4217.1774;5994/6:4216.1773;5997/3:4206.1786;5995/5:4205.1785;5997/3:4195.1797;5995/5:4194.1796;5997/3:4183.1809;5995/5:4182.1808;5997/3:4172.1820;5995/5:4171.1819;5996/4:4160.1831;5994/6:4159.1830;5997/3:4149.1843;5995/5:4148.1842;5997/3:4138.1854;5995/5:4137.1853;5948/52:4136.1807;5997/3:4126.1866;5995/5:4125.1865;5997/3:4115.1877;5995/5:4114.1876;5997/3:4103.1889;5995/5:4102.1888;5997/3:4092.1900;5995/5:4091.1899;5996/4:4080.1911;5994/6:4079.1910;5997/3:4069.1923;5995/5:4068.1922;5997/3:4058.1934;5995/5:4057.1933;5997/3:4046.1946;5995/5:4045.1945;5997/3:4035.1957;5995/5:4034.1956;5996/4:4023.1968;5994/6:4022.1967;5997/3:4012.1980;5995/5:4011.1979;5997/3:4001.1991;5995/5:4000.1990;5948/52:3999.1944;5997/3:3989.2003;5995/5:3988.2002;5997/3:3978.2014;5995/5:3977.2013;5997/3:3966.2026;5995/5:3965.2025;5997/3:3955.2037;5995/5:3954.2036;5996/4:3943.2048;5994/6:3942.2047;5997/3:3932.2060;5995/5:3931.2059;5997/3:3921.2071;5995/5:3920.2070;5997/3:3909.2083;5995/5:3908.2082;5997/3:3898.2094;5995/5:3897.2093;5996/4:3886.2105;5994/6:3885.2104;5997/3:3875.2117;5995/5:3874.2116;5997/3:3864.2128;5995/5:3863.2127;5948/52:3862.2081;5997/3:3852.2140;5995/5:3851.2139;5997/3:3841.2151;5995/5:3840.2150;5997/3:3829.2163;5995/5:3828.2162;5997/3:3818.2174;5995/5:3817.2173;5996/4:3806.2185;5994/6:3805.2184;5997/3:3795.2197;5995/5:3794.2196;5997/3:3784.2208;5995/5:3783.2207;5997/3:3772.2220;5995/5:3771.2219;5997/3:3761.2231;5995/5:3760.2230;5996/4:3749.2242;5994/6:3748.2241;5997/3:3738.2254;5995/5:3737.2253;5997/3:3727.2265;5995/5:3726.2264;5948/52:3725.2218;5997/3:3715.2277;5995/5:3714.2276;5997/3:3704.2288;5995/5:3703.2287;5996/4:3692.2299;5994/6:3691.2298;5997/3:3681.2311;5995/5:3680.2310;5996/4:3669.2322;5994/6:3668.2321;5997/3:3658.2334;5995/5:3657.2333;5997/3:3647.2345;5995/5:3646.2344;5997/3:3635.2357;5995/5:3634.2356;5997/3:3624.2368;5995/5:3623.2367;5996/4:3612.2379;5994/6:3611.2378;5997/3:3601.2391;5995/5:3600.2390;5997/3:3590.2402;5995/5:3589.2401;5948/52:3588.2355;5997/3:3578.2414;5995/5:3577.2413;5997/3:3567.2425;5995/5:3566.2424;5996/4:3555.2436;5994/6:3554.2435;5997/3:3544.2448;5995/5:3543.2447;5996/4:3532.2459;5994/6:3531.2458;5997/3:3521.2471;5995/5:3520.2470;5997/3:3510.2482;5995/5:3509.2481;5997/3:3498.2494;5995/5:3497.2493;5997/3:3487.2505;5995/5:3486.2504;5996/4:3475.2516;5994/6:3474.2515;5997/3:3464.2528;5995/5:3463.2527;5997/3:3453.2539;5995/5:3452.2538;5948/52:3451.2492;5997/3:3441.2551;5995/5:3440.2550;5997/3:3430.2562;5995/5:3429.2561;5996/4:3418.2573;5994/6:3417.2572;5997/3:3407.2585;5995/5:3406.2584;5996/4:3395.2596;5994/6:3394.2595;5997/3:3384.2608;5995/5:3383.2607;5997/3:3373.2619;5995/5:3372.2618;5997/3:3361.2631;5995/5:3360.2630;5997/3:3350.2642;5995/5:3349.2641;5996/4:3338.2653;5994/6:3337.2652;5997/3:3327.2665;5995/5:3326.2664;5997/3:3316.2676;5995/5:3315.2675;5948/52:3314.2629;5997/3:3304.2688;5995/5:3303.2687;5997/3:3293.2699;5995/5:3292.2698;5996/4:3281.2710;5994/6:3280.2709;5997/3:3270.2722;5995/5:3269.2721;5996/4:3258.2733;5994/6:3257.2732;5997/3:3247.2745;5995/5:3246.2744;5997/3:3236.2756;5995/5:3235.2755;5997/3:3224.2768;5995/5:3223.2767;5997/3:3213.2779;5995/5:3212.2778;5996/4:3201.2790;5994/6:3200.2789;5997/3:3190.2802;5995/5:3189.2801;5997/3:3179.2813;5995/5:3178.2812;5948/52:3177.2766;5997/3:3167.2825;5995/5:3166.2824;5997/3:3156.2836;5995/5:3155.2835;5996/4:3144.2847;5994/6:3143.2846;5997/3:3133.2859;5995/5:3132.2858;5996/4:3121.2870;5994/6:3120.2869;5997/3:3110.2882;5995/5:3109.2881;5997/3:3099.2893;5995/5:3098.2892;5997/3:3087.2905;5995/5:3086.2904;5997/3:3076.2916;5995/5:3075.2915;5996/4:3064.2927;5994/6:3063.2926;5997/3:3053.2939;5995/5:3052.2938;5997/3:3042.2950;5995/5:3041.2949;5948/52:3040.2903;5997/3:3030.2962;5995/5:3029.2961;5997/3:3019.2973;5995/5:3018.2972;5996/4:3007.2984;5994/6:3006.2983;5996/4:2996.2995;5945/55:2161.2024.1750;5919/81:1887.1613.1476.928;5978/22:1339.1202.1065.791.654.517.380
PACK|1000|137|4000|680|5690/-1690:5690;5689/-1689:5689;5679/-1679:5679;5678/-1678:5678;5667/-1667:5667;5666/-1666:5666;5656/-1656:5656;5655/-1655:5655;5645/-1645:5645;5644/-1644:5644;5643/-1643:5643;5633/-1633:5633;5632/-1632:5632;5622/-1622:5622;5621/-1621:5621;5610/-1610:5610;5609/-1609:5609;5599/-1599:5599;5598/-1598:5598;5587/-1587:5587;5586/-1586:5586;5576/-1576:5576;5575/-1575:5575;5565/-1565:5565;5564/-1564:5564;5553/-1553:5553;5552/-1552:5552;5542/-1542:5542;5541/-1541:5541;5530/-1530:5530;5529/-1529:5529;5519/-1519:5519;5518/-1518:5518;5508/-1508:5508;5507/-1507:5507;5506/-1506:5506;5496/-1496:5496;5495/-1495:5495;5485/-1485:5485;5484/-1484:5484;5473/-1473:5473;5472/-1472:5472;5462/-1462:5462;5461/-1461:5461;5450/-1450:5450;5449/-1449:5449;5439/-1439:5439;5438/-1438:5438;5428/-1428:5428;5427/-1427:5427;5416/-1416:5416;5415/-1415:5415;5405/-1405:5405;5404/-1404:5404;5393/-1393:5393;5392/-1392:5392;5382/-1382:5382;5381/-1381:5381;5371/-1371:5371;5370/-1370:5370;5369/-1369:5369;5359/-1359:5359;5358/-1358:5358;5348/-1348:5348;5347/-1347:5347;5336/-1336:5336;5335/-1335:5335;5325/-1325:5325;5324/-1324:5324;5313/-1313:5313;5312/-1312:5312;5302/-1302:5302;5301/-1301:5301;5291/-1291:5291;5290/-1290:5290;5279/-1279:5279;5278/-1278:5278;5268/-1268:5268;5267/-1267:5267;5256/-1256:5256;5255/-1255:5255;5245/-1245:5245;5244/-1244:5244;5234/-1234:5234;5233/-1233:5233;5232/-1232:5232;5222/-1222:5222;5221/-1221:5221;5211/-1211:5211;5210/-1210:5210;5199/-1199:5199;5198/-1198:5198;5188/-1188:5188;5187/-1187:5187;5176/-1176:5176;5175/-1175:5175;5165/-1165:5165;5164/-1164:5164;5154/-1154:5154;5153/-1153:5153;5142/-1142:5142;5141/-1141:5141;5131/-1131:5131;5130/-1130:5130;5119/-1119:5119;5118/-1118:5118;5108/-1108:5108;5107/-1107:5107;5097/-1097:5097;5096/-1096:5096;5095/-1095:5095;5085/-1085:5085;5084/-1084:5084;5074/-1074:5074;5073/-1073:5073;5062/-1062:5062;5061/-1061:5061;5051/-1051:5051;5050/-1050:5050;5039/-1039:5039;5038/-1038:5038;5028/-1028:5028;5027/-1027:5027;5017/-1017:5017;5016/-1016:5016;5005/-1005:5005;5004/-1004:5004;4994/-994:4994;4993/-993:4993;4982/-982:4982;4981/-981:4981;4971/-971:4971;4970/-970:4970;4960/-960:4960;4959/-959:4959;4958/-958:4958;4948/-948:4948;4947/-947:4947;4937/-937:4937;4936/-936:4936;4925/-925:4925;4924/-924:4924;4914/-914:4914;4913/-913:4913;4902/-902:4902;4901/-901:4901;4891/-891:4891;4890/-890:4890;4880/-880:4880;4879/-879:4879;4868/-868:4868;4867/-867:4867;4857/-857:4857;4856/-856:4856;4845/-845:4845;4844/-844:4844;4834/-834:4834;4833/-833:4833;4823/-823:4823;4822/-822:4822;4821/-821:4821;4811/-811:4811;4810/-810:4810;4800/-800:4800;4799/-799:4799;4788/-788:4788;4787/-787:4787;4777/-777:4777;4776/-776:4776;4765/-765:4765;4764/-764:4764;4754/-754:4754;4753/-753:4753;4743/-743:4743;4742/-742:4742;4731/-731:4731;4730/-730:4730;4720/-720:4720;4719/-719:4719;4708/-708:4708;4707/-707:4707;4697/-697:4697;4696/-696:4696;4686/-686:4686;4685/-685:4685;4684/-684:4684;4674/-674:4674;4673/-673:4673;4663/-663:4663;4662/-662:4662;4651/-651:4651;4650/-650:4650;4640/-640:4640;4639/-639:4639;4628/-628:4628;4627/-627:4627;4617/-617:4617;4616/-616:4616;4606/-606:4606;4605/-605:4605;4594/-594:4594;4593/-593:4593;4583/-583:4583;4582/-582:4582;4571/-571:4571;4570/-570:4570;4560/-560:4560;4559/-559:4559;4549/-549:4549;4548/-548:4548;4547/-547:4547;4537/-537:4537;4536/-536:4536;4526/-526:4526;4525/-525:4525;4514/-514:4514;4513/-513:4513;4503/-503:4503;4502/-502:4502;4491/-491:4491;4490/-490:4490;4480/-480:4480;4479/-479:4479;4469/-469:4469;4468/-468:4468;4457/-457:4457;4456/-456:4456;4446/-446:4446;4445/-445:4445;4434/-434:4434;4433/-433:4433;4423/-423:4423;4422/-422:4422;4412/-412:4412;4411/-411:4411;4410/-410:4410;4400/-400:4400;4399/-399:4399;4389/-389:4389;4388/-388:4388;4377/-377:4377;4376/-376:4376;4366/-366:4366;4365/-365:4365;4354/-354:4354;4353/-353:4353;4343/-343:4343;4342/-342:4342;4332/-332:4332;4331/-331:4331;4320/-320:4320;4319/-319:4319;4309/-309:4309;4308/-308:4308;4297/-297:4297;4296/-296:4296;4286/-286:4286;4285/-285:4285;4275/-275:4275;4274/-274:4274;4273/-273:4273;4263/-263:4263;4262/-262:4262;4252/-252:4252;4251/-251:4251;4240/-240:4240;4239/-239:4239;4229/-229:4229;4228/-228:4228;4217/-217:4217;4216/-216:4216;4206/-206:4206;4205/-205:4205;4195/-195:4195;4194/-194:4194;4183/-183:4183;4182/-182:4182;4172/-172:4172;4171/-171:4171;4160/-160:4160;4159/-159:4159;4149/-149:4149;4148/-148:4148;4138/-138:4138;4137/-137:4137;4136/-136:4136;4126/-126:4126;4125/-125:4125;4115/-115:4115;4114/-114:4114;4103/-103:4103;4102/-102:4102;4092/-92:4092;4091/-91:4091;4080/-80:4080;4079/-79:4079;4069/-69:4069;4068/-68:4068;4058/-58:4058;4057/-57:4057;4046/-46:4046;4045/-45:4045;4035/-35:4035;4034/-34:4034;4023/-23:4023;4022/-22:4022;4012/-12:4012;4011/-11:4011;4001/-1:4001;4000/0:4000;3999/1:3999;3989/11:3989;3988/12:3988;3978/22:3978;3977/23:3977;3966/34:3966;3965/35:3965;3955/45:3955;3954/46:3954;3943/57:3943;3942/58:3942;3932/68:3932;3931/69:3931;3921/79:3921;3920/80:3920;3909/91:3909;3908/92:3908;3898/102:3898;3897/103:3897;3886/114:3886;3885/115:3885;3875/125:3875;3874/126:3874;3864/136:3864;3863/137:3863;3862/138:3862;3852/148:3852;3851/149:3851;3841/159:3841;3840/160:3840;3829/171:3829;3828/172:3828;3818/182:3818;3817/183:3817;3806/194:3806;3805/195:3805;3795/205:3795;3794/206:3794;3784/216:3784;3783/217:3783;3772/228:3772;3771/229:3771;3761/239:3761;3760/240:3760;3749/251:3749;3748/252:3748;3738/262:3738;3737/263:3737;3727/273:3727;3726/274:3726;3725/275:3725;3715/285:3715;3714/286:3714;3704/296:3704;3703/297:3703;3999/1:3692.302;3997/3:3691.301;3999/1:3681.313;3997/3:3680.312;3998/2:3669.324;3996/4:3668.323;3999/1:3658.336;3997/3:3657.335;3999/1:3647.347;3997/3:3646.346;3999/1:3635.359;3997/3:3634.358;3999/1:3624.370;3997/3:3623.369;3999/1:3612.382;3997/3:3611.381;3999/1:3601.393;3997/3:3600.392;3999/1:3590.404;3997/3:3589.403;3973/27:3588.380;3999/1:3578.416;3997/3:3577.415;3999/1:3567.427;3997/3:3566.426;3999/1:3555.439;3997/3:3554.438;3999/1:3544.450;3997/3:3543.449;3998/2:3532.461;3996/4:3531.460;3999/1:3521.473;3997/3:3520.472;3999/1:3510.484;3997/3:3509.483;3999/1:3498.496;3997/3:3497.495;3999/1:3487.507;3997/3:3486.506;3999/1:3475.519;3997/3:3474.518;3999/1:3464.530;3997/3:3463.529;3999/1:3453.541;3997/3:3452.540;3973/27:3451.517;3999/1:3441.553;3997/3:3440.552;3999/1:3430.564;3997/3:3429.563;3999/1:3418.576;3997/3:3417.575;3999/1:3407.587;3997/3:3406.586;3998/2:3395.598;3996/4:3394.597;3999/1:3384.610;3997/3:3383.609;3999/1:3373.621;3997/3:3372.620;3999/1:3361.633;3997/3:3360.632;3999/1:3350.644;3997/3:3349.643;3999/1:3338.656;3997/3:3337.655;3999/1:3327.667;3997/3:3326.666;3999/1:3316.678;3997/3:3315.677;3973/27:3314.654;3999/1:3304.690;3997/3:3303.689;3999/1:3293.701;3997/3:3292.700;3999/1:3281.713;3997/3:3280.712;3999/1:3270.724;3997/3:3269.723;3998/2:3258.735;3996/4:3257.734;3999/1:3247.747;3997/3:3246.746;3999/1:3236.758;3997/3:3235.757;3999/1:3224.770;3997/3:3223.769;3999/1:3213.781;3997/3:3212.780;3999/1:3201.793;3997/3:3200.792;3999/1:3190.804;3997/3:3189.803;3999/1:3179.815;3997/3:3178.814;3973/27:3177.791;3999/1:3167.827;3997/3:3166.826;3999/1:3156.838;3997/3:3155.837;3999/1:3144.850;3997/3:3143.849;3999/1:3133.861;3997/3:3132.860;3998/2:3121.872;3996/4:3120.871;3999/1:3110.884;3997/3:3109.883;3999/1:3099.895;3997/3:3098.894;3999/1:3087.907;3997/3:3086.906;3999/1:3076.918;3997/3:3075.917;3999/1:3064.930;3997/3:3063.929;3999/1:3053.941;3997/3:3052.940;3999/1:3042.952;3997/3:3041.951;3973/27:3040.928;3999/1:3030.964;3997/3:3029.963;3999/1:3019.975;3997/3:3018.974;3999/1:3007.987;3997/3:3006.986;3999/1:2996.998;3997/3:2995.997;3998/2:2984.1009;3996/4:2983.1008;3999/1:2973.1021;3997/3:2972.1020;3999/1:2962.1032;3997/3:2961.1031;3999/1:2950.1044;3997/3:2949.1043;3999/1:2939.1055;3997/3:2938.1054;3999/1:2927.1067;3997/3:2926.1066;3999/1:2916.1078;3997/3:2915.1077;3999/1:2905.1089;3997/3:2904.1088;3973/27:2903.1065;3999/1:2893.1101;3997/3:2892.1100;3999/1:2882.1112;3997/3:2881.1111;3999/1:2870.1124;3997/3:2869.1123;3999/1:2859.1135;3997/3:2858.1134;3998/2:2847.1146;3996/4:2846.1145;3999/1:2836.1158;3997/3:2835.1157;3999/1:2825.1169;3997/3:2824.1168;3999/1:2813.1181;3997/3:2812.1180;3999/1:2802.1192;3997/3:2801.1191;3999/1:2790.1204;3997/3:2789.1203;3999/1:2779.1215;3997/3:2778.1214;3999/1:2768.1226;3997/3:2767.1225;3973/27:2766.1202;3999/1:2756.1238;3997/3:2755.1237;3999/1:2745.1249;3997/3:2744.1248;3999/1:2733.1261;3997/3:2732.1260;3999/1:2722.1272;3997/3:2721.1271;3998/2:2710.1283;3996/4:2709.1282;3999/1:2699.1295;3997/3:2698.1294;3999/1:2688.1306;3997/3:2687.1305;3999/1:2676.1318;3997/3:2675.1317;3999/1:2665.1329;3997/3:2664.1328;3999/1:2653.1341;3997/3:2652.1340;3999/1:2642.1352;3997/3:2641.1351;3999/1:2631.1363;3997/3:2630.1362;3973/27:2629.1339;3999/1:2619.1375;3997/3:2618.1374;3999/1:2608.1386;3997/3:2607.1385;3999/1:2596.1398;3997/3:2595.1397;3999/1:2585.1409;3997/3:2584.1408;3998/2:2573.1420;3996/4:2572.1419;3999/1:2562.1432;3997/3:2561.1431;3999/1:2551.1443;3997/3:2550.1442;3999/1:2539.1455;3997/3:2538.1454;3999/1:2528.1466;3997/3:2527.1465;3999/1:2516.1478;3997/3:2515.1477;3999/1:2505.1489;3997/3:2504.1488;3999/1:2494.1500;3997/3:2493.1499;3973/27:2492.1476;3999/1:2482.1512;3997/3:2481.1511;3999/1:2471.1523;3997/3:2470.1522;3999/1:2459.1535;3997/3:2458.1534;3999/1:2448.1546;3997/3:2447.1545;3998/2:2436.1557;3996/4:2435.1556;3999/1:2425.1569;3997/3:2424.1568;3999/1:2414.1580;3997/3:2413.1579;3999/1:2402.1592;3997/3:2401.1591;3999/1:2391.1603;3997/3:2390.1602;3999/1:2379.1615;3997/3:2378.1614;3999/1:2368.1626;3997/3:2367.1625;3999/1:2357.1637;3997/3:2356.1636;3973/27:2355.1613;3999/1:2345.1649;3997/3:2344.1648;3999/1:2334.1660;3997/3:2333.1659;3999/1:2322.1672;3997/3:2321.1671;3999/1:2311.1683;3997/3:2310.1682;3998/2:2299.1694;3996/4:2298.1693;3999/1:2288.1706;3997/3:2287.1705;3999/1:2277.1717;3997/3:2276.1716;3999/1:2265.1729;3997/3:2264.1728;3999/1:2254.1740;3997/3:2253.1739;3999/1:2242.1752;3997/3:2241.1751;3999/1:2231.1763;3997/3:2230.1762;3999/1:2220.1774;3997/3:2219.1773;3973/27:2218.1750;3999/1:2208.1786;3997/3:2207.1785;3999/1:2197.1797;3997/3:2196.1796;3999/1:2185.1809;3997/3:2184.1808;3999/1:2174.1820;3997/3:2173.1819;3999/1:2163.1831;3997/3:2162.1830;3973/27:2161.1807;3999/1:2151.1843;3997/3:2150.1842;3999/1:2140.1854;3997/3:2139.1853;3999/1:2128.1866;3997/3:2127.1865;3999/1:2117.1877;3997/3:2116.1876;3999/1:2105.1889;3997/3:2104.1888;3999/1:2094.1900;3997/3:2093.1899;3999/1:2083.1911;3997/3:2082.1910;3973/27:2081.1887;3999/1:2071.1923;3997/3:2070.1922;3999/1:2060.1934;3997/3:2059.1933;3999/1:2048.1946;3997/3:2047.1945;3999/1:2037.1957;3997/3:2036.1956;3999/1:2026.1968;3997/3:2025.1967;3973/27:2024.1944;3999/1:2014.1980;3997/3:2013.1979;3999/1:2003.1991;3997/3:2002.1990;3924/76:1670.1533.711;3787/213:1396.1259.1122;3164/836:985.848.574.437.300
PACK|1000|991|5800|520|5697/103:5697;5694/106:5694;5691/109:5691;5678/122:5678;5675/125:5675;5672/128:5672;5669/131:5669;5659/141:5659;5656/144:5656;5653/147:5653;5650/150:5650;5637/163:5637;5634/166:5634;5631/169:5631;5618/182:5618;5615/185:5615;5612/188:5612;5609/191:5609;5596/204:5596;5593/207:5593;5590/210:5590;5577/223:5577;5574/226:5574;5571/229:5571;5568/232:5568;5558/242:5558;5555/245:5555;5552/248:5552;5549/251:5549;5536/264:5536;5533/267:5533;5530/270:5530;5527/273:5527;5517/283:5517;5514/286:5514;5511/289:5511;5508/292:5508;5800/0:5495.300;5492/308:5492;5489/311:5489;5800/0:5476.319;5794/6:5473.316;5788/12:5470.313;5782/18:5467.310;5800/0:5457.338;5794/6:5454.335;5788/12:5451.332;5448/352:5448;5800/0:5435.360;5794/6:5432.357;5788/12:5429.354;5782/18:5426.351;5800/0:5416.379;5794/6:5413.376;5788/12:5410.373;5782/18:5407.370;5800/0:5394.401;5794/6:5391.398;5788/12:5388.395;5800/0:5375.420;5794/6:5372.417;5788/12:5369.414;5782/18:5366.411;5800/0:5356.439;5794/6:5353.436;5788/12:5350.433;5744/56:5347.392;5800/0:5334.461;5794/6:5331.458;5788/12:5328.455;5782/18:5325.452;5800/0:5315.480;5794/6:5312.477;5788/12:5309.474;5782/18:5306.471;5800/0:5293.502;5794/6:5290.499;5788/12:5287.496;5800/0:5274.521;5794/6:5271.518;5788/12:5268.515;5782/18:5265.512;5800/0:5255.540;5794/6:5252.537;5788/12:5249.534;5744/56:5246.493;5800/0:5233.562;5794/6:5230.559;5788/12:5227.556;5782/18:5224.553;5800/0:5214.581;5794/6:5211.578;5788/12:5208.575;5782/18:5205.572;5800/0:5192.603;5794/6:5189.600;5788/12:5186.597;5800/0:5173.622;5794/6:5170.619;5788/12:5167.616;5782/18:5164.613;5797/3:5151.641;5791/9:5148.638;5785/15:5145.635;5800/0:5132.663;5794/6:5129.660;5788/12:5126.657;5782/18:5123.654;5800/0:5113.682;5794/6:5110.679;5788/12:5107.676;5703/97:5104.594;5800/0:5091.704;5794/6:5088.701;5788/12:5085.698;5800/0:5072.723;5794/6:5069.720;5788/12:5066.717;5782/18:5063.714;5797/3:5050.742;5791/9:5047.739;5785/15:5044.736;5800/0:5031.764;5794/6:5028.761;5788/12:5025.758;5782/18:5022.755;5800/0:5012.783;5794/6:5009.780;5788/12:5006.777;5703/97:5003.695;5800/0:4990.805;5794/6:4987.802;5788/12:4984.799;5782/18:4981.796;5800/0:4971.824;5794/6:4968.821;5788/12:4965.818;5782/18:4962.815;5800/0:4949.846;5794/6:4946.843;5788/12:4943.840;5800/0:4930.865;5794/6:4927.862;5788/12:4924.859;5782/18:4921.856;5800/0:4911.884;5794/6:4908.881;5788/12:4905.878;5744/56:4902.837;5800/0:4889.906;5794/6:4886.903;5788/12:4883.900;5782/18:4880.897;5800/0:4870.925;5794/6:4867.922;5788/12:4864.919;5782/18:4861.916;5800/0:4848.947;5794/6:4845.944;5788/12:4842.941;5800/0:4829.966;5794/6:4826.963;5788/12:4823.960;5782/18:4820.957;5800/0:4810.985;5794/6:4807.982;5788/12:4804.979;5744/56:4801.938;5800/0:4788.1007;5794/6:4785.1004;5788/12:4782.1001;5782/18:4779.998;5800/0:4769.1026;5794/6:4766.1023;5788/12:4763.1020;5782/18:4760.1017;5800/0:4747.1048;5794/6:4744.1045;5788/12:4741.1042;5800/0:4728.1067;5794/6:4725.1064;5788/12:4722.1061;5782/18:4719.1058;5797/3:4706.1086;5791/9:4703.1083;5785/15:4700.1080;5800/0:4687.1108;5794/6:4684.1105;5788/12:4681.1102;5782/18:4678.1099;5800/0:4668.1127;5794/6:4665.1124;5788/12:4662.1121;5782/18:4659.1118;5800/0:4646.1149;5794/6:4643.1146;5788/12:4640.1143;5800/0:4627.1168;5794/6:4624.1165;5788/12:4621.1162;5782/18:4618.1159;5797/3:4605.1187;5791/9:4602.1184;5785/15:4599.1181;5800/0:4586.1209;5794/6:4583.1206;5788/12:4580.1203;5782/18:4577.1200;5800/0:4567.1228;5794/6:4564.1225;5788/12:4561.1222;5703/97:4558.1140;5800/0:4545.1250;5794/6:4542.1247;5788/12:4539.1244;5782/18:4536.1241;5800/0:4526.1269;5794/6:4523.1266;5788/12:4520.1263;5782/18:4517.1260;5800/0:4504.1291;5794/6:4501.1288;5788/12:4498.1285;5800/0:4485.1310;5794/6:4482.1307;5788/12:4479.1304;5782/18:4476.1301;5800/0:4466.1329;5794/6:4463.1326;5788/12:4460.1323;5744/56:4457.1282;5800/0:4444.1351;5794/6:4441.1348;5788/12:4438.1345;5782/18:4435.1342;5800/0:4425.1370;5794/6:4422.1367;5788/12:4419.1364;5782/18:4416.1361;5800/0:4403.1392;5794/6:4400.1389;5788/12:4397.1386;5800/0:4384.1411;5794/6:4381.1408;5788/12:4378.1405;5782/18:4375.1402;5800/0:4365.1430;5794/6:4362.1427;5788/12:4359.1424;5744/56:4356.1383;5800/0:4343.1452;5794/6:4340.1449;5788/12:4337.1446;5782/18:4334.1443;5800/0:4324.1471;5794/6:4321.1468;5788/12:4318.1465;5782/18:4315.1462;5800/0:4302.1493;5794/6:4299.1490;5788/12:4296.1487;5800/0:4283.1512;5794/6:4280.1509;5788/12:4277.1506;5782/18:4274.1503;5800/0:4264.1531;5794/6:4261.1528;5788/12:4258.1525;5744/56:4255.1484;5800/0:4242.1553;5794/6:4239.1550;5788/12:4236.1547;5782/18:4233.1544;5800/0:4223.1572;5794/6:4220.1569;5788/12:4217.1566;5782/18:4214.1563;5800/0:4201.1594;5794/6:4198.1591;5788/12:4195.1588;5800/0:4182.1613;5794/6:4179.1610;5788/12:4176.1607;5782/18:4173.1604;5797/3:4160.1632;5791/9:4157.1629;5785/15:4154.1626;5800/0:4141.1654;5794/6:4138.1651;5788/12:4135.1648;5782/18:4132.1645;5800/0:4122.1673;5794/6:4119.1670;5788/12:4116.1667;5703/97:4113.1585;5800/0:4100.1695;5794/6:4097.1692;5788/12:4094.1689;5800/0:4081.1714;5794/6:4078.1711;5788/12:4075.1708;5782/18:4072.1705;5797/3:4059.1733;5791/9:4056.1730;5785/15:4053.1727;5800/0:4040.1755;5794/6:4037.1752;5788/12:4034.1749;5782/18:4031.1746;5800/0:4021.1774;5794/6:4018.1771;5788/12:4015.1768;5703/97:4012.1686;5800/0:3999.1796;5794/6:3996.1793;5788/12:3993.1790;5782/18:3990.1787;5800/0:3980.1815;5794/6:3977.1812;5788/12:3974.1809;5782/18:3971.1806;5800/0:3958.1837;5794/6:3955.1834;5788/12:3952.1831;5800/0:3939.1856;5794/6:3936.1853;5788/12:3933.1850;5782/18:3930.1847;5800/0:3920.1875;5794/6:3917.1872;5788/12:3914.1869;5744/56:3911.1828;5800/0:3898.1897;5794/6:3895.1894;5788/12:3892.1891;5782/18:3889.1888;5800/0:3879.1916;5794/6:3876.1913;5788/12:3873.1910;5782/18:3870.1907;5800/0:3857.1938;5794/6:3854.1935;5788/12:3851.1932;5800/0:3838.1957;5794/6:3835.1954;5788/12:3832.1951;5782/18:3829.1948;5800/0:3819.1976;5794/6:3816.1973;5788/12:3813.1970;5744/56:3810.1929;5800/0:3797.1998;5794/6:3794.1995;5788/12:3791.1992;5782/18:3788.1989;5800/0:3778.2017;5794/6:3775.2014;5788/12:3772.2011;5782/18:3769.2008;5800/0:3756.2039;5794/6:3753.2036;5788/12:3750.2033;5800/0:3737.2058;5794/6:3734.2055;5788/12:3731.2052;5782/18:3728.2049;5797/3:3715.2077;5791/9:3712.2074;5785/15:3709.2071;5800/0:3696.2099;5794/6:3693.2096;5788/12:3690.2093;5782/18:3687.2090;5800/0:3677.2118;5794/6:3674.2115;5788/12:3671.2112;5782/18:3668.2109;5800/0:3655.2140;5794/6:3652.2137;5788/12:3649.2134;5800/0:3636.2159;5794/6:3633.2156;5788/12:3630.2153;5782/18:3627.2150;5797/3:3614.2178;5791/9:3611.2175;5785/15:3608.2172;5800/0:3595.2200;5794/6:3592.2197;5788/12:3589.2194;5782/18:3586.2191;5800/0:3576.2219;5794/6:3573.2216;5788/12:3570.2213;5703/97:3567.2131;5800/0:3554.2241;5794/6:3551.2238;5788/12:3548.2235;5782/18:3545.2232;5800/0:3535.2260;5794/6:3532.2257;5788/12:3529.2254;5782/18:3526.2251;5800/0:3513.2282;5794/6:3510.2279;5788/12:3507.2276;5800/0:3494.2301;5794/6:3491.2298;5788/12:3488.2295;5782/18:3485.2292;5800/0:3475.2320;5794/6:3472.2317;5788/12:3469.2314;5744/56:3466.2273;5800/0:3453.2342;5794/6:3450.2339;5788/12:3447.2336;5782/18:3444.2333;5800/0:3434.2361;5794/6:3431.2358;5788/12:3428.2355;5782/18:3425.2352;5800/0:3412.2383;5794/6:3409.2380;5788/12:3406.2377;5800/0:3393.2402;5794/6:3390.2399;5788/12:3387.2396;5782/18:3384.2393;5800/0:3374.2421;5794/6:3371.2418;5788/12:3368.2415;5744/56:3365.2374;5800/0:3352.2443;5794/6:3349.2440;5788/12:3346.2437;5782/18:3343.2434;5800/0:3333.2462;5794/6:3330.2459;5788/12:3327.2456;5782/18:3324.2453;5800/0:3311.2484;5794/6:3308.2481;5788/12:3305.2478;5800/0:3292.2503;5794/6:3289.2500;5788/12:3286.2497;5782/18:3283.2494;5800/0:3273.2522;5794/6:3270.2519;5788/12:3267.2516;5744/56:3264.2475;5800/0:3251.2544;5794/6:3248.2541;5788/12:3245.2538;5782/18:3242.2535;5800/0:3232.2563;5794/6:3229.2560;5788/12:3226.2557;5782/18:3223.2554;5800/0:3210.2585;5794/6:3207.2582;5788/12:3204.2579;5800/0:3191.2604;5794/6:3188.2601;5788/12:3185.2598;5782/18:3182.2595;5797/3:3169.2623;5791/9:3166.2620;5785/15:3163.2617;5800/0:3150.2645;5794/6:3147.2642;5788/12:3144.2639;5782/18:3141.2636;5800/0:3131.2664;5794/6:3128.2661;5788/12:3125.2658;5703/97:3122.2576;5800/0:3109.2686;5794/6:3106.2683;5788/12:3103.2680;5800/0:3090.2705;5794/6:3087.2702;5788/12:3084.2699;5782/18:3081.2696;5797/3:3068.2724;5791/9:3065.2721;5785/15:3062.2718;5800/0:3049.2746;5794/6:3046.2743;5788/12:3043.2740;5782/18:3040.2737;5800/0:3030.2765;5794/6:3027.2762;5788/12:3024.2759;5703/97:3021.2677;5800/0:3008.2787;5794/6:3005.2784;5788/12:3002.2781;5782/18:2999.2778;5800/0:2989.2806;5794/6:2986.2803;5788/12:2983.2800;5782/18:2980.2797;5800/0:2967.2828;5794/6:2964.2825;5788/12:2961.2822;5800/0:2948.2847;5794/6:2945.2844;5788/12:2942.2841;5782/18:2939.2838;5800/0:2929.2866;5794/6:2926.2863;5788/12:2923.2860;5744/56:2920.2819;5800/0:2907.2888;5794/6:2904.2885;5788/12:2901.2882;5782/18:2898.2879;3074/2726:2030.1039
PACK|1000|991|6000|502|5697/303:5697;5999/1:5694.300;5691/309:5691;5999/1:5678.316;5999/1:5675.319;5990/10:5672.313;5984/16:5669.310;5999/1:5659.335;5999/1:5656.338;5990/10:5653.332;5650/350:5650;5999/1:5637.357;5999/1:5634.360;5990/10:5631.354;5999/1:5618.376;5999/1:5615.379;5990/10:5612.373;5984/16:5609.370;5999/1:5596.398;5999/1:5593.401;5990/10:5590.395;5999/1:5577.417;5999/1:5574.420;5990/10:5571.414;5984/16:5568.411;5999/1:5558.436;5999/1:5555.439;5990/10:5552.433;5946/54:5549.392;5999/1:5536.458;5999/1:5533.461;5990/10:5530.455;5984/16:5527.452;5999/1:5517.477;5999/1:5514.480;5990/10:5511.474;5984/16:5508.471;5999/1:5495.499;5999/1:5492.502;5990/10:5489.496;5999/1:5476.518;5999/1:5473.521;5990/10:5470.515;5984/16:5467.512;5999/1:5457.537;5999/1:5454.540;5990/10:5451.534;5946/54:5448.493;5999/1:5435.559;5999/1:5432.562;5990/10:5429.556;5984/16:5426.553;5999/1:5416.578;5999/1:5413.581;5990/10:5410.575;5984/16:5407.572;5999/1:5394.600;5999/1:5391.603;5990/10:5388.597;5999/1:5375.619;5999/1:5372.622;5990/10:5369.616;5984/16:5366.613;5999/1:5356.638;5999/1:5353.641;5990/10:5350.635;5946/54:5347.594;5999/1:5334.660;5999/1:5331.663;5990/10:5328.657;5984/16:5325.654;5999/1:5315.679;5999/1:5312.682;5990/10:5309.676;5662/338:5306.351;5999/1:5293.701;5999/1:5290.704;5990/10:5287.698;5999/1:5274.720;5999/1:5271.723;5990/10:5268.717;5984/16:5265.714;5999/1:5255.739;5999/1:5252.742;5990/10:5249.736;5946/54:5246.695;5999/1:5233.761;5999/1:5230.764;5990/10:5227.758;5984/16:5224.755;5999/1:5214.780;5999/1:5211.783;5990/10:5208.777;5205/795:5205;5999/1:5192.802;5999/1:5189.805;5990/10:5186.799;5999/1:5173.821;5999/1:5170.824;5990/10:5167.818;5984/16:5164.815;5999/1:5151.843;5999/1:5148.846;5990/10:5145.840;5999/1:5132.862;5999/1:5129.865;5990/10:5126.859;5984/16:5123.856;5999/1:5113.881;5999/1:5110.884;5990/10:5107.878;5946/54:5104.837;5999/1:5091.903;5999/1:5088.906;5990/10:5085.900;5999/1:5072.922;5999/1:5069.925;5990/10:5066.919;5984/16:5063.916;5999/1:5050.944;5999/1:5047.947;5990/10:5044.941;5999/1:5031.963;5999/1:5028.966;5990/10:5025.960;5984/16:5022.957;5999/1:5012.982;5999/1:5009.985;5990/10:5006.979;5946/54:5003.938;5999/1:4990.1004;5999/1:4987.1007;5990/10:4984.1001;5984/16:4981.998;5999/1:4971.1023;5999/1:4968.1026;5990/10:4965.1020;5984/16:4962.1017;5999/1:4949.1045;5999/1:4946.1048;5990/10:4943.1042;5999/1:4930.1064;5999/1:4927.1067;5990/10:4924.1061;5984/16:4921.1058;5999/1:4911.1083;5999/1:4908.1086;5990/10:4905.1080;5946/54:4902.1039;5999/1:4889.1105;5999/1:4886.1108;5990/10:4883.1102;5984/16:4880.1099;5999/1:4870.1124;5999/1:4867.1127;5990/10:4864.1121;5984/16:4861.1118;5999/1:4848.1146;5999/1:4845.1149;5990/10:4842.1143;5999/1:4829.1165;5999/1:4826.1168;5990/10:4823.1162;5984/16:4820.1159;5999/1:4810.1184;5999/1:4807.1187;5990/10:4804.1181;5946/54:4801.1140;5999/1:4788.1206;5999/1:4785.1209;5990/10:4782.1203;5984/16:4779.1200;5999/1:4769.1225;5999/1:4766.1228;5990/10:4763.1222;5662/338:4760.897;5999/1:4747.1247;5999/1:4744.1250;5990/10:4741.1244;5999/1:4728.1266;5999/1:4725.1269;5990/10:4722.1263;5984/16:4719.1260;5999/1:4706.1288;5999/1:4703.1291;5990/10:4700.1285;5999/1:4687.1307;5999/1:4684.1310;5990/10:4681.1304;5984/16:4678.1301;5999/1:4668.1326;5999/1:4665.1329;5990/10:4662.1323;5946/54:4659.1282;5999/1:4646.1348;5999/1:4643.1351;5990/10:4640.1345;5999/1:4627.1367;5999/1:4624.1370;5990/10:4621.1364;5984/16:4618.1361;5999/1:4605.1389;5999/1:4602.1392;5990/10:4599.1386;5999/1:4586.1408;5999/1:4583.1411;5990/10:4580.1405;5984/16:4577.1402;5999/1:4567.1427;5999/1:4564.1430;5990/10:4561.1424;5946/54:4558.1383;5999/1:4545.1449;5999/1:4542.1452;5990/10:4539.1446;5984/16:4536.1443;5999/1:4526.1468;5999/1:4523.1471;5990/10:4520.1465;5984/16:4517.1462;5999/1:4504.1490;5999/1:4501.1493;5990/10:4498.1487;5999/1:4485.1509;5999/1:4482.1512;5990/10:4479.1506;5984/16:4476.1503;5999/1:4466.1528;5999/1:4463.1531;5990/10:4460.1525;5946/54:4457.1484;5999/1:4444.1550;5999/1:4441.1553;5990/10:4438.1547;5984/16:4435.1544;5999/1:4425.1569;5999/1:4422.1572;5990/10:4419.1566;5984/16:4416.1563;5999/1:4403.1591;5999/1:4400.1594;5990/10:4397.1588;5999/1:4384.1610;5999/1:4381.1613;5990/10:4378.1607;5984/16:4375.1604;5999/1:4365.1629;5999/1:4362.1632;5990/10:4359.1626;5946/54:4356.1585;5999/1:4343.1651;5999/1:4340.1654;5990/10:4337.1648;5984/16:4334.1645;5999/1:4324.1670;5999/1:4321.1673;5990/10:4318.1667;5662/338:4315.1342;5999/1:4302.1692;5999/1:4299.1695;5990/10:4296.1689;5999/1:4283.1711;5999/1:4280.1714;5990/10:4277.1708;5984/16:4274.1705;5999/1:4264.1730;5999/1:4261.1733;5990/10:4258.1727;5946/54:4255.1686;5999/1:4242.1752;5999/1:4239.1755;5990/10:4236.1749;5984/16:4233.1746;5999/1:4223.1771;5999/1:4220.1774;5990/10:4217.1768;5460/540:4214.1241;5999/1:4201.1793;5999/1:4198.1796;5990/10:4195.1790;5999/1:4182.1812;5999/1:4179.1815;5990/10:4176.1809;5984/16:4173.1806;5999/1:4160.1834;5999/1:4157.1837;5990/10:4154.1831;5999/1:4141.1853;5999/1:4138.1856;5990/10:4135.1850;5984/16:4132.1847;5999/1:4122.1872;5999/1:4119.1875;5990/10:4116.1869;5946/54:4113.1828;5999/1:4100.1894;5999/1:4097.1897;5990/10:4094.1891;5999/1:4081.1913;5999/1:4078.1916;5990/10:4075.1910;5984/16:4072.1907;5999/1:4059.1935;5999/1:4056.1938;5990/10:4053.1932;5999/1:4040.1954;5999/1:4037.1957;5990/10:4034.1951;5984/16:4031.1948;5999/1:4021.1973;5999/1:4018.1976;5990/10:4015.1970;5946/54:4012.1929;5999/1:3999.1995;5999/1:3996.1998;5990/10:3993.1992;5984/16:3990.1989;5999/1:3980.2014;5999/1:3977.2017;5990/10:3974.2011;5984/16:3971.2008;5999/1:3958.2036;5999/1:3955.2039;5990/10:3952.2033;5999/1:3939.2055;5999/1:3936.2058;5990/10:3933.2052;5984/16:3930.2049;5999/1:3920.2074;5999/1:3917.2077;5990/10:3914.2071;5946/54:3911.2030;5999/1:3898.2096;5999/1:3895.2099;5990/10:3892.2093;5984/16:3889.2090;5999/1:3879.2115;5999/1:3876.2118;5990/10:3873.2112;5984/16:3870.2109;5999/1:3857.2137;5999/1:3854.2140;5990/10:3851.2134;5999/1:3838.2156;5999/1:3835.2159;5990/10:3832.2153;5984/16:3829.2150;5999/1:3819.2175;5999/1:3816.2178;5990/10:3813.2172;5946/54:3810.2131;5999/1:3797.2197;5999/1:3794.2200;5990/10:3791.2194;5984/16:3788.2191;5999/1:3778.2216;5999/1:3775.2219;5990/10:3772.2213;5662/338:3769.1888;5999/1:3756.2238;5999/1:3753.2241;5990/10:3750.2235;5999/1:3737.2257;5999/1:3734.2260;5990/10:3731.2254;5984/16:3728.2251;5999/1:3715.2279;5999/1:3712.2282;5990/10:3709.2276;5999/1:3696.2298;5999/1:3693.2301;5990/10:3690.2295;5984/16:3687.2292;5999/1:3677.2317;5999/1:3674.2320;5990/10:3671.2314;5946/54:3668.2273;5999/1:3655.2339;5999/1:3652.2342;5990/10:3649.2336;5999/1:3636.2358;5999/1:3633.2361;5990/10:3630.2355;5984/16:3627.2352;5999/1:3614.2380;5999/1:3611.2383;5990/10:3608.2377;5999/1:3595.2399;5999/1:3592.2402;5990/10:3589.2396;5984/16:3586.2393;5999/1:3576.2418;5999/1:3573.2421;5990/10:3570.2415;5946/54:3567.2374;5999/1:3554.2440;5999/1:3551.2443;5990/10:3548.2437;5984/16:3545.2434;5999/1:3535.2459;5999/1:3532.2462;5990/10:3529.2456;5984/16:3526.2453;5999/1:3513.2481;5999/1:3510.2484;5990/10:3507.2478;5999/1:3494.2500;5999/1:3491.2503;5990/10:3488.2497;5984/16:3485.2494;5999/1:3475.2519;5999/1:3472.2522;5990/10:3469.2516;5946/54:3466.2475;5999/1:3453.2541;5999/1:3450.2544;5990/10:3447.2538;5984/16:3444.2535;5999/1:3434.2560;5999/1:3431.2563;5990/10:3428.2557;5984/16:3425.2554;5999/1:3412.2582;5999/1:3409.2585;5990/10:3406.2579;5999/1:3393.2601;5999/1:3390.2604;5990/10:3387.2598;5984/16:3384.2595;5999/1:3374.2620;5999/1:3371.2623;5990/10:3368.2617;5946/54:3365.2576;5999/1:3352.2642;5999/1:3349.2645;5990/10:3346.2639;5984/16:3343.2636;5999/1:3333.2661;5999/1:3330.2664;5990/10:3327.2658;5662/338:3324.2333;5999/1:3311.2683;5999/1:3308.2686;5990/10:3305.2680;5999/1:3292.2702;5999/1:3289.2705;5990/10:3286.2699;5984/16:3283.2696;5999/1:3273.2721;5999/1:3270.2724;5990/10:3267.2718;5946/54:3264.2677;5999/1:3251.2743;5999/1:3248.2746;5990/10:3245.2740;5984/16:3242.2737;5999/1:3232.2762;5999/1:3229.2765;5990/10:3226.2759;5460/540:3223.2232;5999/1:3210.2784;5999/1:3207.2787;5990/10:3204.2781;5999/1:3191.2803;5999/1:3188.2806;5990/10:3185.2800;5984/16:3182.2797;5999/1:3169.2825;5999/1:3166.2828;5990/10:3163.2822;5999/1:3150.2844;5999/1:3147.2847;5990/10:3144.2841;5984/16:3141.2838;5999/1:3131.2863;5999/1:3128.2866;5990/10:3125.2860;5946/54:3122.2819;5999/1:3109.2885;5999/1:3106.2888;5990/10:3103.2882;5999/1:3090.2904;5999/1:3087.2907;5990/10:3084.2901;5984/16:3081.2898;5999/1:3068.2926;5999/1:3065.2929;5990/10:3062.2923;5999/1:3049.2945;5999/1:3046.2948;5990/10:3043.2942;5984/16:3040.2939;5999/1:3030.2964;5999/1:3027.2967;5990/10:3024.2961;5946/54:3021.2920;5999/1:3008.2986;5999/1:3005.2989;5990/10:3002.2983;5984/16:2999.2980;5662/338:2879.2778;2588/3412:1787.796
PACK|1000|991|4000|687|5697/-1697:5697;5694/-1694:5694;5691/-1691:5691;5678/-1678:5678;5675/-1675:5675;5672/-1672:5672;5669/-1669:5669;5659/-1659:5659;5656/-1656:5656;5653/-1653:5653;5650/-1650:5650;5637/-1637:5637;5634/-1634:5634;5631/-1631:5631;5618/-1618:5618;5615/-1615:5615;5612/-1612:5612;5609/-1609:5609;5596/-1596:5596;5593/-1593:5593;5590/-1590:5590;5577/-1577:5577;5574/-1574:5574;5571/-1571:5571;5568/-1568:5568;5558/-1558:5558;5555/-1555:5555;5552/-1552:5552;5549/-1549:5549;5536/-1536:5536;5533/-1533:5533;5530/-1530:5530;5527/-1527:5527;5517/-1517:5517;5514/-1514:5514;5511/-1511:5511;5508/-1508:5508;5495/-1495:5495;5492/-1492:5492;5489/-1489:5489;5476/-1476:5476;5473/-1473:5473;5470/-1470:5470;5467/-1467:5467;5457/-1457:5457;5454/-1454:5454;5451/-1451:5451;5448/-1448:5448;5435/-1435:5435;5432/-1432:5432;5429/-1429:5429;5426/-1426:5426;5416/-1416:5416;5413/-1413:5413;5410/-1410:5410;5407/-1407:5407;5394/-1394:5394;5391/-1391:5391;5388/-1388:5388;5375/-1375:5375;5372/-1372:5372;5369/-1369:5369;5366/-1366:5366;5356/-1356:5356;5353/-1353:5353;5350/-1350:5350;5347/-1347:5347;5334/-1334:5334;5331/-1331:5331;5328/-1328:5328;5325/-1325:5325;5315/-1315:5315;5312/-1312:5312;5309/-1309:5309;5306/-1306:5306;5293/-1293:5293;5290/-1290:5290;5287/-1287:5287;5274/-1274:5274;5271/-1271:5271;5268/-1268:5268;5265/-1265:5265;5255/-1255:5255;5252/-1252:5252;5249/-1249:5249;5246/-1246:5246;5233/-1233:5233;5230/-1230:5230;5227/-1227:5227;5224/-1224:5224;5214/-1214:5214;5211/-1211:5211;5208/-1208:5208;5205/-1205:5205;5192/-1192:5192;5189/-1189:5189;5186/-1186:5186;5173/-1173:5173;5170/-1170:5170;5167/-1167:5167;5164/-1164:5164;5151/-1151:5151;5148/-1148:5148;5145/-1145:5145;5132/-1132:5132;5129/-1129:5129;5126/-1126:5126;5123/-1123:5123;5113/-1113:5113;5110/-1110:5110;5107/-1107:5107;5104/-1104:5104;5091/-1091:5091;5088/-1088:5088;5085/-1085:5085;5072/-1072:5072;5069/-1069:5069;5066/-1066:5066;5063/-1063:5063;5050/-1050:5050;5047/-1047:5047;5044/-1044:5044;5031/-1031:5031;5028/-1028:5028;5025/-1025:5025;5022/-1022:5022;5012/-1012:5012;5009/-1009:5009;5006/-1006:5006;5003/-1003:5003;4990/-990:4990;4987/-987:4987;4984/-984:4984;4981/-981:4981;4971/-971:4971;4968/-968:4968;4965/-965:4965;4962/-962:4962;4949/-949:4949;4946/-946:4946;4943/-943:4943;4930/-930:4930;4927/-927:4927;4924/-924:4924;4921/-921:4921;4911/-911:4911;4908/-908:4908;4905/-905:4905;4902/-902:4902;4889/-889:4889;4886/-886:4886;4883/-883:4883;4880/-880:4880;4870/-870:4870;4867/-867:4867;4864/-864:4864;4861/-861:4861;4848/-848:4848;4845/-845:4845;4842/-842:4842;4829/-829:4829;4826/-826:4826;4823/-823:4823;4820/-820:4820;4810/-810:4810;4807/-807:4807;4804/-804:4804;4801/-801:4801;4788/-788:4788;4785/-785:4785;4782/-782:4782;4779/-779:4779;4769/-769:4769;4766/-766:4766;4763/-763:4763;4760/-760:4760;4747/-747:4747;4744/-744:4744;4741/-741:4741;4728/-728:4728;4725/-725:4725;4722/-722:4722;4719/-719:4719;4706/-706:4706;4703/-703:4703;4700/-700:4700;4687/-687:4687;4684/-684:4684;4681/-681:4681;4678/-678:4678;4668/-668:4668;4665/-665:4665;4662/-662:4662;4659/-659:4659;4646/-646:4646;4643/-643:4643;4640/-640:4640;4627/-627:4627;4624/-624:4624;4621/-621:4621;4618/-618:4618;4605/-605:4605;4602/-602:4602;4599/-599:4599;4586/-586:4586;4583/-583:4583;4580/-580:4580;4577/-577:4577;4567/-567:4567;4564/-564:4564;4561/-561:4561;4558/-558:4558;4545/-545:4545;4542/-542:4542;4539/-539:4539;4536/-536:4536;4526/-526:4526;4523/-523:4523;4520/-520:4520;4517/-517:4517;4504/-504:4504;4501/-501:4501;4498/-498:4498;4485/-485:4485;4482/-482:4482;4479/-479:4479;4476/-476:4476;4466/-466:4466;4463/-463:4463;4460/-460:4460;4457/-457:4457;4444/-444:4444;4441/-441:4441;4438/-438:4438;4435/-435:4435;4425/-425:4425;4422/-422:4422;4419/-419:4419;4416/-416:4416;4403/-403:4403;4400/-400:4400;4397/-397:4397;4384/-384:4384;4381/-381:4381;4378/-378:4378;4375/-375:4375;4365/-365:4365;4362/-362:4362;4359/-359:4359;4356/-356:4356;4343/-343:4343;4340/-340:4340;4337/-337:4337;4334/-334:4334;4324/-324:4324;4321/-321:4321;4318/-318:4318;4315/-315:4315;4302/-302:4302;4299/-299:4299;4296/-296:4296;4283/-283:4283;4280/-280:4280;4277/-277:4277;4274/-274:4274;4264/-264:4264;4261/-261:4261;4258/-258:4258;4255/-255:4255;4242/-242:4242;4239/-239:4239;4236/-236:4236;4233/-233:4233;4223/-223:4223;4220/-220:4220;4217/-217:4217;4214/-214:4214;4201/-201:4201;4198/-198:4198;4195/-195:4195;4182/-182:4182;4179/-179:4179;4176/-176:4176;4173/-173:4173;4160/-160:4160;4157/-157:4157;4154/-154:4154;4141/-141:4141;4138/-138:4138;4135/-135:4135;4132/-132:4132;4122/-122:4122;4119/-119:4119;4116/-116:4116;4113/-113:4113;4100/-100:4100;4097/-97:4097;4094/-94:4094;4081/-81:4081;4078/-78:4078;4075/-75:4075;4072/-72:4072;4059/-59:4059;4056/-56:4056;4053/-53:4053;4040/-40:4040;4037/-37:4037;4034/-34:4034;4031/-31:4031;4021/-21:4021;4018/-18:4018;4015/-15:4015;4012/-12:4012;3999/1:3999;3996/4:3996;3993/7:3993;3990/10:3990;3980/20:3980;3977/23:3977;3974/26:3974;3971/29:3971;3958/42:3958;3955/45:3955;3952/48:3952;3939/61:3939;3936/64:3936;3933/67:3933;3930/70:3930;3920/80:3920;3917/83:3917;3914/86:3914;3911/89:3911;3898/102:3898;3895/105:3895;3892/108:3892;3889/111:3889;3879/121:3879;3876/124:3876;3873/127:3873;3870/130:3870;3857/143:3857;3854/146:3854;3851/149:3851;3838/162:3838;3835/165:3835;3832/168:3832;3829/171:3829;3819/181:3819;3816/184:3816;3813/187:3813;3810/190:3810;3797/203:3797;3794/206:3794;3791/209:3791;3788/212:3788;3778/222:3778;3775/225:3775;3772/228:3772;3769/231:3769;3756/244:3756;3753/247:3753;3750/250:3750;3737/263:3737;3734/266:3734;3731/269:3731;3728/272:3728;3715/285:3715;3712/288:3712;3709/291:3709;3696/304:3696;3998/2:3693.300;3690/310:3690;3687/313:3687;3998/2:3677.316;3998/2:3674.319;3989/11:3671.313;3983/17:3668.310;3998/2:3655.338;3992/8:3652.335;3986/14:3649.332;3998/2:3636.357;3998/2:3633.360;3989/11:3630.354;3983/17:3627.351;3998/2:3614.379;3992/8:3611.376;3986/14:3608.373;3998/2:3595.398;3998/2:3592.401;3989/11:3589.395;3983/17:3586.392;3998/2:3576.417;3998/2:3573.420;3989/11:3570.414;3983/17:3567.411;3998/2:3554.439;3992/8:3551.436;3986/14:3548.433;3920/80:3545.370;3998/2:3535.458;3998/2:3532.461;3989/11:3529.455;3983/17:3526.452;3998/2:3513.480;3992/8:3510.477;3986/14:3507.474;3998/2:3494.499;3998/2:3491.502;3989/11:3488.496;3983/17:3485.493;3998/2:3475.518;3998/2:3472.521;3989/11:3469.515;3983/17:3466.512;3998/2:3453.540;3992/8:3450.537;3986/14:3447.534;3920/80:3444.471;3998/2:3434.559;3998/2:3431.562;3989/11:3428.556;3983/17:3425.553;3998/2:3412.581;3992/8:3409.578;3986/14:3406.575;3998/2:3393.600;3998/2:3390.603;3989/11:3387.597;3983/17:3384.594;3998/2:3374.619;3998/2:3371.622;3989/11:3368.616;3983/17:3365.613;3998/2:3352.641;3992/8:3349.638;3986/14:3346.635;3920/80:3343.572;3998/2:3333.660;3998/2:3330.663;3989/11:3327.657;3983/17:3324.654;3998/2:3311.682;3992/8:3308.679;3986/14:3305.676;3998/2:3292.701;3998/2:3289.704;3989/11:3286.698;3983/17:3283.695;3998/2:3273.720;3998/2:3270.723;3989/11:3267.717;3983/17:3264.714;3998/2:3251.742;3992/8:3248.739;3986/14:3245.736;3242/758:3242;3998/2:3232.761;3998/2:3229.764;3989/11:3226.758;3983/17:3223.755;3998/2:3210.783;3992/8:3207.780;3986/14:3204.777;3998/2:3191.802;3998/2:3188.805;3989/11:3185.799;3983/17:3182.796;3998/2:3169.824;3992/8:3166.821;3986/14:3163.818;3998/2:3150.843;3998/2:3147.846;3989/11:3144.840;3983/17:3141.837;3998/2:3131.862;3998/2:3128.865;3989/11:3125.859;3983/17:3122.856;3998/2:3109.884;3992/8:3106.881;3986/14:3103.878;3998/2:3090.903;3998/2:3087.906;3989/11:3084.900;3983/17:3081.897;3998/2:3068.925;3992/8:3065.922;3986/14:3062.919;3998/2:3049.944;3998/2:3046.947;3989/11:3043.941;3983/17:3040.938;3998/2:3030.963;3998/2:3027.966;3989/11:3024.960;3983/17:3021.957;3998/2:3008.985;3992/8:3005.982;3986/14:3002.979;3920/80:2999.916;3998/2:2989.1004;3998/2:2986.1007;3989/11:2983.1001;3983/17:2980.998;3998/2:2967.1026;3992/8:2964.1023;3986/14:2961.1020;3998/2:2948.1045;3998/2:2945.1048;3989/11:2942.1042;3983/17:2939.1039;3998/2:2929.1064;3998/2:2926.1067;3989/11:2923.1061;3983/17:2920.1058;3998/2:2907.1086;3992/8:2904.1083;3986/14:2901.1080;3920/80:2898.1017;3998/2:2888.1105;3998/2:2885.1108;3989/11:2882.1102;3983/17:2879.1099;3998/2:2866.1127;3992/8:2863.1124;3986/14:2860.1121;3998/2:2847.1146;3998/2:2844.1149;3989/11:2841.1143;3983/17:2838.1140;3998/2:2828.1165;3998/2:2825.1168;3989/11:2822.1162;3983/17:2819.1159;3998/2:2806.1187;3992/8:2803.1184;3986/14:2800.1181;3920/80:2797.1118;3998/2:2787.1206;3998/2:2784.1209;3989/11:2781.1203;3983/17:2778.1200;3998/2:2765.1228;3992/8:2762.1225;3986/14:2759.1222;3998/2:2746.1247;3998/2:2743.1250;3989/11:2740.1244;3983/17:2737.1241;3998/2:2724.1269;3992/8:2721.1266;3986/14:2718.1263;3998/2:2705.1288;3998/2:2702.1291;3989/11:2699.1285;3983/17:2696.1282;3998/2:2686.1307;3998/2:2683.1310;3989/11:2680.1304;3983/17:2677.1301;3998/2:2664.1329;3992/8:2661.1326;3986/14:2658.1323;3998/2:2645.1348;3998/2:2642.1351;3989/11:2639.1345;3983/17:2636.1342;3998/2:2623.1370;3992/8:2620.1367;3986/14:2617.1364;3998/2:2604.1389;3998/2:2601.1392;3989/11:2598.1386;3983/17:2595.1383;3998/2:2585.1408;3998/2:2582.1411;3989/11:2579.1405;3983/17:2576.1402;3998/2:2563.1430;3992/8:2560.1427;3986/14:2557.1424;3920/80:2554.1361;3998/2:2544.1449;3998/2:2541.1452;3989/11:2538.1446;3983/17:2535.1443;3998/2:2522.1471;3992/8:2519.1468;3986/14:2516.1465;3998/2:2503.1490;3998/2:2500.1493;3989/11:2497.1487;3983/17:2494.1484;3998/2:2484.1509;3998/2:2481.1512;3989/11:2478.1506;3983/17:2475.1503;3998/2:2462.1531;3992/8:2459.1528;3986/14:2456.1525;3920/80:2453.1462;3998/2:2443.1550;3998/2:2440.1553;3989/11:2437.1547;3983/17:2434.1544;3998/2:2421.1572;3992/8:2418.1569;3986/14:2415.1566;3998/2:2402.1591;3998/2:2399.1594;3989/11:2396.1588;3983/17:2393.1585;3998/2:2383.1610;3998/2:2380.1613;3989/11:2377.1607;3983/17:2374.1604;3998/2:2361.1632;3992/8:2358.1629;3986/14:2355.1626;3920/80:2352.1563;3998/2:2342.1651;3998/2:2339.1654;3989/11:2336.1648;3983/17:2333.1645;3998/2:2320.1673;3992/8:2317.1670;3986/14:2314.1667;3998/2:2301.1692;3998/2:2298.1695;3989/11:2295.1689;3983/17:2292.1686;3998/2:2282.1711;3998/2:2279.1714;3989/11:2276.1708;3983/17:2273.1705;3998/2:2260.1733;3992/8:2257.1730;3986/14:2254.1727;3516/484:2251.1260;3998/2:2241.1752;3998/2:2238.1755;3989/11:2235.1749;3983/17:2232.1746;3998/2:2219.1774;3992/8:2216.1771;3986/14:2213.1768;3998/2:2200.1793;3998/2:2197.1796;3989/11:2194.1790;3983/17:2191.1787;3998/2:2178.1815;3992/8:2175.1812;3986/14:2172.1809;3998/2:2159.1834;3998/2:2156.1837;3989/11:2153.1831;3983/17:2150.1828;3998/2:2140.1853;3998/2:2137.1856;3989/11:2134.1850;3983/17:2131.1847;3998/2:2118.1875;3992/8:2115.1872;3986/14:2112.1869;3920/80:2109.1806;3998/2:2099.1894;3998/2:2096.1897;3989/11:2093.1891;3983/17:2090.1888;3998/2:2077.1916;3992/8:2074.1913;3986/14:2071.1910;3998/2:2058.1935;3998/2:2055.1938;3989/11:2052.1932;3983/17:2049.1929;3998/2:2039.1954;3998/2:2036.1957;3989/11:2033.1951;3983/17:2030.1948;3998/2:2017.1976;3992/8:2014.1973;3986/14:2011.1970;3920/80:2008.1907;3998/2:1998.1995;3986/14:1992.1989;815/3185:815
PACK|1000|7|5800|445|5697/103:5697;5690/110:5690;5683/117:5683;5676/124:5676;5669/131:5669;5662/138:5662;5655/145:5655;5648/152:5648;5641/159:5641;5634/166:5634;5627/173:5627;5620/180:5620;5613/187:5613;5606/194:5606;5599/201:5599;5592/208:5592;5585/215:5585;5578/222:5578;5571/229:5571;5564/236:5564;5557/243:5557;5550/250:5550;5543/257:5543;5536/264:5536;5529/271:5529;5522/278:5522;5515/285:5515;5508/292:5508;5501/299:5501;5799/1:5494.300;5799/1:5487.307;5799/1:5480.314;5799/1:5473.321;5799/1:5466.328;5799/1:5459.335;5799/1:5452.342;5799/1:5445.349;5799/1:5438.356;5799/1:5431.363;5799/1:5424.370;5799/1:5417.377;5799/1:5410.384;5799/1:5403.391;5799/1:5396.398;5799/1:5389.405;5799/1:5382.412;5799/1:5375.419;5799/1:5368.426;5799/1:5361.433;5799/1:5354.440;5799/1:5347.447;5799/1:5340.454;5799/1:5333.461;5799/1:5326.468;5799/1:5319.475;5799/1:5312.482;5799/1:5305.489;5799/1:5298.496;5799/1:5291.503;5799/1:5284.510;5799/1:5277.517;5799/1:5270.524;5799/1:5263.531;5799/1:5256.538;5799/1:5249.545;5799/1:5242.552;5799/1:5235.559;5799/1:5228.566;5799/1:5221.573;5799/1:5214.580;5799/1:5207.587;5799/1:5200.594;5799/1:5193.601;5799/1:5186.608;5799/1:5179.615;5799/1:5172.622;5799/1:5165.629;5799/1:5158.636;5799/1:5151.643;5799/1:5144.650;5799/1:5137.657;5799/1:5130.664;5799/1:5123.671;5799/1:5116.678;5799/1:5109.685;5799/1:5102.692;5799/1:5095.699;5799/1:5088.706;5799/1:5081.713;5799/1:5074.720;5799/1:5067.727;5799/1:5060.734;5799/1:5053.741;5799/1:5046.748;5799/1:5039.755;5799/1:5032.762;5799/1:5025.769;5799/1:5018.776;5799/1:5011.783;5799/1:5004.790;5799/1:4997.797;5799/1:4990.804;5799/1:4983.811;5799/1:4976.818;5799/1:4969.825;5799/1:4962.832;5799/1:4955.839;5799/1:4948.846;5799/1:4941.853;5799/1:4934.860;5799/1:4927.867;5799/1:4920.874;5799/1:4913.881;5799/1:4906.888;5799/1:4899.895;5799/1:4892.902;5799/1:4885.909;5799/1:4878.916;5799/1:4871.923;5799/1:4864.930;5799/1:4857.937;5799/1:4850.944;5799/1:4843.951;5799/1:4836.958;5799/1:4829.965;5799/1:4822.972;5799/1:4815.979;5799/1:4808.986;5799/1:4801.993;5799/1:4794.1000;5799/1:4787.1007;5799/1:4780.1014;5799/1:4773.1021;5799/1:4766.1028;5799/1:4759.1035;5799/1:4752.1042;5799/1:4745.1049;5799/1:4738.1056;5799/1:4731.1063;5799/1:4724.1070;5799/1:4717.1077;5799/1:4710.1084;5799/1:4703.1091;5799/1:4696.1098;5799/1:4689.1105;5799/1:4682.1112;5799/1:4675.1119;5799/1:4668.1126;5799/1:4661.1133;5799/1:4654.1140;5799/1:4647.1147;5799/1:4640.1154;5799/1:4633.1161;5799/1:4626.1168;5799/1:4619.1175;5799/1:4612.1182;5799/1:4605.1189;5799/1:4598.1196;5799/1:4591.1203;5799/1:4584.1210;5799/1:4577.1217;5799/1:4570.1224;5799/1:4563.1231;5799/1:4556.1238;5799/1:4549.1245;5799/1:4542.1252;5799/1:4535.1259;5799/1:4528.1266;5799/1:4521.1273;5799/1:4514.1280;5799/1:4507.1287;5799/1:4500.1294;5799/1:4493.1301;5799/1:4486.1308;5799/1:4479.1315;5799/1:4472.1322;5799/1:4465.1329;5799/1:4458.1336;5799/1:4451.1343;5799/1:4444.1350;5799/1:4437.1357;5799/1:4430.1364;5799/1:4423.1371;5799/1:4416.1378;5799/1:4409.1385;5799/1:4402.1392;5799/1:4395.1399;5799/1:4388.1406;5799/1:4381.1413;5799/1:4374.1420;5799/1:4367.1427;5799/1:4360.1434;5799/1:4353.1441;5799/1:4346.1448;5799/1:4339.1455;5799/1:4332.1462;5799/1:4325.1469;5799/1:4318.1476;5799/1:4311.1483;5799/1:4304.1490;5799/1:4297.1497;5799/1:4290.1504;5799/1:4283.1511;5799/1:4276.1518;5799/1:4269.1525;5799/1:4262.1532;5799/1:4255.1539;5799/1:4248.1546;5799/1:4241.1553;5799/1:4234.1560;5799/1:4227.1567;5799/1:4220.1574;5799/1:4213.1581;5799/1:4206.1588;5799/1:4199.1595;5799/1:4192.1602;5799/1:4185.1609;5799/1:4178.1616;5799/1:4171.1623;5799/1:4164.1630;5799/1:4157.1637;5799/1:4150.1644;5799/1:4143.1651;5799/1:4136.1658;5799/1:4129.1665;5799/1:4122.1672;5799/1:4115.1679;5799/1:4108.1686;5799/1:4101.1693;5799/1:4094.1700;5799/1:4087.1707;5799/1:4080.1714;5799/1:4073.1721;5799/1:4066.1728;5799/1:4059.1735;5799/1:4052.1742;5799/1:4045.1749;5799/1:4038.1756;5799/1:4031.1763;5799/1:4024.1770;5799/1:4017.1777;5799/1:4010.1784;5799/1:4003.1791;5799/1:3996.1798;5799/1:3989.1805;5799/1:3982.1812;5799/1:3975.1819;5799/1:3968.1826;5799/1:3961.1833;5799/1:3954.1840;5799/1:3947.1847;5799/1:3940.1854;5799/1:3933.1861;5799/1:3926.1868;5799/1:3919.1875;5799/1:3912.1882;5799/1:3905.1889;5799/1:3898.1896;5799/1:3891.1903;5799/1:3884.1910;5799/1:3877.1917;5799/1:3870.1924;5799/1:3863.1931;5799/1:3856.1938;5799/1:3849.1945;5799/1:3842.1952;5799/1:3835.1959;5799/1:3828.1966;5799/1:3821.1973;5799/1:3814.1980;5799/1:3807.1987;5799/1:3800.1994;5799/1:3793.2001;5799/1:3786.2008;5799/1:3779.2015;5799/1:3772.2022;5799/1:3765.2029;5799/1:3758.2036;5799/1:3751.2043;5799/1:3744.2050;5799/1:3737.2057;5799/1:3730.2064;5799/1:3723.2071;5799/1:3716.2078;5799/1:3709.2085;5799/1:3702.2092;5799/1:3695.2099;5799/1:3688.2106;5799/1:3681.2113;5799/1:3674.2120;5799/1:3667.2127;5799/1:3660.2134;5799/1:3653.2141;5799/1:3646.2148;5799/1:3639.2155;5799/1:3632.2162;5799/1:3625.2169;5799/1:3618.2176;5799/1:3611.2183;5799/1:3604.2190;5799/1:3597.2197;5799/1:3590.2204;5799/1:3583.2211;5799/1:3576.2218;5799/1:3569.2225;5799/1:3562.2232;5799/1:3555.2239;5799/1:3548.2246;5799/1:3541.2253;5799/1:3534.2260;5799/1:3527.2267;5799/1:3520.2274;5799/1:3513.2281;5799/1:3506.2288;5799/1:3499.2295;5799/1:3492.2302;5799/1:3485.2309;5799/1:3478.2316;5799/1:3471.2323;5799/1:3464.2330;5799/1:3457.2337;5799/1:3450.2344;5799/1:3443.2351;5799/1:3436.2358;5799/1:3429.2365;5799/1:3422.2372;5799/1:3415.2379;5799/1:3408.2386;5799/1:3401.2393;5799/1:3394.2400;5799/1:3387.2407;5799/1:3380.2414;5799/1:3373.2421;5799/1:3366.2428;5799/1:3359.2435;5799/1:3352.2442;5799/1:3345.2449;5799/1:3338.2456;5799/1:3331.2463;5799/1:3324.2470;5799/1:3317.2477;5799/1:3310.2484;5799/1:3303.2491;5799/1:3296.2498;5799/1:3289.2505;5799/1:3282.2512;5799/1:3275.2519;5799/1:3268.2526;5799/1:3261.2533;5799/1:3254.2540;5799/1:3247.2547;5799/1:3240.2554;5799/1:3233.2561;5799/1:3226.2568;5799/1:3219.2575;5799/1:3212.2582;5799/1:3205.2589;5799/1:3198.2596;5799/1:3191.2603;5799/1:3184.2610;5799/1:3177.2617;5799/1:3170.2624;5799/1:3163.2631;5799/1:3156.2638;5799/1:3149.2645;5799/1:3142.2652;5799/1:3135.2659;5799/1:3128.2666;5799/1:3121.2673;5799/1:3114.2680;5799/1:3107.2687;5799/1:3100.2694;5799/1:3093.2701;5799/1:3086.2708;5799/1:3079.2715;5799/1:3072.2722;5799/1:3065.2729;5799/1:3058.2736;5799/1:3051.2743;5799/1:3044.2750;5799/1:3037.2757;5799/1:3030.2764;5799/1:3023.2771;5799/1:3016.2778;5799/1:3009.2785;5799/1:3002.2792;5799/1:2995.2799;5799/1:2988.2806;5799/1:2981.2813;5799/1:2974.2820;5799/1:2967.2827;5799/1:2960.2834;5799/1:2953.2841;5799/1:2946.2848;5799/1:2939.2855;5799/1:2932.2862;5799/1:2925.2869;5799/1:2918.2876;5799/1:2911.2883;5799/1:2904.2890;5797/3:2897.1893.997;5647/153:1886.1879.1872;5584/216:1865.1858.1851;5521/279:1844.1837.1830;5795/5:1823.1816.1809.332;5795/5:1802.1795.1788.395;5795/5:1781.1774.1767.458;5795/5:1760.1753.1746.521;5795/5:1739.1732.1725.584;5795/5:1718.1711.1704.647;5795/5:1697.1690.1683.710;5795/5:1676.1669.1662.773;5795/5:1655.1648.1641.836;5795/5:1634.1627.1620.899;5795/5:1613.1606.1599.962;5795/5:1592.1585.1578.1025;5795/5:1571.1564.1557.1088;5795/5:1550.1543.1536.1151;5795/5:1529.1522.1515.1214;5795/5:1508.1501.1494.1277;5795/5:1487.1480.1473.1340;5795/5:1466.1459.1452.1403;5753/47:1445.1438.1431.1424;5627/173:1417.1410.1396.1389;5501/299:1382.1375.1368.1361;5796/4:1354.1347.1333.1326.416;5796/4:1319.1312.1305.1298.542;5796/4:1291.1284.1270.1263.668;5796/4:1256.1249.1242.1235.794;5796/4:1228.1221.1207.1200.920;5796/4:1193.1186.1179.1172.1046;5754/46:1165.1158.1144.1137.1130;5565/235:1123.1116.1109.1102.1095;5797/3:1081.1074.1067.1060.1053.437;5790/10:1039.1032.1018.1011.1004.661;5790/10:990.983.976.969.955.892;5594/206:948.941.934.927.913.906;5798/2:885.878.871.864.857.850.563;5735/65:843.829.822.815.808.801.787;5799/1:780.766.759.752.745.738.731.493;5575/225:724.717.703.696.689.682.675.654;5541/259:640.633.626.619.612.605.598.591.577;5746/54:570.556.549.535.528.514.507.500.486.479.472;5658/142:465.451.444.430.423.409.402.388.381.374.367.360.353.346;1617/4183:339.325.318.311.304
PACK|1000|7|6000|429|5697/303:5697;5999/1:5690.304;5999/1:5683.311;5999/1:5676.318;5999/1:5669.325;5999/1:5662.332;5999/1:5655.339;5999/1:5648.346;5999/1:5641.353;5999/1:5634.360;5999/1:5627.367;5999/1:5620.374;5999/1:5613.381;5999/1:5606.388;5999/1:5599.395;5999/1:5592.402;5999/1:5585.409;5999/1:5578.416;5999/1:5571.423;5999/1:5564.430;5999/1:5557.437;5999/1:5550.444;5999/1:5543.451;5999/1:5536.458;5999/1:5529.465;5999/1:5522.472;5999/1:5515.479;5999/1:5508.486;5999/1:5501.493;5999/1:5494.500;5999/1:5487.507;5999/1:5480.514;5999/1:5473.521;5999/1:5466.528;5999/1:5459.535;5999/1:5452.542;5999/1:5445.549;5999/1:5438.556;5999/1:5431.563;5999/1:5424.570;5999/1:5417.577;5999/1:5410.584;5999/1:5403.591;5999/1:5396.598;5999/1:5389.605;5999/1:5382.612;5999/1:5375.619;5999/1:5368.626;5999/1:5361.633;5999/1:5354.640;5999/1:5347.647;5999/1:5340.654;5999/1:5333.661;5999/1:5326.668;5999/1:5319.675;5999/1:5312.682;5999/1:5305.689;5999/1:5298.696;5999/1:5291.703;5999/1:5284.710;5999/1:5277.717;5999/1:5270.724;5999/1:5263.731;5999/1:5256.738;5999/1:5249.745;5999/1:5242.752;5999/1:5235.759;5999/1:5228.766;5999/1:5221.773;5999/1:5214.780;5999/1:5207.787;5999/1:5200.794;5999/1:5193.801;5999/1:5186.808;5999/1:5179.815;5999/1:5172.822;5999/1:5165.829;5999/1:5158.836;5999/1:5151.843;5999/1:5144.850;5999/1:5137.857;5999/1:5130.864;5999/1:5123.871;5999/1:5116.878;5999/1:5109.885;5999/1:5102.892;5999/1:5095.899;5999/1:5088.906;5999/1:5081.913;5999/1:5074.920;5999/1:5067.927;5999/1:5060.934;5999/1:5053.941;5999/1:5046.948;5999/1:5039.955;5999/1:5032.962;5999/1:5025.969;5999/1:5018.976;5999/1:5011.983;5999/1:5004.990;5999/1:4997.997;5999/1:4990.1004;5999/1:4983.1011;5999/1:4976.1018;5999/1:4969.1025;5999/1:4962.1032;5999/1:4955.1039;5999/1:4948.1046;5999/1:4941.1053;5999/1:4934.1060;5999/1:4927.1067;5999/1:4920.1074;5999/1:4913.1081;5999/1:4906.1088;5999/1:4899.1095;5999/1:4892.1102;5999/1:4885.1109;5999/1:4878.1116;5999/1:4871.1123;5999/1:4864.1130;5999/1:4857.1137;5999/1:4850.1144;5999/1:4843.1151;5999/1:4836.1158;5999/1:4829.1165;5999/1:4822.1172;5999/1:4815.1179;5999/1:4808.1186;5999/1:4801.1193;5999/1:4794.1200;5999/1:4787.1207;5999/1:4780.1214;5999/1:4773.1221;5999/1:4766.1228;5999/1:4759.1235;5999/1:4752.1242;5999/1:4745.1249;5999/1:4738.1256;5999/1:4731.1263;5999/1:4724.1270;5999/1:4717.1277;5999/1:4710.1284;5999/1:4703.1291;5999/1:4696.1298;5999/1:4689.1305;5999/1:4682.1312;5999/1:4675.1319;5999/1:4668.1326;5999/1:4661.1333;5999/1:4654.1340;5999/1:4647.1347;5999/1:4640.1354;5999/1:4633.1361;5999/1:4626.1368;5999/1:4619.1375;5999/1:4612.1382;5999/1:4605.1389;5999/1:4598.1396;5999/1:4591.1403;5999/1:4584.1410;5999/1:4577.1417;5999/1:4570.1424;5999/1:4563.1431;5999/1:4556.1438;5999/1:4549.1445;5999/1:4542.1452;5999/1:4535.1459;5999/1:4528.1466;5999/1:4521.1473;5999/1:4514.1480;5999/1:4507.1487;5999/1:4500.1494;5999/1:4493.1501;5999/1:4486.1508;5999/1:4479.1515;5999/1:4472.1522;5999/1:4465.1529;5999/1:4458.1536;5999/1:4451.1543;5999/1:4444.1550;5999/1:4437.1557;5999/1:4430.1564;5999/1:4423.1571;5999/1:4416.1578;5999/1:4409.1585;5999/1:4402.1592;5999/1:4395.1599;5999/1:4388.1606;5999/1:4381.1613;5999/1:4374.1620;5999/1:4367.1627;5999/1:4360.1634;5999/1:4353.1641;5999/1:4346.1648;5999/1:4339.1655;5999/1:4332.1662;5999/1:4325.1669;5999/1:4318.1676;5999/1:4311.1683;5999/1:4304.1690;5999/1:4297.1697;5999/1:4290.1704;5999/1:4283.1711;5999/1:4276.1718;5999/1:4269.1725;5999/1:4262.1732;5999/1:4255.1739;5999/1:4248.1746;5999/1:4241.1753;5999/1:4234.1760;5999/1:4227.1767;5999/1:4220.1774;5999/1:4213.1781;5999/1:4206.1788;5999/1:4199.1795;5999/1:4192.1802;5999/1:4185.1809;5999/1:4178.1816;5999/1:4171.1823;5999/1:4164.1830;5999/1:4157.1837;5999/1:4150.1844;5999/1:4143.1851;5999/1:4136.1858;5999/1:4129.1865;5999/1:4122.1872;5999/1:4115.1879;5999/1:4108.1886;5999/1:4101.1893;5995/5:4094.1896;5995/5:4087.1903;5995/5:4080.1910;5995/5:4073.1917;5995/5:4066.1924;5995/5:4059.1931;5995/5:4052.1938;5995/5:4045.1945;5995/5:4038.1952;5995/5:4031.1959;5995/5:4024.1966;5995/5:4017.1973;5995/5:4010.1980;5995/5:4003.1987;5995/5:3996.1994;5995/5:3989.2001;5995/5:3982.2008;5995/5:3975.2015;5995/5:3968.2022;5995/5:3961.2029;5995/5:3954.2036;5995/5:3947.2043;5995/5:3940.2050;5995/5:3933.2057;5995/5:3926.2064;5995/5:3919.2071;5995/5:3912.2078;5995/5:3905.2085;5995/5:3898.2092;5995/5:3891.2099;5995/5:3884.2106;5995/5:3877.2113;5995/5:3870.2120;5995/5:3863.2127;5995/5:3856.2134;5995/5:3849.2141;5995/5:3842.2148;5995/5:3835.2155;5995/5:3828.2162;5995/5:3821.2169;5995/5:3814.2176;5995/5:3807.2183;5995/5:3800.2190;5995/5:3793.2197;5995/5:3786.2204;5995/5:3779.2211;5995/5:3772.2218;5995/5:3765.2225;5995/5:3758.2232;5995/5:3751.2239;5995/5:3744.2246;5995/5:3737.2253;5995/5:3730.2260;5995/5:3723.2267;5995/5:3716.2274;5995/5:3709.2281;5995/5:3702.2288;5995/5:3695.2295;5995/5:3688.2302;5995/5:3681.2309;5995/5:3674.2316;5995/5:3667.2323;5995/5:3660.2330;5995/5:3653.2337;5995/5:3646.2344;5995/5:3639.2351;5995/5:3632.2358;5995/5:3625.2365;5995/5:3618.2372;5995/5:3611.2379;5995/5:3604.2386;5995/5:3597.2393;5995/5:3590.2400;5995/5:3583.2407;5995/5:3576.2414;5995/5:3569.2421;5995/5:3562.2428;5995/5:3555.2435;5995/5:3548.2442;5995/5:3541.2449;5995/5:3534.2456;5995/5:3527.2463;5995/5:3520.2470;5995/5:3513.2477;5995/5:3506.2484;5995/5:3499.2491;5995/5:3492.2498;5995/5:3485.2505;5995/5:3478.2512;5995/5:3471.2519;5995/5:3464.2526;5995/5:3457.2533;5995/5:3450.2540;5995/5:3443.2547;5995/5:3436.2554;5995/5:3429.2561;5995/5:3422.2568;5995/5:3415.2575;5995/5:3408.2582;5995/5:3401.2589;5995/5:3394.2596;5995/5:3387.2603;5995/5:3380.2610;5995/5:3373.2617;5995/5:3366.2624;5995/5:3359.2631;5995/5:3352.2638;5995/5:3345.2645;5995/5:3338.2652;5995/5:3331.2659;5995/5:3324.2666;5995/5:3317.2673;5995/5:3310.2680;5995/5:3303.2687;5995/5:3296.2694;5995/5:3289.2701;5995/5:3282.2708;5995/5:3275.2715;5995/5:3268.2722;5995/5:3261.2729;5995/5:3254.2736;5995/5:3247.2743;5995/5:3240.2750;5995/5:3233.2757;5995/5:3226.2764;5995/5:3219.2771;5995/5:3212.2778;5995/5:3205.2785;5995/5:3198.2792;5995/5:3191.2799;5995/5:3184.2806;5995/5:3177.2813;5995/5:3170.2820;5995/5:3163.2827;5995/5:3156.2834;5995/5:3149.2841;5995/5:3142.2848;5995/5:3135.2855;5995/5:3128.2862;5995/5:3121.2869;5995/5:3114.2876;5995/5:3107.2883;5995/5:3100.2890;5995/5:3093.2897;5995/5:3086.2904;5995/5:3079.2911;5995/5:3072.2918;5995/5:3065.2925;5995/5:3058.2932;5995/5:3051.2939;5995/5:3044.2946;5995/5:3037.2953;5995/5:3030.2960;5995/5:3023.2967;5995/5:3016.2974;5995/5:3009.2981;5995/5:3002.2988;5999/1:2995.1889.1105;5996/4:1882.1875.1868.356;5996/4:1861.1854.1847.419;5996/4:1840.1833.1826.482;5996/4:1819.1812.1805.545;5996/4:1798.1791.1784.608;5996/4:1777.1770.1763.671;5996/4:1756.1749.1742.734;5996/4:1735.1728.1721.797;5996/4:1714.1707.1700.860;5996/4:1693.1686.1679.923;5996/4:1672.1665.1658.986;5996/4:1651.1644.1637.1049;5996/4:1630.1623.1616.1112;5996/4:1609.1602.1595.1175;5996/4:1588.1581.1574.1238;5996/4:1567.1560.1553.1301;5996/4:1546.1539.1532.1364;5996/4:1525.1518.1511.1427;5989/11:1504.1497.1490.1483;5877/123:1476.1469.1462.1455;5758/242:1448.1441.1434.1420;6000/0:1413.1406.1399.1392.370;6000/0:1385.1378.1371.1357.489;6000/0:1350.1343.1336.1329.622;6000/0:1322.1315.1308.1294.741;6000/0:1287.1280.1273.1266.874;6000/0:1259.1252.1245.1231.993;6000/0:1224.1217.1210.1203.1126;5916/84:1196.1189.1182.1168.1161;5713/287:1154.1147.1140.1133.1119;5997/3:1098.1091.1084.1077.1070.552;5997/3:1063.1056.1042.1035.1028.748;5997/3:1021.1014.1007.1000.979.951;5731/269:972.965.958.944.937.930;5994/6:916.909.902.895.888.881.573;5910/90:867.853.846.839.832.825.818;5998/2:811.804.790.783.776.769.762.468;5732/268:755.727.720.713.706.699.692.685;5813/187:678.664.657.650.643.636.629.615.601;5996/4:594.587.580.566.559.538.531.524.517.510.440;5745/255:503.496.475.461.454.447.433.426.412.405.398.391.384;3381/2619:377.363.349.342.335.328.321.314.307.300
PACK|1000|7|4000|593|5697/-1697:5697;5690/-1690:5690;5683/-1683:5683;5676/-1676:5676;5669/-1669:5669;5662/-1662:5662;5655/-1655:5655;5648/-1648:5648;5641/-1641:5641;5634/-1634:5634;5627/-1627:5627;5620/-1620:5620;5613/-1613:5613;5606/-1606:5606;5599/-1599:5599;5592/-1592:5592;5585/-1585:5585;5578/-1578:5578;5571/-1571:5571;5564/-1564:5564;5557/-1557:5557;5550/-1550:5550;5543/-1543:5543;5536/-1536:5536;5529/-1529:5529;5522/-1522:5522;5515/-1515:5515;5508/-1508:5508;5501/-1501:5501;5494/-1494:5494;5487/-1487:5487;5480/-1480:5480;5473/-1473:5473;5466/-1466:5466;5459/-1459:5459;5452/-1452:5452;5445/-1445:5445;5438/-1438:5438;5431/-1431:5431;5424/-1424:5424;5417/-1417:5417;5410/-1410:5410;5403/-1403:5403;5396/-1396:5396;5389/-1389:5389;5382/-1382:5382;5375/-1375:5375;5368/-1368:5368;5361/-1361:5361;5354/-1354:5354;5347/-1347:5347;5340/-1340:5340;5333/-1333:5333;5326/-1326:5326;5319/-1319:5319;5312/-1312:5312;5305/-1305:5305;5298/-1298:5298;5291/-1291:5291;5284/-1284:5284;5277/-1277:5277;5270/-1270:5270;5263/-1263:5263;5256/-1256:5256;5249/-1249:5249;5242/-1242:5242;5235/-1235:5235;5228/-1228:5228;5221/-1221:5221;5214/-1214:5214;5207/-1207:5207;5200/-1200:5200;5193/-1193:5193;5186/-1186:5186;5179/-1179:5179;5172/-1172:5172;5165/-1165:5165;5158/-1158:5158;5151/-1151:5151;5144/-1144:5144;5137/-1137:5137;5130/-1130:5130;5123/-1123:5123;5116/-1116:5116;5109/-1109:5109;5102/-1102:5102;5095/-1095:5095;5088/-1088:5088;5081/-1081:5081;5074/-1074:5074;5067/-1067:5067;5060/-1060:5060;5053/-1053:5053;5046/-1046:5046;5039/-1039:5039;5032/-1032:5032;5025/-1025:5025;5018/-1018:5018;5011/-1011:5011;5004/-1004:5004;4997/-997:4997;4990/-990:4990;4983/-983:4983;4976/-976:4976;4969/-969:4969;4962/-962:4962;4955/-955:4955;4948/-948:4948;4941/-941:4941;4934/-934:4934;4927/-927:4927;4920/-920:4920;4913/-913:4913;4906/-906:4906;4899/-899:4899;4892/-892:4892;4885/-885:4885;4878/-878:4878;4871/-871:4871;4864/-864:4864;4857/-857:4857;4850/-850:4850;4843/-843:4843;4836/-836:4836;4829/-829:4829;4822/-822:4822;4815/-815:4815;4808/-808:4808;4801/-801:4801;4794/-794:4794;4787/-787:4787;4780/-780:4780;4773/-773:4773;4766/-766:4766;4759/-759:4759;4752/-752:4752;4745/-745:4745;4738/-738:4738;4731/-731:4731;4724/-724:4724;4717/-717:4717;4710/-710:4710;4703/-703:4703;4696/-696:4696;4689/-689:4689;4682/-682:4682;4675/-675:4675;4668/-668:4668;4661/-661:4661;4654/-654:4654;4647/-647:4647;4640/-640:4640;4633/-633:4633;4626/-626:4626;4619/-619:4619;4612/-612:4612;4605/-605:4605;4598/-598:4598;4591/-591:4591;4584/-584:4584;4577/-577:4577;4570/-570:4570;4563/-563:4563;4556/-556:4556;4549/-549:4549;4542/-542:4542;4535/-535:4535;4528/-528:4528;4521/-521:4521;4514/-514:4514;4507/-507:4507;4500/-500:4500;4493/-493:4493;4486/-486:4486;4479/-479:4479;4472/-472:4472;4465/-465:4465;4458/-458:4458;4451/-451:4451;4444/-444:4444;4437/-437:4437;4430/-430:4430;4423/-423:4423;4416/-416:4416;4409/-409:4409;4402/-402:4402;4395/-395:4395;4388/-388:4388;4381/-381:4381;4374/-374:4374;4367/-367:4367;4360/-360:4360;4353/-353:4353;4346/-346:4346;4339/-339:4339;4332/-332:4332;4325/-325:4325;4318/-318:4318;4311/-311:4311;4304/-304:4304;4297/-297:4297;4290/-290:4290;4283/-283:4283;4276/-276:4276;4269/-269:4269;4262/-262:4262;4255/-255:4255;4248/-248:4248;4241/-241:4241;4234/-234:4234;4227/-227:4227;4220/-220:4220;4213/-213:4213;4206/-206:4206;4199/-199:4199;4192/-192:4192;4185/-185:4185;4178/-178:4178;4171/-171:4171;4164/-164:4164;4157/-157:4157;4150/-150:4150;4143/-143:4143;4136/-136:4136;4129/-129:4129;4122/-122:4122;4115/-115:4115;4108/-108:4108;4101/-101:4101;4094/-94:4094;4087/-87:4087;4080/-80:4080;4073/-73:4073;4066/-66:4066;4059/-59:4059;4052/-52:4052;4045/-45:4045;4038/-38:4038;4031/-31:4031;4024/-24:4024;4017/-17:4017;4010/-10:4010;4003/-3:4003;3996/4:3996;3989/11:3989;3982/18:3982;3975/25:3975;3968/32:3968;3961/39:3961;3954/46:3954;3947/53:3947;3940/60:3940;3933/67:3933;3926/74:3926;3919/81:3919;3912/88:3912;3905/95:3905;3898/102:3898;3891/109:3891;3884/116:3884;3877/123:3877;3870/130:3870;3863/137:3863;3856/144:3856;3849/151:3849;3842/158:3842;3835/165:3835;3828/172:3828;3821/179:3821;3814/186:3814;3807/193:3807;3800/200:3800;3793/207:3793;3786/214:3786;3779/221:3779;3772/228:3772;3765/235:3765;3758/242:3758;3751/249:3751;3744/256:3744;3737/263:3737;3730/270:3730;3723/277:3723;3716/284:3716;3709/291:3709;3702/298:3702;4000/0:3695.300;4000/0:3688.307;4000/0:3681.314;4000/0:3674.321;4000/0:3667.328;4000/0:3660.335;4000/0:3653.342;4000/0:3646.349;4000/0:3639.356;4000/0:3632.363;4000/0:3625.370;4000/0:3618.377;4000/0:3611.384;4000/0:3604.391;4000/0:3597.398;4000/0:3590.405;4000/0:3583.412;4000/0:3576.419;4000/0:3569.426;4000/0:3562.433;4000/0:3555.440;4000/0:3548.447;4000/0:3541.454;4000/0:3534.461;4000/0:3527.468;4000/0:3520.475;4000/0:3513.482;4000/0:3506.489;4000/0:3499.496;4000/0:3492.503;4000/0:3485.510;4000/0:3478.517;4000/0:3471.524;4000/0:3464.531;4000/0:3457.538;4000/0:3450.545;4000/0:3443.552;4000/0:3436.559;4000/0:3429.566;4000/0:3422.573;4000/0:3415.580;4000/0:3408.587;4000/0:3401.594;4000/0:3394.601;4000/0:3387.608;4000/0:3380.615;4000/0:3373.622;4000/0:3366.629;4000/0:3359.636;4000/0:3352.643;4000/0:3345.650;4000/0:3338.657;4000/0:3331.664;4000/0:3324.671;4000/0:3317.678;4000/0:3310.685;4000/0:3303.692;4000/0:3296.699;4000/0:3289.706;4000/0:3282.713;4000/0:3275.720;4000/0:3268.727;4000/0:3261.734;4000/0:3254.741;4000/0:3247.748;4000/0:3240.755;4000/0:3233.762;4000/0:3226.769;4000/0:3219.776;4000/0:3212.783;4000/0:3205.790;4000/0:3198.797;4000/0:3191.804;4000/0:3184.811;4000/0:3177.818;4000/0:3170.825;4000/0:3163.832;4000/0:3156.839;4000/0:3149.846;4000/0:3142.853;4000/0:3135.860;4000/0:3128.867;4000/0:3121.874;4000/0:3114.881;4000/0:3107.888;4000/0:3100.895;4000/0:3093.902;4000/0:3086.909;4000/0:3079.916;4000/0:3072.923;4000/0:3065.930;4000/0:3058.937;4000/0:3051.944;4000/0:3044.951;4000/0:3037.958;4000/0:3030.965;4000/0:3023.972;4000/0:3016.979;4000/0:3009.986;4000/0:3002.993;4000/0:2995.1000;4000/0:2988.1007;4000/0:2981.1014;4000/0:2974.1021;4000/0:2967.1028;4000/0:2960.1035;4000/0:2953.1042;4000/0:2946.1049;4000/0:2939.1056;4000/0:2932.1063;4000/0:2925.1070;4000/0:2918.1077;4000/0:2911.1084;4000/0:2904.1091;4000/0:2897.1098;4000/0:2890.1105;4000/0:2883.1112;4000/0:2876.1119;4000/0:2869.1126;4000/0:2862.1133;4000/0:2855.1140;4000/0:2848.1147;4000/0:2841.1154;4000/0:2834.1161;4000/0:2827.1168;4000/0:2820.1175;4000/0:2813.1182;4000/0:2806.1189;4000/0:2799.1196;4000/0:2792.1203;4000/0:2785.1210;4000/0:2778.1217;4000/0:2771.1224;4000/0:2764.1231;4000/0:2757.1238;4000/0:2750.1245;4000/0:2743.1252;4000/0:2736.1259;4000/0:2729.1266;4000/0:2722.1273;4000/0:2715.1280;4000/0:2708.1287;4000/0:2701.1294;4000/0:2694.1301;4000/0:2687.1308;4000/0:2680.1315;4000/0:2673.1322;4000/0:2666.1329;4000/0:2659.1336;4000/0:2652.1343;4000/0:2645.1350;4000/0:2638.1357;4000/0:2631.1364;4000/0:2624.1371;4000/0:2617.1378;4000/0:2610.1385;4000/0:2603.1392;4000/0:2596.1399;4000/0:2589.1406;4000/0:2582.1413;4000/0:2575.1420;4000/0:2568.1427;4000/0:2561.1434;4000/0:2554.1441;4000/0:2547.1448;4000/0:2540.1455;4000/0:2533.1462;4000/0:2526.1469;4000/0:2519.1476;4000/0:2512.1483;4000/0:2505.1490;4000/0:2498.1497;4000/0:2491.1504;4000/0:2484.1511;4000/0:2477.1518;4000/0:2470.1525;4000/0:2463.1532;4000/0:2456.1539;4000/0:2449.1546;4000/0:2442.1553;4000/0:2435.1560;4000/0:2428.1567;4000/0:2421.1574;4000/0:2414.1581;4000/0:2407.1588;4000/0:2400.1595;4000/0:2393.1602;4000/0:2386.1609;4000/0:2379.1616;4000/0:2372.1623;4000/0:2365.1630;4000/0:2358.1637;4000/0:2351.1644;4000/0:2344.1651;4000/0:2337.1658;4000/0:2330.1665;4000/0:2323.1672;4000/0:2316.1679;4000/0:2309.1686;4000/0:2302.1693;4000/0:2295.1700;4000/0:2288.1707;4000/0:2281.1714;4000/0:2274.1721;4000/0:2267.1728;4000/0:2260.1735;4000/0:2253.1742;4000/0:2246.1749;4000/0:2239.1756;4000/0:2232.1763;4000/0:2225.1770;4000/0:2218.1777;4000/0:2211.1784;4000/0:2204.1791;4000/0:2197.1798;4000/0:2190.1805;4000/0:2183.1812;4000/0:2176.1819;4000/0:2169.1826;4000/0:2162.1833;4000/0:2155.1840;4000/0:2148.1847;4000/0:2141.1854;4000/0:2134.1861;4000/0:2127.1868;4000/0:2120.1875;4000/0:2113.1882;4000/0:2106.1889;4000/0:2099.1896;4000/0:2092.1903;4000/0:2085.1910;4000/0:2078.1917;4000/0:2071.1924;4000/0:2064.1931;4000/0:2057.1938;4000/0:2050.1945;4000/0:2043.1952;4000/0:2036.1959;4000/0:2029.1966;4000/0:2022.1973;4000/0:2015.1980;4000/0:2008.1987;4000/0:2001.1994;3784/216:1893.1886;3756/244:1879.1872;3728/272:1865.1858;3700/300:1851.1844;3995/5:1837.1830.318;3995/5:1823.1816.346;3995/5:1809.1802.374;3995/5:1795.1788.402;3995/5:1781.1774.430;3995/5:1767.1760.458;3995/5:1753.1746.486;3995/5:1739.1732.514;3995/5:1725.1718.542;3995/5:1711.1704.570;3995/5:1697.1690.598;3995/5:1683.1676.626;3995/5:1669.1662.654;3995/5:1655.1648.682;3995/5:1641.1634.710;3995/5:1627.1620.738;3995/5:1613.1606.766;3995/5:1599.1592.794;3995/5:1585.1578.822;3995/5:1571.1564.850;3995/5:1557.1550.878;3995/5:1543.1536.906;3995/5:1529.1522.934;3995/5:1515.1508.962;3995/5:1501.1494.990;3995/5:1487.1480.1018;3995/5:1473.1466.1046;3995/5:1459.1452.1074;3995/5:1445.1438.1102;3995/5:1431.1424.1130;3995/5:1417.1410.1158;3995/5:1403.1396.1186;3995/5:1389.1382.1214;3995/5:1375.1368.1242;3995/5:1361.1354.1270;3995/5:1347.1340.1298;3988/12:1333.1326.1319;3918/82:1312.1305.1291;3834/166:1284.1277.1263;3750/250:1256.1249.1235;3996/4:1228.1221.1207.325;3996/4:1200.1193.1179.409;3996/4:1172.1165.1151.493;3996/4:1144.1137.1123.577;3996/4:1116.1109.1095.661;3996/4:1088.1081.1067.745;3996/4:1060.1053.1039.829;3996/4:1032.1025.1011.913;3975/25:1004.997.983.976;3828/172:969.955.948.941;3997/3:927.920.899.892.339;3997/3:885.871.864.857.500;3997/3:843.836.815.808.675;3920/80:801.787.780.773.759;3984/16:752.731.724.717.703.332;3998/2:696.689.668.647.640.633;3999/1:619.612.605.591.584.563.395;3705/295:556.549.535.528.521.507.479;3917/83:472.465.451.444.437.423.416.388.381;1715/2285:367.360.353.311.304
CUT|fijo-1|marco=2400@45°.2400@45°.1800@45°.1800@45°|travesanos=|hojas=|junquillos=2400@90°.2400@90°.1800@90°.1800@90°
CUT|corr-1|marco=2400@45°.2400@45°.1800@45°.1800@45°|travesanos=|hojas=2384@45°.2384@45°.1784@45°.1784@45°|junquillos=2384@90°.2384@90°.1784@90°.1784@90°
CUT|corr-2-moviles|marco=2400@45°.2400@45°.1800@45°.1800@45°|travesanos=1800@90°|hojas=1202@45°.1202@45°.1784@45°.1784@45°.1202@45°.1202@45°.1784@45°.1784@45°|junquillos=1202@90°.1202@90°.1784@90°.1784@90°.1202@90°.1202@90°.1784@90°.1784@90°
CUT|corr-2-fija-movil|marco=2400@45°.2400@45°.1800@45°.1800@45°|travesanos=1800@90°|hojas=1202@45°.1202@45°.1784@45°.1784@45°.1202@45°.1202@45°.1784@45°.1784@45°|junquillos=1202@90°.1202@90°.1784@90°.1784@90°.1202@90°.1202@90°.1784@90°.1784@90°
CUT|corr-3|marco=2400@45°.2400@45°.1800@45°.1800@45°|travesanos=1800@90°.1800@90°|hojas=802@45°.802@45°.1784@45°.1784@45°.820@45°.820@45°.1784@45°.1784@45°.802@45°.802@45°.1784@45°.1784@45°|junquillos=802@90°.802@90°.1784@90°.1784@90°.820@90°.820@90°.1784@90°.1784@90°.802@90°.802@90°.1784@90°.1784@90°
CUT|corr-4|marco=2400@45°.2400@45°.1800@45°.1800@45°|travesanos=1800@90°.1800@90°.1800@90°|hojas=602@45°.602@45°.1784@45°.1784@45°.620@45°.620@45°.1784@45°.1784@45°.620@45°.620@45°.1784@45°.1784@45°.602@45°.602@45°.1784@45°.1784@45°|junquillos=602@90°.602@90°.1784@90°.1784@90°.620@90°.620@90°.1784@90°.1784@90°.620@90°.620@90°.1784@90°.1784@90°.602@90°.602@90°.1784@90°.1784@90°
CUT|abatible|marco=2400@45°.2400@45°.1800@45°.1800@45°|travesanos=|hojas=2400@45°.2400@45°.1800@45°.1800@45°|junquillos=2400@90°.2400@90°.1800@90°.1800@90°
CUT|oscilo|marco=2400@45°.2400@45°.1800@45°.1800@45°|travesanos=|hojas=2400@45°.2400@45°.1800@45°.1800@45°|junquillos=2400@90°.2400@90°.1800@90°.1800@90°
CUT|proyectante|marco=2400@45°.2400@45°.1800@45°.1800@45°|travesanos=|hojas=2400@45°.2400@45°.1800@45°.1800@45°|junquillos=2400@90°.2400@90°.1800@90°.1800@90°
CUT|puerta-1|marco=2400@45°.2400@45°.1800@45°.1800@45°|travesanos=|hojas=2400@45°.2400@45°.1800@45°.1800@45°|junquillos=2400@90°.2400@90°.1800@90°.1800@90°
CUT|puerta-2|marco=2400@45°.2400@45°.1800@45°.1800@45°|travesanos=1800@90°|hojas=1200@45°.1200@45°.1800@45°.1800@45°.1200@45°.1200@45°.1800@45°.1800@45°|junquillos=1200@90°.1200@90°.1800@90°.1800@90°.1200@90°.1200@90°.1800@90°.1800@90°
CUT|combinado-fijo-corr|marco=2400@45°.2400@45°.1800@45°.1800@45°|travesanos=2400@90°.1170@90°|hojas=1202@45°.1202@45°.1162@45°.1162@45°.1202@45°.1202@45°.1162@45°.1162@45°|junquillos=2400@90°.2400@90°.630@90°.630@90°.1202@90°.1202@90°.1162@90°.1162@90°.1202@90°.1202@90°.1162@90°.1162@90°
CONST|BAR=5800|KERF=5
